Loading user config located at: '/scratch2/agustin/miniforge3/envs/env_isaaclab/lib/python3.11/site-packages/isaacsim/kit/data/Kit/Isaac-Sim/5.1/user.config.json'
[Info] [carb] Logging to file: /scratch2/agustin/miniforge3/envs/env_isaaclab/lib/python3.11/site-packages/isaacsim/kit/logs/Kit/Isaac-Sim/5.1/kit_20260908_192243.log
2026-09-09T02:22:44Z [532ms] [Warning] [carb.windowing-glfw.plugin] GLFW initialization failed.
2026-09-09T02:22:44Z [532ms] [Warning] [carb] Failed to startup plugin carb.windowing-glfw.plugin (interfaces: [carb::windowing::IGLContext v1.0],[carb::windowing::IWindowing v1.5]) (impl: carb.windowing-glfw.plugin)
2026-09-09T02:22:44Z [583ms] [Warning] [omni.platforminfo.plugin] failed to open the default display.  Can't verify X Server version.

|---------------------------------------------------------------------------------------------|
| Driver Version: 560.35.05     | Graphics API: Vulkan
|=============================================================================================|
| GPU | Name                             | Active | LDA | GPU Memory | Vendor-ID | LUID       |
|     |                                  |        |     |            | Device-ID | UUID       |
|     |                                  |        |     |            | Bus-ID    |            |
|---------------------------------------------------------------------------------------------|
| 0   | NVIDIA TITAN RTX                 | Yes: 0 |     | 24822   MB | 10de      | 0          |
|     |                                  |        |     |            | 1e02      | 61ac89bf.. |
|     |                                  |        |     |            | 41        |            |
|=============================================================================================|
| OS: 24.04.4 LTS (Noble Numbat) ubuntu, Version: 24.04.4, Kernel: 6.8.0-139-generic
| Processor: AMD Ryzen Threadripper PRO 5965WX 24-Cores
| Cores: 24 | Logical Cores: 48
|---------------------------------------------------------------------------------------------|
| Total Memory (MB): 128634 | Free Memory: 48806
| Total Page/Swap (MB): 8191 | Free Page/Swap: 0
|---------------------------------------------------------------------------------------------|
2026-09-09T02:22:45Z [1,671ms] [Warning] [gpu.foundation.plugin] IOMMU is enabled.
2026-09-09T02:22:46Z [3,241ms] [Warning] [carb.windowing-glfw.plugin] GLFW initialization failed.
2026-09-09T02:22:46Z [3,241ms] [Warning] [carb] Failed to startup plugin carb.windowing-glfw.plugin (interfaces: [carb::windowing::IGLContext v1.0],[carb::windowing::IWindowing v1.5]) (impl: carb.windowing-glfw.plugin)
2026-09-09T02:22:46Z [3,268ms] [Warning] [carb.windowing-glfw.plugin] GLFW initialization failed.
2026-09-09T02:22:46Z [3,268ms] [Warning] [carb] Failed to startup plugin carb.windowing-glfw.plugin (interfaces: [carb::windowing::IGLContext v1.0],[carb::windowing::IWindowing v1.5]) (impl: carb.windowing-glfw.plugin)
2026-09-09T02:22:46Z [3,279ms] [Warning] [carb.windowing-glfw.plugin] GLFW initialization failed.
2026-09-09T02:22:46Z [3,280ms] [Warning] [carb] Failed to startup plugin carb.windowing-glfw.plugin (interfaces: [carb::windowing::IGLContext v1.0],[carb::windowing::IWindowing v1.5]) (impl: carb.windowing-glfw.plugin)
2026-09-09T02:22:46Z [3,304ms] [Warning] [carb.windowing-glfw.plugin] GLFW initialization failed.
2026-09-09T02:22:46Z [3,304ms] [Warning] [carb] Failed to startup plugin carb.windowing-glfw.plugin (interfaces: [carb::windowing::IGLContext v1.0],[carb::windowing::IWindowing v1.5]) (impl: carb.windowing-glfw.plugin)
2026-09-09T02:22:46Z [3,306ms] [Warning] [carb.windowing-glfw.plugin] GLFW initialization failed.
2026-09-09T02:22:46Z [3,306ms] [Warning] [carb] Failed to startup plugin carb.windowing-glfw.plugin (interfaces: [carb::windowing::IGLContext v1.0],[carb::windowing::IWindowing v1.5]) (impl: carb.windowing-glfw.plugin)
2026-09-09T02:22:46Z [3,308ms] [Warning] [carb.windowing-glfw.plugin] GLFW initialization failed.
2026-09-09T02:22:46Z [3,308ms] [Warning] [carb] Failed to startup plugin carb.windowing-glfw.plugin (interfaces: [carb::windowing::IGLContext v1.0],[carb::windowing::IWindowing v1.5]) (impl: carb.windowing-glfw.plugin)
2026-09-09T02:22:47Z [3,910ms] [Warning] [omni.log] Source: omni.hydra was already registered.
2026-09-09T02:22:48Z [4,787ms] [Warning] [carb] Acquiring non optional plugin interface which is not listed as dependency: [omni::physx::IPhysxBenchmarks v1.0] (plugin: <default plugin>), by client: omni.physics.physx.plugin. Add it to CARB_PLUGIN_IMPL_DEPS() macro of a client.
2026-09-09T02:22:48Z [4,819ms] [Warning] [omni.isaac.dynamic_control] omni.isaac.dynamic_control is deprecated as of Isaac Sim 4.5. No action is needed from end-users.
2026-09-09T02:22:55Z [12,048ms] [Warning] [pxr.Semantics] pxr.Semantics is deprecated - please use Semantics instead
2026-09-09T02:22:56Z [12,473ms] [Warning] [omni.graph.core.plugin] Found duplicate of category 'Replicator' - was 'Annotators', adding 'Fabric Reader'
2026-09-09T02:22:56Z [12,473ms] [Warning] [omni.graph.core.plugin] Category 'Replicator' not accepted on node type 'omni.replicator.core.FabricReader' in extension 'omni.replicator.core'
2026-09-09T02:22:56Z [12,474ms] [Warning] [omni.replicator.core.scripts.extension] No material configuration file, adding configuration to material settings directly.
[INFO][AppLauncher]: Using device: cuda:0
[INFO][AppLauncher]: Loading experience file: /scratch2/dima/IsaacLab/apps/isaaclab.python.headless.rendering.kit
[sim] dt=0.01 decimation=1 -> control_dt=10.0 ms (100 Hz)
[env] gym.make Isaac-Drone-Warehouse-Gates-Vision-Crazyflie-Play-WithSensors-Coll-v0

[36m===================================================================================================================================================================[0m
[36m[1m[INFO][IsaacLab]: Logging to file: /scratch/agustin/xpurt-dev-sync/results/codesign_feedback/strengthen_campaign/tmp/isaaclab/logs/isaaclab_2026-09-08_19-23-13.log[0m
[36m===================================================================================================================================================================[0m

[33m19:23:13 [simulation_context.py] WARNING: The `enable_external_forces_every_iteration` parameter in the PhysxCfg is set to False. If you are experiencing noisy velocities, consider enabling this flag. You may need to slightly increase the number of velocity iterations (setting it to 1 or 2 rather than 0), together with this flag, to improve the accuracy of velocity updates.[0m
[INFO]: Base environment:
	Environment device    : cuda:0
	Environment seed      : None
	Physics step-size     : 0.01
	Rendering step-size   : 0.01
	Environment step-size : 0.01
[INFO]: Time taken for scene creation : 15.781067 seconds
[INFO]: Scene manager:  <class InteractiveScene>
	Number of environments: 1
	Environment spacing   : 40.0
	Source prim name      : /World/envs/env_0
	Global prim paths     : []
	Replicate physics     : True
[INFO]: Starting the simulation. This may take a few seconds. Please wait...
[INFO]: Time taken for simulation start : 46.342094 seconds
[INFO] Command Manager:  <CommandManager> contains 1 active terms.
+---------------------------------------+
|          Active Command Terms         |
+-------+------+------------------------+
| Index | Name |          Type          |
+-------+------+------------------------+
|   0   | goal | FixedGateCourseCommand |
+-------+------+------------------------+

[INFO] Event Manager:  <EventManager> contains 2 active terms.
+------------------------------------+
| Active Event Terms in Mode: 'reset' |
+----------+-------------------------+
|  Index   | Name                    |
+----------+-------------------------+
|    0     | reset_base              |
|    1     | reset_obstacles         |
|    2     | randomize_light         |
+----------+-------------------------+
+-------------------------------------------------+
|      Active Event Terms in Mode: 'interval'     |
+-------+---------------+-------------------------+
| Index | Name          | Interval time range (s) |
+-------+---------------+-------------------------+
|   0   | move_people   |        (0.0, 0.0)       |
|   1   | move_forklift |        (0.0, 0.0)       |
+-------+---------------+-------------------------+

[INFO] Recorder Manager:  <RecorderManager> contains 0 active terms.
+---------------------+
| Active Recorder Terms |
+-----------+---------+
|   Index   | Name    |
+-----------+---------+
+-----------+---------+

[INFO] Action Manager:  <ActionManager> contains 1 active terms.
+-----------------------------------+
|   Active Action Terms (shape: 4)  |
+--------+------------+-------------+
| Index  | Name       |   Dimension |
+--------+------------+-------------+
|   0    | velocity   |           4 |
+--------+------------+-------------+

[INFO] Observation Manager: <ObservationManager> contains 1 groups.
+---------------------------------------------------------+
| Active Observation Terms in Group: 'policy' (shape: (33,)) |
+-----------+---------------------------------+-----------+
|   Index   | Name                            |   Shape   |
+-----------+---------------------------------+-----------+
|     0     | base_lin_vel                    |    (3,)   |
|     1     | base_ang_vel                    |    (3,)   |
|     2     | projected_gravity               |    (3,)   |
|     3     | base_height                     |    (1,)   |
|     4     | goal                            |    (4,)   |
|     5     | obstacles                       |   (15,)   |
|     6     | last_action                     |    (4,)   |
+-----------+---------------------------------+-----------+

[INFO] Termination Manager:  <TerminationManager> contains 3 active terms.
+---------------------------------+
|     Active Termination Terms    |
+-------+--------------+----------+
| Index | Name         | Time Out |
+-------+--------------+----------+
|   0   | time_out     |   True   |
|   1   | crash_ground |  False   |
|   2   | collision    |  False   |
+-------+--------------+----------+

[INFO] Reward Manager:  <RewardManager> contains 5 active terms.
+---------------------------------+
|       Active Reward Terms       |
+-------+----------------+--------+
| Index | Name           | Weight |
+-------+----------------+--------+
|   0   | navigation     |    1.0 |
|   1   | gate_pass      |   20.0 |
|   2   | course_done    |    5.0 |
|   3   | collision      | -100.0 |
|   4   | success_metric |    1.0 |
+-------+----------------+--------+

[INFO] Curriculum Manager:  <CurriculumManager> contains 1 active terms.
+---------------------------+
|  Active Curriculum Terms  |
+--------+------------------+
| Index  | Name             |
+--------+------------------+
|   0    | obstacle_count   |
+--------+------------------+

[INFO]: Completed setting up the environment...
[sched] latency=8.0 ms, control_dt=10.0 ms -> refresh every 1 step(s) (100 Hz effective command rate)
[percep] latency=0.0 ms -> delay 0 step(s) (act on perception 0.0 ms old)
[nav] FusedSensorNet out_dim=2 vision=cnn loaded: /scratch/agustin/projects/DIMA/XPU-RT/sims/models/warehouse/nav_fused_v12_cnn.pt
[ctrl] actor arch inferred from ckpt: [16, 256, 128, 64, 4]
[ctrl] RL/MLP controller loaded: /scratch/agustin/projects/DIMA/XPU-RT/sims/models/warehouse/rl_controller_velctrl_dr4.pt (moment_scale=0.0055)
[yolo] warehouse detector loaded: /scratch/agustin/projects/DIMA/XPU-RT/sims/models/warehouse/yolov8n_gate_person_128x192.pt
[demo] hid 132 roof prims for the overhead view
[demo] overhead K fx=849.3 cx=640.0  pos=[         -8        13.5          13]  quat=[          0       0.707       0.707          -0]
[demo] FIXED iso cam eye=[        -13        -0.5          13] -> center=[         -8        13.5           2] (offset (-5.0, -14.0, 11.0))
[gantt] embedded XPU-RT schedule: /scratch2/agustin/XPU-RT/schedules/scheduled_networks_k1_live_stack_cpsat_profiled.json (333 dispatches, makespan 90.0 ms)
[ep00] seed=1000 outcome=success   gates=4/4 steps=1477 crash_type=-
2026-09-09T02:23:03Z [19,760ms] [Warning] [omni.fabric.plugin] Warning: attribute viewportHandle not found for bucket id 7

2026-09-09T02:23:13Z [30,199ms] [Warning] [isaaclab.envs.manager_based_env] Seed not set for the environment. The environment creation may not be deterministic.
2026-09-09T02:23:47Z [64,303ms] [Warning] [carb] Client omni.hydratexture.plugin has acquired [carb::settings::ISettings v1.0] 100 times. Consider accessing this interface with carb::getCachedInterface() (Performance warning)
2026-09-09T02:23:47Z [64,324ms] [Warning] [carb] Client omni.hydratexture.plugin has acquired [carb::dictionary::IDictionary v1.1] 100 times. Consider accessing this interface with carb::getCachedInterface() (Performance warning)
2026-09-09T02:24:11Z [87,911ms] [Warning] [rtx.postprocessing.plugin] DLSS increasing input dimensions: Render resolution of (186, 139) is below minimal input resolution of 300.
2026-09-09T02:24:11Z [87,925ms] [Warning] [rtx.postprocessing.plugin] DLSS Skipped: Target resolution below 64x64.
2026-09-09T02:24:28Z [105,110ms] [Warning] [carb] Client gpu.foundation.plugin has acquired [gpu::unstable::IMemoryBudgetManagerFactory v0.1] 100 times. Consider accessing this interface with carb::getCachedInterface() (Performance warning)
2026-09-09T02:27:04Z [261,206ms] [Error] [omni.syntheticdata.plugin] OgnSdOnNewFrame : frames [1585|30, 1585|30] discarded
[term] ep01 seed=1001 terms=collision -> crash/clip
[ep01] seed=1001 outcome=crash     gates=1/4 steps=503 crash_type=clip
[ep02] seed=1002 outcome=success   gates=4/4 steps=1374 crash_type=-
[term] ep03 seed=1003 terms=collision -> crash/clip
[ep03] seed=1003 outcome=crash     gates=2/4 steps=892 crash_type=clip
[ep04] seed=1004 outcome=timeout   gates=3/4 steps=1800 crash_type=-
[term] ep05 seed=1005 terms=collision -> crash/clip
[ep05] seed=1005 outcome=crash     gates=2/4 steps=1079 crash_type=clip
[SWEEP] ms=0.0055 cruise=1.0 walk=0.0 hold=0.0 SUCCESS 2/6 clip=3 ground=0  s1000:succ(4/4,1477,-) s1001:cras(1/4,503,clip) s1002:succ(4/4,1374,-) s1003:cras(2/4,892,clip) s1004:time(3/4,1800,-) s1005:cras(2/4,1079,clip)
[SWEEP-CSV] appended 6 rows -> /scratch/agustin/xpurt-dev-sync/results/codesign_feedback/hil_ablation_courseB.csv
[out] wrote out/v12_crowded_sensor_demo.mp4
Loading user config located at: '/scratch2/agustin/miniforge3/envs/env_isaaclab/lib/python3.11/site-packages/isaacsim/kit/data/Kit/Isaac-Sim/5.1/user.config.json'
[Info] [carb] Logging to file: /scratch2/agustin/miniforge3/envs/env_isaaclab/lib/python3.11/site-packages/isaacsim/kit/logs/Kit/Isaac-Sim/5.1/kit_20260908_193540.log
2026-09-09T02:35:41Z [715ms] [Warning] [carb.windowing-glfw.plugin] GLFW initialization failed.
2026-09-09T02:35:41Z [715ms] [Warning] [carb] Failed to startup plugin carb.windowing-glfw.plugin (interfaces: [carb::windowing::IGLContext v1.0],[carb::windowing::IWindowing v1.5]) (impl: carb.windowing-glfw.plugin)
2026-09-09T02:35:41Z [750ms] [Warning] [omni.platforminfo.plugin] failed to open the default display.  Can't verify X Server version.

|---------------------------------------------------------------------------------------------|
| Driver Version: 560.35.05     | Graphics API: Vulkan
|=============================================================================================|
| GPU | Name                             | Active | LDA | GPU Memory | Vendor-ID | LUID       |
|     |                                  |        |     |            | Device-ID | UUID       |
|     |                                  |        |     |            | Bus-ID    |            |
|---------------------------------------------------------------------------------------------|
| 0   | NVIDIA TITAN RTX                 | Yes: 0 |     | 24822   MB | 10de      | 0          |
|     |                                  |        |     |            | 1e02      | 61ac89bf.. |
|     |                                  |        |     |            | 41        |            |
|=============================================================================================|
| OS: 24.04.4 LTS (Noble Numbat) ubuntu, Version: 24.04.4, Kernel: 6.8.0-139-generic
| Processor: AMD Ryzen Threadripper PRO 5965WX 24-Cores
| Cores: 24 | Logical Cores: 48
|---------------------------------------------------------------------------------------------|
| Total Memory (MB): 128634 | Free Memory: 83261
| Total Page/Swap (MB): 8191 | Free Page/Swap: 0
|---------------------------------------------------------------------------------------------|
2026-09-09T02:35:42Z [1,776ms] [Warning] [gpu.foundation.plugin] IOMMU is enabled.
2026-09-09T02:35:44Z [3,446ms] [Warning] [carb.windowing-glfw.plugin] GLFW initialization failed.
2026-09-09T02:35:44Z [3,446ms] [Warning] [carb] Failed to startup plugin carb.windowing-glfw.plugin (interfaces: [carb::windowing::IGLContext v1.0],[carb::windowing::IWindowing v1.5]) (impl: carb.windowing-glfw.plugin)
2026-09-09T02:35:44Z [3,470ms] [Warning] [carb.windowing-glfw.plugin] GLFW initialization failed.
2026-09-09T02:35:44Z [3,470ms] [Warning] [carb] Failed to startup plugin carb.windowing-glfw.plugin (interfaces: [carb::windowing::IGLContext v1.0],[carb::windowing::IWindowing v1.5]) (impl: carb.windowing-glfw.plugin)
2026-09-09T02:35:44Z [3,478ms] [Warning] [carb.windowing-glfw.plugin] GLFW initialization failed.
2026-09-09T02:35:44Z [3,478ms] [Warning] [carb] Failed to startup plugin carb.windowing-glfw.plugin (interfaces: [carb::windowing::IGLContext v1.0],[carb::windowing::IWindowing v1.5]) (impl: carb.windowing-glfw.plugin)
2026-09-09T02:35:44Z [3,505ms] [Warning] [carb.windowing-glfw.plugin] GLFW initialization failed.
2026-09-09T02:35:44Z [3,505ms] [Warning] [carb] Failed to startup plugin carb.windowing-glfw.plugin (interfaces: [carb::windowing::IGLContext v1.0],[carb::windowing::IWindowing v1.5]) (impl: carb.windowing-glfw.plugin)
2026-09-09T02:35:44Z [3,506ms] [Warning] [carb.windowing-glfw.plugin] GLFW initialization failed.
2026-09-09T02:35:44Z [3,506ms] [Warning] [carb] Failed to startup plugin carb.windowing-glfw.plugin (interfaces: [carb::windowing::IGLContext v1.0],[carb::windowing::IWindowing v1.5]) (impl: carb.windowing-glfw.plugin)
2026-09-09T02:35:44Z [3,508ms] [Warning] [carb.windowing-glfw.plugin] GLFW initialization failed.
2026-09-09T02:35:44Z [3,508ms] [Warning] [carb] Failed to startup plugin carb.windowing-glfw.plugin (interfaces: [carb::windowing::IGLContext v1.0],[carb::windowing::IWindowing v1.5]) (impl: carb.windowing-glfw.plugin)
2026-09-09T02:35:44Z [3,989ms] [Warning] [omni.log] Source: omni.hydra was already registered.
2026-09-09T02:35:45Z [4,749ms] [Warning] [carb] Acquiring non optional plugin interface which is not listed as dependency: [omni::physx::IPhysxBenchmarks v1.0] (plugin: <default plugin>), by client: omni.physics.physx.plugin. Add it to CARB_PLUGIN_IMPL_DEPS() macro of a client.
2026-09-09T02:35:45Z [4,773ms] [Warning] [omni.isaac.dynamic_control] omni.isaac.dynamic_control is deprecated as of Isaac Sim 4.5. No action is needed from end-users.
2026-09-09T02:35:50Z [9,798ms] [Warning] [pxr.Semantics] pxr.Semantics is deprecated - please use Semantics instead
2026-09-09T02:35:51Z [10,668ms] [Warning] [omni.graph.core.plugin] Found duplicate of category 'Replicator' - was 'Annotators', adding 'Fabric Reader'
2026-09-09T02:35:51Z [10,668ms] [Warning] [omni.graph.core.plugin] Category 'Replicator' not accepted on node type 'omni.replicator.core.FabricReader' in extension 'omni.replicator.core'
2026-09-09T02:35:51Z [10,672ms] [Warning] [omni.replicator.core.scripts.extension] No material configuration file, adding configuration to material settings directly.
[INFO][AppLauncher]: Using device: cuda:0
[INFO][AppLauncher]: Loading experience file: /scratch2/dima/IsaacLab/apps/isaaclab.python.headless.rendering.kit
[sim] dt=0.01 decimation=1 -> control_dt=10.0 ms (100 Hz)
[env] gym.make Isaac-Drone-Warehouse-Gates-Vision-Crazyflie-Play-WithSensors-Coll-v0

[36m===================================================================================================================================================================[0m
[36m[1m[INFO][IsaacLab]: Logging to file: /scratch/agustin/xpurt-dev-sync/results/codesign_feedback/strengthen_campaign/tmp/isaaclab/logs/isaaclab_2026-09-08_19-36-02.log[0m
[36m===================================================================================================================================================================[0m

[33m19:36:02 [simulation_context.py] WARNING: The `enable_external_forces_every_iteration` parameter in the PhysxCfg is set to False. If you are experiencing noisy velocities, consider enabling this flag. You may need to slightly increase the number of velocity iterations (setting it to 1 or 2 rather than 0), together with this flag, to improve the accuracy of velocity updates.[0m
[INFO]: Base environment:
	Environment device    : cuda:0
	Environment seed      : None
	Physics step-size     : 0.01
	Rendering step-size   : 0.01
	Environment step-size : 0.01
[INFO]: Time taken for scene creation : 13.446315 seconds
[INFO]: Scene manager:  <class InteractiveScene>
	Number of environments: 1
	Environment spacing   : 40.0
	Source prim name      : /World/envs/env_0
	Global prim paths     : []
	Replicate physics     : True
[INFO]: Starting the simulation. This may take a few seconds. Please wait...
[INFO]: Time taken for simulation start : 29.946456 seconds
[INFO] Command Manager:  <CommandManager> contains 1 active terms.
+---------------------------------------+
|          Active Command Terms         |
+-------+------+------------------------+
| Index | Name |          Type          |
+-------+------+------------------------+
|   0   | goal | FixedGateCourseCommand |
+-------+------+------------------------+

[INFO] Event Manager:  <EventManager> contains 2 active terms.
+------------------------------------+
| Active Event Terms in Mode: 'reset' |
+----------+-------------------------+
|  Index   | Name                    |
+----------+-------------------------+
|    0     | reset_base              |
|    1     | reset_obstacles         |
|    2     | randomize_light         |
+----------+-------------------------+
+-------------------------------------------------+
|      Active Event Terms in Mode: 'interval'     |
+-------+---------------+-------------------------+
| Index | Name          | Interval time range (s) |
+-------+---------------+-------------------------+
|   0   | move_people   |        (0.0, 0.0)       |
|   1   | move_forklift |        (0.0, 0.0)       |
+-------+---------------+-------------------------+

[INFO] Recorder Manager:  <RecorderManager> contains 0 active terms.
+---------------------+
| Active Recorder Terms |
+-----------+---------+
|   Index   | Name    |
+-----------+---------+
+-----------+---------+

[INFO] Action Manager:  <ActionManager> contains 1 active terms.
+-----------------------------------+
|   Active Action Terms (shape: 4)  |
+--------+------------+-------------+
| Index  | Name       |   Dimension |
+--------+------------+-------------+
|   0    | velocity   |           4 |
+--------+------------+-------------+

[INFO] Observation Manager: <ObservationManager> contains 1 groups.
+---------------------------------------------------------+
| Active Observation Terms in Group: 'policy' (shape: (33,)) |
+-----------+---------------------------------+-----------+
|   Index   | Name                            |   Shape   |
+-----------+---------------------------------+-----------+
|     0     | base_lin_vel                    |    (3,)   |
|     1     | base_ang_vel                    |    (3,)   |
|     2     | projected_gravity               |    (3,)   |
|     3     | base_height                     |    (1,)   |
|     4     | goal                            |    (4,)   |
|     5     | obstacles                       |   (15,)   |
|     6     | last_action                     |    (4,)   |
+-----------+---------------------------------+-----------+

[INFO] Termination Manager:  <TerminationManager> contains 3 active terms.
+---------------------------------+
|     Active Termination Terms    |
+-------+--------------+----------+
| Index | Name         | Time Out |
+-------+--------------+----------+
|   0   | time_out     |   True   |
|   1   | crash_ground |  False   |
|   2   | collision    |  False   |
+-------+--------------+----------+

[INFO] Reward Manager:  <RewardManager> contains 5 active terms.
+---------------------------------+
|       Active Reward Terms       |
+-------+----------------+--------+
| Index | Name           | Weight |
+-------+----------------+--------+
|   0   | navigation     |    1.0 |
|   1   | gate_pass      |   20.0 |
|   2   | course_done    |    5.0 |
|   3   | collision      | -100.0 |
|   4   | success_metric |    1.0 |
+-------+----------------+--------+

[INFO] Curriculum Manager:  <CurriculumManager> contains 1 active terms.
+---------------------------+
|  Active Curriculum Terms  |
+--------+------------------+
| Index  | Name             |
+--------+------------------+
|   0    | obstacle_count   |
+--------+------------------+

[INFO]: Completed setting up the environment...
[sched] latency=18.0 ms, control_dt=10.0 ms -> refresh every 2 step(s) (50 Hz effective command rate)
[percep] latency=0.0 ms -> delay 0 step(s) (act on perception 0.0 ms old)
[nav] FusedSensorNet out_dim=2 vision=cnn loaded: /scratch/agustin/projects/DIMA/XPU-RT/sims/models/warehouse/nav_fused_v12_cnn.pt
[ctrl] actor arch inferred from ckpt: [16, 256, 128, 64, 4]
[ctrl] RL/MLP controller loaded: /scratch/agustin/projects/DIMA/XPU-RT/sims/models/warehouse/rl_controller_velctrl_dr4.pt (moment_scale=0.0055)
[yolo] warehouse detector loaded: /scratch/agustin/projects/DIMA/XPU-RT/sims/models/warehouse/yolov8n_gate_person_128x192.pt
[demo] hid 132 roof prims for the overhead view
[demo] overhead K fx=849.3 cx=640.0  pos=[         -8        13.5          13]  quat=[          0       0.707       0.707          -0]
[demo] FIXED iso cam eye=[        -13        -0.5          13] -> center=[         -8        13.5           2] (offset (-5.0, -14.0, 11.0))
[gantt] embedded XPU-RT schedule: /scratch2/agustin/XPU-RT/schedules/scheduled_networks_k1_live_stack_cpsat_profiled.json (333 dispatches, makespan 90.0 ms)
[ep00] seed=1000 outcome=success   gates=4/4 steps=1419 crash_type=-
[term] ep01 seed=1001 terms=collision -> crash/clip
[ep01] seed=1001 outcome=crash     gates=3/4 steps=1211 crash_type=clip
[ep02] seed=1002 outcome=success   gates=4/4 steps=1423 crash_type=-
[term] ep03 seed=1003 terms=collision -> crash/clip
[ep03] seed=1003 outcome=crash     gates=3/4 steps=1325 crash_type=clip
[ep04] seed=1004 outcome=success   gates=4/4 steps=1421 crash_type=-
[ep05] seed=1005 outcome=success   gates=4/4 steps=1375 crash_type=-
[SWEEP] ms=0.0055 cruise=1.0 walk=0.0 hold=0.0 SUCCESS 4/6 clip=2 ground=0  s1000:succ(4/4,1419,-) s1001:cras(3/4,1211,clip) s1002:succ(4/4,1423,-) s1003:cras(3/4,1325,clip) s1004:succ(4/4,1421,-) s1005:succ(4/4,1375,-)
[SWEEP-CSV] appended 6 rows -> /scratch/agustin/xpurt-dev-sync/results/codesign_feedback/hil_ablation_courseB.csv
[out] wrote out/v12_crowded_sensor_demo.mp4
Loading user config located at: '/scratch2/agustin/miniforge3/envs/env_isaaclab/lib/python3.11/site-packages/isaacsim/kit/data/Kit/Isaac-Sim/5.1/user.config.json'
[Info] [carb] Logging to file: /scratch2/agustin/miniforge3/envs/env_isaaclab/lib/python3.11/site-packages/isaacsim/kit/logs/Kit/Isaac-Sim/5.1/kit_20260908_194743.log
2026-09-09T02:47:44Z [436ms] [Warning] [carb.windowing-glfw.plugin] GLFW initialization failed.
2026-09-09T02:47:44Z [436ms] [Warning] [carb] Failed to startup plugin carb.windowing-glfw.plugin (interfaces: [carb::windowing::IGLContext v1.0],[carb::windowing::IWindowing v1.5]) (impl: carb.windowing-glfw.plugin)
2026-09-09T02:47:44Z [464ms] [Warning] [omni.platforminfo.plugin] failed to open the default display.  Can't verify X Server version.

|---------------------------------------------------------------------------------------------|
| Driver Version: 560.35.05     | Graphics API: Vulkan
|=============================================================================================|
| GPU | Name                             | Active | LDA | GPU Memory | Vendor-ID | LUID       |
|     |                                  |        |     |            | Device-ID | UUID       |
|     |                                  |        |     |            | Bus-ID    |            |
|---------------------------------------------------------------------------------------------|
| 0   | NVIDIA TITAN RTX                 | Yes: 0 |     | 24822   MB | 10de      | 0          |
|     |                                  |        |     |            | 1e02      | 61ac89bf.. |
|     |                                  |        |     |            | 41        |            |
|=============================================================================================|
| OS: 24.04.4 LTS (Noble Numbat) ubuntu, Version: 24.04.4, Kernel: 6.8.0-139-generic
| Processor: AMD Ryzen Threadripper PRO 5965WX 24-Cores
| Cores: 24 | Logical Cores: 48
|---------------------------------------------------------------------------------------------|
| Total Memory (MB): 128634 | Free Memory: 79008
| Total Page/Swap (MB): 8191 | Free Page/Swap: 3
|---------------------------------------------------------------------------------------------|
2026-09-09T02:47:45Z [1,312ms] [Warning] [gpu.foundation.plugin] IOMMU is enabled.
2026-09-09T02:47:45Z [2,092ms] [Warning] [carb.windowing-glfw.plugin] GLFW initialization failed.
2026-09-09T02:47:45Z [2,092ms] [Warning] [carb] Failed to startup plugin carb.windowing-glfw.plugin (interfaces: [carb::windowing::IGLContext v1.0],[carb::windowing::IWindowing v1.5]) (impl: carb.windowing-glfw.plugin)
2026-09-09T02:47:45Z [2,109ms] [Warning] [carb.windowing-glfw.plugin] GLFW initialization failed.
2026-09-09T02:47:45Z [2,109ms] [Warning] [carb] Failed to startup plugin carb.windowing-glfw.plugin (interfaces: [carb::windowing::IGLContext v1.0],[carb::windowing::IWindowing v1.5]) (impl: carb.windowing-glfw.plugin)
2026-09-09T02:47:45Z [2,117ms] [Warning] [carb.windowing-glfw.plugin] GLFW initialization failed.
2026-09-09T02:47:45Z [2,117ms] [Warning] [carb] Failed to startup plugin carb.windowing-glfw.plugin (interfaces: [carb::windowing::IGLContext v1.0],[carb::windowing::IWindowing v1.5]) (impl: carb.windowing-glfw.plugin)
2026-09-09T02:47:45Z [2,128ms] [Warning] [carb.windowing-glfw.plugin] GLFW initialization failed.
2026-09-09T02:47:45Z [2,128ms] [Warning] [carb] Failed to startup plugin carb.windowing-glfw.plugin (interfaces: [carb::windowing::IGLContext v1.0],[carb::windowing::IWindowing v1.5]) (impl: carb.windowing-glfw.plugin)
2026-09-09T02:47:45Z [2,130ms] [Warning] [carb.windowing-glfw.plugin] GLFW initialization failed.
2026-09-09T02:47:45Z [2,130ms] [Warning] [carb] Failed to startup plugin carb.windowing-glfw.plugin (interfaces: [carb::windowing::IGLContext v1.0],[carb::windowing::IWindowing v1.5]) (impl: carb.windowing-glfw.plugin)
2026-09-09T02:47:45Z [2,131ms] [Warning] [carb.windowing-glfw.plugin] GLFW initialization failed.
2026-09-09T02:47:45Z [2,131ms] [Warning] [carb] Failed to startup plugin carb.windowing-glfw.plugin (interfaces: [carb::windowing::IGLContext v1.0],[carb::windowing::IWindowing v1.5]) (impl: carb.windowing-glfw.plugin)
2026-09-09T02:47:46Z [2,348ms] [Warning] [omni.log] Source: omni.hydra was already registered.
2026-09-09T02:47:46Z [2,750ms] [Warning] [carb] Acquiring non optional plugin interface which is not listed as dependency: [omni::physx::IPhysxBenchmarks v1.0] (plugin: <default plugin>), by client: omni.physics.physx.plugin. Add it to CARB_PLUGIN_IMPL_DEPS() macro of a client.
2026-09-09T02:47:46Z [2,763ms] [Warning] [omni.isaac.dynamic_control] omni.isaac.dynamic_control is deprecated as of Isaac Sim 4.5. No action is needed from end-users.
2026-09-09T02:47:50Z [6,226ms] [Warning] [pxr.Semantics] pxr.Semantics is deprecated - please use Semantics instead
2026-09-09T02:47:50Z [6,396ms] [Warning] [omni.graph.core.plugin] Found duplicate of category 'Replicator' - was 'Annotators', adding 'Fabric Reader'
2026-09-09T02:47:50Z [6,396ms] [Warning] [omni.graph.core.plugin] Category 'Replicator' not accepted on node type 'omni.replicator.core.FabricReader' in extension 'omni.replicator.core'
2026-09-09T02:47:50Z [6,396ms] [Warning] [omni.replicator.core.scripts.extension] No material configuration file, adding configuration to material settings directly.
[INFO][AppLauncher]: Using device: cuda:0
[INFO][AppLauncher]: Loading experience file: /scratch2/dima/IsaacLab/apps/isaaclab.python.headless.rendering.kit
[sim] dt=0.01 decimation=1 -> control_dt=10.0 ms (100 Hz)
[env] gym.make Isaac-Drone-Warehouse-Gates-Vision-Crazyflie-Play-WithSensors-Coll-v0

[36m===================================================================================================================================================================[0m
[36m[1m[INFO][IsaacLab]: Logging to file: /scratch/agustin/xpurt-dev-sync/results/codesign_feedback/strengthen_campaign/tmp/isaaclab/logs/isaaclab_2026-09-08_19-47-59.log[0m
[36m===================================================================================================================================================================[0m

[33m19:47:59 [simulation_context.py] WARNING: The `enable_external_forces_every_iteration` parameter in the PhysxCfg is set to False. If you are experiencing noisy velocities, consider enabling this flag. You may need to slightly increase the number of velocity iterations (setting it to 1 or 2 rather than 0), together with this flag, to improve the accuracy of velocity updates.[0m
[INFO]: Base environment:
	Environment device    : cuda:0
	Environment seed      : None
	Physics step-size     : 0.01
	Rendering step-size   : 0.01
	Environment step-size : 0.01
[INFO]: Time taken for scene creation : 12.990893 seconds
[INFO]: Scene manager:  <class InteractiveScene>
	Number of environments: 1
	Environment spacing   : 40.0
	Source prim name      : /World/envs/env_0
	Global prim paths     : []
	Replicate physics     : True
[INFO]: Starting the simulation. This may take a few seconds. Please wait...
[INFO]: Time taken for simulation start : 25.509860 seconds
[INFO] Command Manager:  <CommandManager> contains 1 active terms.
+---------------------------------------+
|          Active Command Terms         |
+-------+------+------------------------+
| Index | Name |          Type          |
+-------+------+------------------------+
|   0   | goal | FixedGateCourseCommand |
+-------+------+------------------------+

[INFO] Event Manager:  <EventManager> contains 2 active terms.
+------------------------------------+
| Active Event Terms in Mode: 'reset' |
+----------+-------------------------+
|  Index   | Name                    |
+----------+-------------------------+
|    0     | reset_base              |
|    1     | reset_obstacles         |
|    2     | randomize_light         |
+----------+-------------------------+
+-------------------------------------------------+
|      Active Event Terms in Mode: 'interval'     |
+-------+---------------+-------------------------+
| Index | Name          | Interval time range (s) |
+-------+---------------+-------------------------+
|   0   | move_people   |        (0.0, 0.0)       |
|   1   | move_forklift |        (0.0, 0.0)       |
+-------+---------------+-------------------------+

[INFO] Recorder Manager:  <RecorderManager> contains 0 active terms.
+---------------------+
| Active Recorder Terms |
+-----------+---------+
|   Index   | Name    |
+-----------+---------+
+-----------+---------+

[INFO] Action Manager:  <ActionManager> contains 1 active terms.
+-----------------------------------+
|   Active Action Terms (shape: 4)  |
+--------+------------+-------------+
| Index  | Name       |   Dimension |
+--------+------------+-------------+
|   0    | velocity   |           4 |
+--------+------------+-------------+

[INFO] Observation Manager: <ObservationManager> contains 1 groups.
+---------------------------------------------------------+
| Active Observation Terms in Group: 'policy' (shape: (33,)) |
+-----------+---------------------------------+-----------+
|   Index   | Name                            |   Shape   |
+-----------+---------------------------------+-----------+
|     0     | base_lin_vel                    |    (3,)   |
|     1     | base_ang_vel                    |    (3,)   |
|     2     | projected_gravity               |    (3,)   |
|     3     | base_height                     |    (1,)   |
|     4     | goal                            |    (4,)   |
|     5     | obstacles                       |   (15,)   |
|     6     | last_action                     |    (4,)   |
+-----------+---------------------------------+-----------+

[INFO] Termination Manager:  <TerminationManager> contains 3 active terms.
+---------------------------------+
|     Active Termination Terms    |
+-------+--------------+----------+
| Index | Name         | Time Out |
+-------+--------------+----------+
|   0   | time_out     |   True   |
|   1   | crash_ground |  False   |
|   2   | collision    |  False   |
+-------+--------------+----------+

[INFO] Reward Manager:  <RewardManager> contains 5 active terms.
+---------------------------------+
|       Active Reward Terms       |
+-------+----------------+--------+
| Index | Name           | Weight |
+-------+----------------+--------+
|   0   | navigation     |    1.0 |
|   1   | gate_pass      |   20.0 |
|   2   | course_done    |    5.0 |
|   3   | collision      | -100.0 |
|   4   | success_metric |    1.0 |
+-------+----------------+--------+

[INFO] Curriculum Manager:  <CurriculumManager> contains 1 active terms.
+---------------------------+
|  Active Curriculum Terms  |
+--------+------------------+
| Index  | Name             |
+--------+------------------+
|   0    | obstacle_count   |
+--------+------------------+

[INFO]: Completed setting up the environment...
[sched] latency=28.0 ms, control_dt=10.0 ms -> refresh every 3 step(s) (33 Hz effective command rate)
[percep] latency=0.0 ms -> delay 0 step(s) (act on perception 0.0 ms old)
[nav] FusedSensorNet out_dim=2 vision=cnn loaded: /scratch/agustin/projects/DIMA/XPU-RT/sims/models/warehouse/nav_fused_v12_cnn.pt
[ctrl] actor arch inferred from ckpt: [16, 256, 128, 64, 4]
[ctrl] RL/MLP controller loaded: /scratch/agustin/projects/DIMA/XPU-RT/sims/models/warehouse/rl_controller_velctrl_dr4.pt (moment_scale=0.0055)
[yolo] warehouse detector loaded: /scratch/agustin/projects/DIMA/XPU-RT/sims/models/warehouse/yolov8n_gate_person_128x192.pt
[demo] hid 132 roof prims for the overhead view
[demo] overhead K fx=849.3 cx=640.0  pos=[         -8        13.5          13]  quat=[          0       0.707       0.707          -0]
[demo] FIXED iso cam eye=[        -13        -0.5          13] -> center=[         -8        13.5           2] (offset (-5.0, -14.0, 11.0))
[gantt] embedded XPU-RT schedule: /scratch2/agustin/XPU-RT/schedules/scheduled_networks_k1_live_stack_cpsat_profiled.json (333 dispatches, makespan 90.0 ms)
[term] ep00 seed=1000 terms=collision -> crash/clip
[ep00] seed=1000 outcome=crash     gates=2/4 steps=729 crash_type=clip
[ep01] seed=1001 outcome=timeout   gates=1/4 steps=1800 crash_type=-
[term] ep02 seed=1002 terms=collision -> crash/clip
[ep02] seed=1002 outcome=crash     gates=1/4 steps=573 crash_type=clip
[ep03] seed=1003 outcome=success   gates=4/4 steps=1616 crash_type=-
[term] ep04 seed=1004 terms=collision -> crash/clip
[ep04] seed=1004 outcome=crash     gates=1/4 steps=1743 crash_type=clip
[term] ep05 seed=1005 terms=collision -> crash/clip
[ep05] seed=1005 outcome=crash     gates=1/4 steps=469 crash_type=clip
[SWEEP] ms=0.0055 cruise=1.0 walk=0.0 hold=0.0 SUCCESS 1/6 clip=4 ground=0  s1000:cras(2/4,729,clip) s1001:time(1/4,1800,-) s1002:cras(1/4,573,clip) s1003:succ(4/4,1616,-) s1004:cras(1/4,1743,clip) s1005:cras(1/4,469,clip)
[SWEEP-CSV] appended 6 rows -> /scratch/agustin/xpurt-dev-sync/results/codesign_feedback/hil_ablation_courseB.csv
[out] wrote out/v12_crowded_sensor_demo.mp4
Loading user config located at: '/scratch2/agustin/miniforge3/envs/env_isaaclab/lib/python3.11/site-packages/isaacsim/kit/data/Kit/Isaac-Sim/5.1/user.config.json'
[Info] [carb] Logging to file: /scratch2/agustin/miniforge3/envs/env_isaaclab/lib/python3.11/site-packages/isaacsim/kit/logs/Kit/Isaac-Sim/5.1/kit_20260908_195700.log
2026-09-09T02:57:01Z [899ms] [Warning] [carb.windowing-glfw.plugin] GLFW initialization failed.
2026-09-09T02:57:01Z [899ms] [Warning] [carb] Failed to startup plugin carb.windowing-glfw.plugin (interfaces: [carb::windowing::IGLContext v1.0],[carb::windowing::IWindowing v1.5]) (impl: carb.windowing-glfw.plugin)
2026-09-09T02:57:01Z [943ms] [Warning] [omni.platforminfo.plugin] failed to open the default display.  Can't verify X Server version.

|---------------------------------------------------------------------------------------------|
| Driver Version: 560.35.05     | Graphics API: Vulkan
|=============================================================================================|
| GPU | Name                             | Active | LDA | GPU Memory | Vendor-ID | LUID       |
|     |                                  |        |     |            | Device-ID | UUID       |
|     |                                  |        |     |            | Bus-ID    |            |
|---------------------------------------------------------------------------------------------|
| 0   | NVIDIA TITAN RTX                 | Yes: 0 |     | 24822   MB | 10de      | 0          |
|     |                                  |        |     |            | 1e02      | 61ac89bf.. |
|     |                                  |        |     |            | 41        |            |
|=============================================================================================|
| OS: 24.04.4 LTS (Noble Numbat) ubuntu, Version: 24.04.4, Kernel: 6.8.0-139-generic
| Processor: AMD Ryzen Threadripper PRO 5965WX 24-Cores
| Cores: 24 | Logical Cores: 48
|---------------------------------------------------------------------------------------------|
| Total Memory (MB): 128634 | Free Memory: 76872
| Total Page/Swap (MB): 8191 | Free Page/Swap: 1
|---------------------------------------------------------------------------------------------|
2026-09-09T02:57:02Z [2,170ms] [Warning] [gpu.foundation.plugin] IOMMU is enabled.
2026-09-09T02:57:04Z [4,165ms] [Warning] [carb.windowing-glfw.plugin] GLFW initialization failed.
2026-09-09T02:57:04Z [4,165ms] [Warning] [carb] Failed to startup plugin carb.windowing-glfw.plugin (interfaces: [carb::windowing::IGLContext v1.0],[carb::windowing::IWindowing v1.5]) (impl: carb.windowing-glfw.plugin)
2026-09-09T02:57:04Z [4,195ms] [Warning] [carb.windowing-glfw.plugin] GLFW initialization failed.
2026-09-09T02:57:04Z [4,195ms] [Warning] [carb] Failed to startup plugin carb.windowing-glfw.plugin (interfaces: [carb::windowing::IGLContext v1.0],[carb::windowing::IWindowing v1.5]) (impl: carb.windowing-glfw.plugin)
2026-09-09T02:57:04Z [4,205ms] [Warning] [carb.windowing-glfw.plugin] GLFW initialization failed.
2026-09-09T02:57:04Z [4,205ms] [Warning] [carb] Failed to startup plugin carb.windowing-glfw.plugin (interfaces: [carb::windowing::IGLContext v1.0],[carb::windowing::IWindowing v1.5]) (impl: carb.windowing-glfw.plugin)
2026-09-09T02:57:04Z [4,236ms] [Warning] [carb.windowing-glfw.plugin] GLFW initialization failed.
2026-09-09T02:57:04Z [4,236ms] [Warning] [carb] Failed to startup plugin carb.windowing-glfw.plugin (interfaces: [carb::windowing::IGLContext v1.0],[carb::windowing::IWindowing v1.5]) (impl: carb.windowing-glfw.plugin)
2026-09-09T02:57:04Z [4,238ms] [Warning] [carb.windowing-glfw.plugin] GLFW initialization failed.
2026-09-09T02:57:04Z [4,238ms] [Warning] [carb] Failed to startup plugin carb.windowing-glfw.plugin (interfaces: [carb::windowing::IGLContext v1.0],[carb::windowing::IWindowing v1.5]) (impl: carb.windowing-glfw.plugin)
2026-09-09T02:57:04Z [4,239ms] [Warning] [carb.windowing-glfw.plugin] GLFW initialization failed.
2026-09-09T02:57:04Z [4,239ms] [Warning] [carb] Failed to startup plugin carb.windowing-glfw.plugin (interfaces: [carb::windowing::IGLContext v1.0],[carb::windowing::IWindowing v1.5]) (impl: carb.windowing-glfw.plugin)
2026-09-09T02:57:05Z [4,862ms] [Warning] [omni.log] Source: omni.hydra was already registered.
2026-09-09T02:57:05Z [5,605ms] [Warning] [carb] Acquiring non optional plugin interface which is not listed as dependency: [omni::physx::IPhysxBenchmarks v1.0] (plugin: <default plugin>), by client: omni.physics.physx.plugin. Add it to CARB_PLUGIN_IMPL_DEPS() macro of a client.
2026-09-09T02:57:05Z [5,630ms] [Warning] [omni.isaac.dynamic_control] omni.isaac.dynamic_control is deprecated as of Isaac Sim 4.5. No action is needed from end-users.
2026-09-09T02:57:12Z [12,531ms] [Warning] [pxr.Semantics] pxr.Semantics is deprecated - please use Semantics instead
2026-09-09T02:57:13Z [13,481ms] [Warning] [omni.graph.core.plugin] Found duplicate of category 'Replicator' - was 'Annotators', adding 'Fabric Reader'
2026-09-09T02:57:13Z [13,481ms] [Warning] [omni.graph.core.plugin] Category 'Replicator' not accepted on node type 'omni.replicator.core.FabricReader' in extension 'omni.replicator.core'
2026-09-09T02:57:13Z [13,484ms] [Warning] [omni.replicator.core.scripts.extension] No material configuration file, adding configuration to material settings directly.
[INFO][AppLauncher]: Using device: cuda:0
[INFO][AppLauncher]: Loading experience file: /scratch2/dima/IsaacLab/apps/isaaclab.python.headless.rendering.kit
[sim] dt=0.01 decimation=1 -> control_dt=10.0 ms (100 Hz)
[env] gym.make Isaac-Drone-Warehouse-Gates-Vision-Crazyflie-Play-WithSensors-Coll-v0

[36m===================================================================================================================================================================[0m
[36m[1m[INFO][IsaacLab]: Logging to file: /scratch/agustin/xpurt-dev-sync/results/codesign_feedback/strengthen_campaign/tmp/isaaclab/logs/isaaclab_2026-09-08_19-57-29.log[0m
[36m===================================================================================================================================================================[0m

[33m19:57:29 [simulation_context.py] WARNING: The `enable_external_forces_every_iteration` parameter in the PhysxCfg is set to False. If you are experiencing noisy velocities, consider enabling this flag. You may need to slightly increase the number of velocity iterations (setting it to 1 or 2 rather than 0), together with this flag, to improve the accuracy of velocity updates.[0m
[INFO]: Base environment:
	Environment device    : cuda:0
	Environment seed      : None
	Physics step-size     : 0.01
	Rendering step-size   : 0.01
	Environment step-size : 0.01
[INFO]: Time taken for scene creation : 13.260019 seconds
[INFO]: Scene manager:  <class InteractiveScene>
	Number of environments: 1
	Environment spacing   : 40.0
	Source prim name      : /World/envs/env_0
	Global prim paths     : []
	Replicate physics     : True
[INFO]: Starting the simulation. This may take a few seconds. Please wait...
[INFO]: Time taken for simulation start : 26.469800 seconds
[INFO] Command Manager:  <CommandManager> contains 1 active terms.
+---------------------------------------+
|          Active Command Terms         |
+-------+------+------------------------+
| Index | Name |          Type          |
+-------+------+------------------------+
|   0   | goal | FixedGateCourseCommand |
+-------+------+------------------------+

[INFO] Event Manager:  <EventManager> contains 2 active terms.
+------------------------------------+
| Active Event Terms in Mode: 'reset' |
+----------+-------------------------+
|  Index   | Name                    |
+----------+-------------------------+
|    0     | reset_base              |
|    1     | reset_obstacles         |
|    2     | randomize_light         |
+----------+-------------------------+
+-------------------------------------------------+
|      Active Event Terms in Mode: 'interval'     |
+-------+---------------+-------------------------+
| Index | Name          | Interval time range (s) |
+-------+---------------+-------------------------+
|   0   | move_people   |        (0.0, 0.0)       |
|   1   | move_forklift |        (0.0, 0.0)       |
+-------+---------------+-------------------------+

[INFO] Recorder Manager:  <RecorderManager> contains 0 active terms.
+---------------------+
| Active Recorder Terms |
+-----------+---------+
|   Index   | Name    |
+-----------+---------+
+-----------+---------+

[INFO] Action Manager:  <ActionManager> contains 1 active terms.
+-----------------------------------+
|   Active Action Terms (shape: 4)  |
+--------+------------+-------------+
| Index  | Name       |   Dimension |
+--------+------------+-------------+
|   0    | velocity   |           4 |
+--------+------------+-------------+

[INFO] Observation Manager: <ObservationManager> contains 1 groups.
+---------------------------------------------------------+
| Active Observation Terms in Group: 'policy' (shape: (33,)) |
+-----------+---------------------------------+-----------+
|   Index   | Name                            |   Shape   |
+-----------+---------------------------------+-----------+
|     0     | base_lin_vel                    |    (3,)   |
|     1     | base_ang_vel                    |    (3,)   |
|     2     | projected_gravity               |    (3,)   |
|     3     | base_height                     |    (1,)   |
|     4     | goal                            |    (4,)   |
|     5     | obstacles                       |   (15,)   |
|     6     | last_action                     |    (4,)   |
+-----------+---------------------------------+-----------+

[INFO] Termination Manager:  <TerminationManager> contains 3 active terms.
+---------------------------------+
|     Active Termination Terms    |
+-------+--------------+----------+
| Index | Name         | Time Out |
+-------+--------------+----------+
|   0   | time_out     |   True   |
|   1   | crash_ground |  False   |
|   2   | collision    |  False   |
+-------+--------------+----------+

[INFO] Reward Manager:  <RewardManager> contains 5 active terms.
+---------------------------------+
|       Active Reward Terms       |
+-------+----------------+--------+
| Index | Name           | Weight |
+-------+----------------+--------+
|   0   | navigation     |    1.0 |
|   1   | gate_pass      |   20.0 |
|   2   | course_done    |    5.0 |
|   3   | collision      | -100.0 |
|   4   | success_metric |    1.0 |
+-------+----------------+--------+

[INFO] Curriculum Manager:  <CurriculumManager> contains 1 active terms.
+---------------------------+
|  Active Curriculum Terms  |
+--------+------------------+
| Index  | Name             |
+--------+------------------+
|   0    | obstacle_count   |
+--------+------------------+

[INFO]: Completed setting up the environment...
[sched] latency=38.0 ms, control_dt=10.0 ms -> refresh every 4 step(s) (25 Hz effective command rate)
[percep] latency=0.0 ms -> delay 0 step(s) (act on perception 0.0 ms old)
[nav] FusedSensorNet out_dim=2 vision=cnn loaded: /scratch/agustin/projects/DIMA/XPU-RT/sims/models/warehouse/nav_fused_v12_cnn.pt
[ctrl] actor arch inferred from ckpt: [16, 256, 128, 64, 4]
[ctrl] RL/MLP controller loaded: /scratch/agustin/projects/DIMA/XPU-RT/sims/models/warehouse/rl_controller_velctrl_dr4.pt (moment_scale=0.0055)
[yolo] warehouse detector loaded: /scratch/agustin/projects/DIMA/XPU-RT/sims/models/warehouse/yolov8n_gate_person_128x192.pt
[demo] hid 132 roof prims for the overhead view
[demo] overhead K fx=849.3 cx=640.0  pos=[         -8        13.5          13]  quat=[          0       0.707       0.707          -0]
[demo] FIXED iso cam eye=[        -13        -0.5          13] -> center=[         -8        13.5           2] (offset (-5.0, -14.0, 11.0))
[gantt] embedded XPU-RT schedule: /scratch2/agustin/XPU-RT/schedules/scheduled_networks_k1_live_stack_cpsat_profiled.json (333 dispatches, makespan 90.0 ms)
[ep00] seed=1000 outcome=success   gates=4/4 steps=1543 crash_type=-
[term] ep01 seed=1001 terms=collision -> crash/clip
[ep01] seed=1001 outcome=crash     gates=1/4 steps=281 crash_type=clip
[ep02] seed=1002 outcome=success   gates=4/4 steps=1591 crash_type=-
[term] ep03 seed=1003 terms=collision -> crash/clip
[ep03] seed=1003 outcome=crash     gates=1/4 steps=1789 crash_type=clip
[ep04] seed=1004 outcome=timeout   gates=1/4 steps=1800 crash_type=-
[term] ep05 seed=1005 terms=collision -> crash/clip
[ep05] seed=1005 outcome=crash     gates=1/4 steps=852 crash_type=clip
[SWEEP] ms=0.0055 cruise=1.0 walk=0.0 hold=0.0 SUCCESS 2/6 clip=3 ground=0  s1000:succ(4/4,1543,-) s1001:cras(1/4,281,clip) s1002:succ(4/4,1591,-) s1003:cras(1/4,1789,clip) s1004:time(1/4,1800,-) s1005:cras(1/4,852,clip)
[SWEEP-CSV] appended 6 rows -> /scratch/agustin/xpurt-dev-sync/results/codesign_feedback/hil_ablation_courseB.csv
[out] wrote out/v12_crowded_sensor_demo.mp4
Loading user config located at: '/scratch2/agustin/miniforge3/envs/env_isaaclab/lib/python3.11/site-packages/isaacsim/kit/data/Kit/Isaac-Sim/5.1/user.config.json'
[Info] [carb] Logging to file: /scratch2/agustin/miniforge3/envs/env_isaaclab/lib/python3.11/site-packages/isaacsim/kit/logs/Kit/Isaac-Sim/5.1/kit_20260908_200707.log
2026-09-09T03:07:08Z [191ms] [Warning] [carb.windowing-glfw.plugin] GLFW initialization failed.
2026-09-09T03:07:08Z [191ms] [Warning] [carb] Failed to startup plugin carb.windowing-glfw.plugin (interfaces: [carb::windowing::IGLContext v1.0],[carb::windowing::IWindowing v1.5]) (impl: carb.windowing-glfw.plugin)
2026-09-09T03:07:08Z [218ms] [Warning] [omni.platforminfo.plugin] failed to open the default display.  Can't verify X Server version.

|---------------------------------------------------------------------------------------------|
| Driver Version: 560.35.05     | Graphics API: Vulkan
|=============================================================================================|
| GPU | Name                             | Active | LDA | GPU Memory | Vendor-ID | LUID       |
|     |                                  |        |     |            | Device-ID | UUID       |
|     |                                  |        |     |            | Bus-ID    |            |
|---------------------------------------------------------------------------------------------|
| 0   | NVIDIA TITAN RTX                 | Yes: 0 |     | 24822   MB | 10de      | 0          |
|     |                                  |        |     |            | 1e02      | 61ac89bf.. |
|     |                                  |        |     |            | 41        |            |
|=============================================================================================|
| OS: 24.04.4 LTS (Noble Numbat) ubuntu, Version: 24.04.4, Kernel: 6.8.0-139-generic
| Processor: AMD Ryzen Threadripper PRO 5965WX 24-Cores
| Cores: 24 | Logical Cores: 48
|---------------------------------------------------------------------------------------------|
| Total Memory (MB): 128634 | Free Memory: 74184
| Total Page/Swap (MB): 8191 | Free Page/Swap: 0
|---------------------------------------------------------------------------------------------|
2026-09-09T03:07:08Z [1,027ms] [Warning] [gpu.foundation.plugin] IOMMU is enabled.
2026-09-09T03:07:09Z [1,667ms] [Warning] [carb.windowing-glfw.plugin] GLFW initialization failed.
2026-09-09T03:07:09Z [1,667ms] [Warning] [carb] Failed to startup plugin carb.windowing-glfw.plugin (interfaces: [carb::windowing::IGLContext v1.0],[carb::windowing::IWindowing v1.5]) (impl: carb.windowing-glfw.plugin)
2026-09-09T03:07:09Z [1,681ms] [Warning] [carb.windowing-glfw.plugin] GLFW initialization failed.
2026-09-09T03:07:09Z [1,681ms] [Warning] [carb] Failed to startup plugin carb.windowing-glfw.plugin (interfaces: [carb::windowing::IGLContext v1.0],[carb::windowing::IWindowing v1.5]) (impl: carb.windowing-glfw.plugin)
2026-09-09T03:07:09Z [1,688ms] [Warning] [carb.windowing-glfw.plugin] GLFW initialization failed.
2026-09-09T03:07:09Z [1,688ms] [Warning] [carb] Failed to startup plugin carb.windowing-glfw.plugin (interfaces: [carb::windowing::IGLContext v1.0],[carb::windowing::IWindowing v1.5]) (impl: carb.windowing-glfw.plugin)
2026-09-09T03:07:09Z [1,698ms] [Warning] [carb.windowing-glfw.plugin] GLFW initialization failed.
2026-09-09T03:07:09Z [1,698ms] [Warning] [carb] Failed to startup plugin carb.windowing-glfw.plugin (interfaces: [carb::windowing::IGLContext v1.0],[carb::windowing::IWindowing v1.5]) (impl: carb.windowing-glfw.plugin)
2026-09-09T03:07:09Z [1,699ms] [Warning] [carb.windowing-glfw.plugin] GLFW initialization failed.
2026-09-09T03:07:09Z [1,699ms] [Warning] [carb] Failed to startup plugin carb.windowing-glfw.plugin (interfaces: [carb::windowing::IGLContext v1.0],[carb::windowing::IWindowing v1.5]) (impl: carb.windowing-glfw.plugin)
2026-09-09T03:07:09Z [1,700ms] [Warning] [carb.windowing-glfw.plugin] GLFW initialization failed.
2026-09-09T03:07:09Z [1,700ms] [Warning] [carb] Failed to startup plugin carb.windowing-glfw.plugin (interfaces: [carb::windowing::IGLContext v1.0],[carb::windowing::IWindowing v1.5]) (impl: carb.windowing-glfw.plugin)
2026-09-09T03:07:09Z [1,880ms] [Warning] [omni.log] Source: omni.hydra was already registered.
2026-09-09T03:07:10Z [2,157ms] [Warning] [carb] Acquiring non optional plugin interface which is not listed as dependency: [omni::physx::IPhysxBenchmarks v1.0] (plugin: <default plugin>), by client: omni.physics.physx.plugin. Add it to CARB_PLUGIN_IMPL_DEPS() macro of a client.
2026-09-09T03:07:10Z [2,166ms] [Warning] [omni.isaac.dynamic_control] omni.isaac.dynamic_control is deprecated as of Isaac Sim 4.5. No action is needed from end-users.
2026-09-09T03:07:13Z [5,502ms] [Warning] [pxr.Semantics] pxr.Semantics is deprecated - please use Semantics instead
2026-09-09T03:07:13Z [5,620ms] [Warning] [omni.graph.core.plugin] Found duplicate of category 'Replicator' - was 'Annotators', adding 'Fabric Reader'
2026-09-09T03:07:13Z [5,620ms] [Warning] [omni.graph.core.plugin] Category 'Replicator' not accepted on node type 'omni.replicator.core.FabricReader' in extension 'omni.replicator.core'
2026-09-09T03:07:13Z [5,621ms] [Warning] [omni.replicator.core.scripts.extension] No material configuration file, adding configuration to material settings directly.
[INFO][AppLauncher]: Using device: cuda:0
[INFO][AppLauncher]: Loading experience file: /scratch2/dima/IsaacLab/apps/isaaclab.python.headless.rendering.kit
[sim] dt=0.01 decimation=1 -> control_dt=10.0 ms (100 Hz)
[env] gym.make Isaac-Drone-Warehouse-Gates-Vision-Crazyflie-Play-WithSensors-Coll-v0

[36m===================================================================================================================================================================[0m
[36m[1m[INFO][IsaacLab]: Logging to file: /scratch/agustin/xpurt-dev-sync/results/codesign_feedback/strengthen_campaign/tmp/isaaclab/logs/isaaclab_2026-09-08_20-07-21.log[0m
[36m===================================================================================================================================================================[0m

[33m20:07:21 [simulation_context.py] WARNING: The `enable_external_forces_every_iteration` parameter in the PhysxCfg is set to False. If you are experiencing noisy velocities, consider enabling this flag. You may need to slightly increase the number of velocity iterations (setting it to 1 or 2 rather than 0), together with this flag, to improve the accuracy of velocity updates.[0m
[INFO]: Base environment:
	Environment device    : cuda:0
	Environment seed      : None
	Physics step-size     : 0.01
	Rendering step-size   : 0.01
	Environment step-size : 0.01
[INFO]: Time taken for scene creation : 13.238864 seconds
[INFO]: Scene manager:  <class InteractiveScene>
	Number of environments: 1
	Environment spacing   : 40.0
	Source prim name      : /World/envs/env_0
	Global prim paths     : []
	Replicate physics     : True
[INFO]: Starting the simulation. This may take a few seconds. Please wait...
[INFO]: Time taken for simulation start : 25.333587 seconds
[INFO] Command Manager:  <CommandManager> contains 1 active terms.
+---------------------------------------+
|          Active Command Terms         |
+-------+------+------------------------+
| Index | Name |          Type          |
+-------+------+------------------------+
|   0   | goal | FixedGateCourseCommand |
+-------+------+------------------------+

[INFO] Event Manager:  <EventManager> contains 2 active terms.
+------------------------------------+
| Active Event Terms in Mode: 'reset' |
+----------+-------------------------+
|  Index   | Name                    |
+----------+-------------------------+
|    0     | reset_base              |
|    1     | reset_obstacles         |
|    2     | randomize_light         |
+----------+-------------------------+
+-------------------------------------------------+
|      Active Event Terms in Mode: 'interval'     |
+-------+---------------+-------------------------+
| Index | Name          | Interval time range (s) |
+-------+---------------+-------------------------+
|   0   | move_people   |        (0.0, 0.0)       |
|   1   | move_forklift |        (0.0, 0.0)       |
+-------+---------------+-------------------------+

[INFO] Recorder Manager:  <RecorderManager> contains 0 active terms.
+---------------------+
| Active Recorder Terms |
+-----------+---------+
|   Index   | Name    |
+-----------+---------+
+-----------+---------+

[INFO] Action Manager:  <ActionManager> contains 1 active terms.
+-----------------------------------+
|   Active Action Terms (shape: 4)  |
+--------+------------+-------------+
| Index  | Name       |   Dimension |
+--------+------------+-------------+
|   0    | velocity   |           4 |
+--------+------------+-------------+

[INFO] Observation Manager: <ObservationManager> contains 1 groups.
+---------------------------------------------------------+
| Active Observation Terms in Group: 'policy' (shape: (33,)) |
+-----------+---------------------------------+-----------+
|   Index   | Name                            |   Shape   |
+-----------+---------------------------------+-----------+
|     0     | base_lin_vel                    |    (3,)   |
|     1     | base_ang_vel                    |    (3,)   |
|     2     | projected_gravity               |    (3,)   |
|     3     | base_height                     |    (1,)   |
|     4     | goal                            |    (4,)   |
|     5     | obstacles                       |   (15,)   |
|     6     | last_action                     |    (4,)   |
+-----------+---------------------------------+-----------+

[INFO] Termination Manager:  <TerminationManager> contains 3 active terms.
+---------------------------------+
|     Active Termination Terms    |
+-------+--------------+----------+
| Index | Name         | Time Out |
+-------+--------------+----------+
|   0   | time_out     |   True   |
|   1   | crash_ground |  False   |
|   2   | collision    |  False   |
+-------+--------------+----------+

[INFO] Reward Manager:  <RewardManager> contains 5 active terms.
+---------------------------------+
|       Active Reward Terms       |
+-------+----------------+--------+
| Index | Name           | Weight |
+-------+----------------+--------+
|   0   | navigation     |    1.0 |
|   1   | gate_pass      |   20.0 |
|   2   | course_done    |    5.0 |
|   3   | collision      | -100.0 |
|   4   | success_metric |    1.0 |
+-------+----------------+--------+

[INFO] Curriculum Manager:  <CurriculumManager> contains 1 active terms.
+---------------------------+
|  Active Curriculum Terms  |
+--------+------------------+
| Index  | Name             |
+--------+------------------+
|   0    | obstacle_count   |
+--------+------------------+

[INFO]: Completed setting up the environment...
[sched] latency=8.0 ms, control_dt=10.0 ms -> refresh every 1 step(s) (100 Hz effective command rate)
[percep] latency=0.0 ms -> delay 0 step(s) (act on perception 0.0 ms old)
[nav] FusedSensorNet out_dim=2 vision=cnn loaded: /scratch/agustin/projects/DIMA/XPU-RT/sims/models/warehouse/nav_fused_v12_cnn.pt
[ctrl] actor arch inferred from ckpt: [16, 256, 128, 64, 4]
[ctrl] RL/MLP controller loaded: /scratch/agustin/projects/DIMA/XPU-RT/sims/models/warehouse/rl_controller_velctrl_dr4.pt (moment_scale=0.0055)
[yolo] warehouse detector loaded: /scratch/agustin/projects/DIMA/XPU-RT/sims/models/warehouse/yolov8n_gate_person_128x192.pt
[demo] hid 132 roof prims for the overhead view
[demo] overhead K fx=849.3 cx=640.0  pos=[         -8        13.5          13]  quat=[          0       0.707       0.707          -0]
[demo] FIXED iso cam eye=[        -13        -0.5          13] -> center=[         -8        13.5           2] (offset (-5.0, -14.0, 11.0))
[gantt] embedded XPU-RT schedule: /scratch2/agustin/XPU-RT/schedules/scheduled_networks_k1_live_stack_cpsat_profiled.json (333 dispatches, makespan 90.0 ms)
[ep00] seed=1000 outcome=success   gates=4/4 steps=1166 crash_type=-
[ep01] seed=1001 outcome=success   gates=4/4 steps=1178 crash_type=-
[term] ep02 seed=1002 terms=collision -> crash/clip
[ep02] seed=1002 outcome=crash     gates=1/4 steps=386 crash_type=clip
[ep03] seed=1003 outcome=success   gates=4/4 steps=1171 crash_type=-
[ep04] seed=1004 outcome=success   gates=4/4 steps=1178 crash_type=-
[term] ep05 seed=1005 terms=collision -> crash/clip
[ep05] seed=1005 outcome=crash     gates=3/4 steps=1405 crash_type=clip
[SWEEP] ms=0.0055 cruise=1.2 walk=0.0 hold=0.0 SUCCESS 4/6 clip=2 ground=0  s1000:succ(4/4,1166,-) s1001:succ(4/4,1178,-) s1002:cras(1/4,386,clip) s1003:succ(4/4,1171,-) s1004:succ(4/4,1178,-) s1005:cras(3/4,1405,clip)
[SWEEP-CSV] appended 6 rows -> /scratch/agustin/xpurt-dev-sync/results/codesign_feedback/hil_ablation_courseB.csv
[out] wrote out/v12_crowded_sensor_demo.mp4
Loading user config located at: '/scratch2/agustin/miniforge3/envs/env_isaaclab/lib/python3.11/site-packages/isaacsim/kit/data/Kit/Isaac-Sim/5.1/user.config.json'
[Info] [carb] Logging to file: /scratch2/agustin/miniforge3/envs/env_isaaclab/lib/python3.11/site-packages/isaacsim/kit/logs/Kit/Isaac-Sim/5.1/kit_20260908_201548.log
2026-09-09T03:15:48Z [194ms] [Warning] [carb.windowing-glfw.plugin] GLFW initialization failed.
2026-09-09T03:15:48Z [194ms] [Warning] [carb] Failed to startup plugin carb.windowing-glfw.plugin (interfaces: [carb::windowing::IGLContext v1.0],[carb::windowing::IWindowing v1.5]) (impl: carb.windowing-glfw.plugin)
2026-09-09T03:15:48Z [220ms] [Warning] [omni.platforminfo.plugin] failed to open the default display.  Can't verify X Server version.

|---------------------------------------------------------------------------------------------|
| Driver Version: 560.35.05     | Graphics API: Vulkan
|=============================================================================================|
| GPU | Name                             | Active | LDA | GPU Memory | Vendor-ID | LUID       |
|     |                                  |        |     |            | Device-ID | UUID       |
|     |                                  |        |     |            | Bus-ID    |            |
|---------------------------------------------------------------------------------------------|
| 0   | NVIDIA TITAN RTX                 | Yes: 0 |     | 24822   MB | 10de      | 0          |
|     |                                  |        |     |            | 1e02      | 61ac89bf.. |
|     |                                  |        |     |            | 41        |            |
|=============================================================================================|
| OS: 24.04.4 LTS (Noble Numbat) ubuntu, Version: 24.04.4, Kernel: 6.8.0-139-generic
| Processor: AMD Ryzen Threadripper PRO 5965WX 24-Cores
| Cores: 24 | Logical Cores: 48
|---------------------------------------------------------------------------------------------|
| Total Memory (MB): 128634 | Free Memory: 74823
| Total Page/Swap (MB): 8191 | Free Page/Swap: 2
|---------------------------------------------------------------------------------------------|
2026-09-09T03:15:49Z [974ms] [Warning] [gpu.foundation.plugin] IOMMU is enabled.
2026-09-09T03:15:50Z [1,616ms] [Warning] [carb.windowing-glfw.plugin] GLFW initialization failed.
2026-09-09T03:15:50Z [1,616ms] [Warning] [carb] Failed to startup plugin carb.windowing-glfw.plugin (interfaces: [carb::windowing::IGLContext v1.0],[carb::windowing::IWindowing v1.5]) (impl: carb.windowing-glfw.plugin)
2026-09-09T03:15:50Z [1,630ms] [Warning] [carb.windowing-glfw.plugin] GLFW initialization failed.
2026-09-09T03:15:50Z [1,630ms] [Warning] [carb] Failed to startup plugin carb.windowing-glfw.plugin (interfaces: [carb::windowing::IGLContext v1.0],[carb::windowing::IWindowing v1.5]) (impl: carb.windowing-glfw.plugin)
2026-09-09T03:15:50Z [1,637ms] [Warning] [carb.windowing-glfw.plugin] GLFW initialization failed.
2026-09-09T03:15:50Z [1,637ms] [Warning] [carb] Failed to startup plugin carb.windowing-glfw.plugin (interfaces: [carb::windowing::IGLContext v1.0],[carb::windowing::IWindowing v1.5]) (impl: carb.windowing-glfw.plugin)
2026-09-09T03:15:50Z [1,646ms] [Warning] [carb.windowing-glfw.plugin] GLFW initialization failed.
2026-09-09T03:15:50Z [1,646ms] [Warning] [carb] Failed to startup plugin carb.windowing-glfw.plugin (interfaces: [carb::windowing::IGLContext v1.0],[carb::windowing::IWindowing v1.5]) (impl: carb.windowing-glfw.plugin)
2026-09-09T03:15:50Z [1,647ms] [Warning] [carb.windowing-glfw.plugin] GLFW initialization failed.
2026-09-09T03:15:50Z [1,647ms] [Warning] [carb] Failed to startup plugin carb.windowing-glfw.plugin (interfaces: [carb::windowing::IGLContext v1.0],[carb::windowing::IWindowing v1.5]) (impl: carb.windowing-glfw.plugin)
2026-09-09T03:15:50Z [1,648ms] [Warning] [carb.windowing-glfw.plugin] GLFW initialization failed.
2026-09-09T03:15:50Z [1,648ms] [Warning] [carb] Failed to startup plugin carb.windowing-glfw.plugin (interfaces: [carb::windowing::IGLContext v1.0],[carb::windowing::IWindowing v1.5]) (impl: carb.windowing-glfw.plugin)
2026-09-09T03:15:50Z [1,824ms] [Warning] [omni.log] Source: omni.hydra was already registered.
2026-09-09T03:15:50Z [2,111ms] [Warning] [carb] Acquiring non optional plugin interface which is not listed as dependency: [omni::physx::IPhysxBenchmarks v1.0] (plugin: <default plugin>), by client: omni.physics.physx.plugin. Add it to CARB_PLUGIN_IMPL_DEPS() macro of a client.
2026-09-09T03:15:50Z [2,120ms] [Warning] [omni.isaac.dynamic_control] omni.isaac.dynamic_control is deprecated as of Isaac Sim 4.5. No action is needed from end-users.
2026-09-09T03:15:53Z [5,402ms] [Warning] [pxr.Semantics] pxr.Semantics is deprecated - please use Semantics instead
2026-09-09T03:15:53Z [5,536ms] [Warning] [omni.graph.core.plugin] Found duplicate of category 'Replicator' - was 'Annotators', adding 'Fabric Reader'
2026-09-09T03:15:53Z [5,536ms] [Warning] [omni.graph.core.plugin] Category 'Replicator' not accepted on node type 'omni.replicator.core.FabricReader' in extension 'omni.replicator.core'
2026-09-09T03:15:53Z [5,537ms] [Warning] [omni.replicator.core.scripts.extension] No material configuration file, adding configuration to material settings directly.
[INFO][AppLauncher]: Using device: cuda:0
[INFO][AppLauncher]: Loading experience file: /scratch2/dima/IsaacLab/apps/isaaclab.python.headless.rendering.kit
[sim] dt=0.01 decimation=1 -> control_dt=10.0 ms (100 Hz)
[env] gym.make Isaac-Drone-Warehouse-Gates-Vision-Crazyflie-Play-WithSensors-Coll-v0

[36m===================================================================================================================================================================[0m
[36m[1m[INFO][IsaacLab]: Logging to file: /scratch/agustin/xpurt-dev-sync/results/codesign_feedback/strengthen_campaign/tmp/isaaclab/logs/isaaclab_2026-09-08_20-16-02.log[0m
[36m===================================================================================================================================================================[0m

[33m20:16:02 [simulation_context.py] WARNING: The `enable_external_forces_every_iteration` parameter in the PhysxCfg is set to False. If you are experiencing noisy velocities, consider enabling this flag. You may need to slightly increase the number of velocity iterations (setting it to 1 or 2 rather than 0), together with this flag, to improve the accuracy of velocity updates.[0m
[INFO]: Base environment:
	Environment device    : cuda:0
	Environment seed      : None
	Physics step-size     : 0.01
	Rendering step-size   : 0.01
	Environment step-size : 0.01
[INFO]: Time taken for scene creation : 13.485276 seconds
[INFO]: Scene manager:  <class InteractiveScene>
	Number of environments: 1
	Environment spacing   : 40.0
	Source prim name      : /World/envs/env_0
	Global prim paths     : []
	Replicate physics     : True
[INFO]: Starting the simulation. This may take a few seconds. Please wait...
[INFO]: Time taken for simulation start : 24.755354 seconds
[INFO] Command Manager:  <CommandManager> contains 1 active terms.
+---------------------------------------+
|          Active Command Terms         |
+-------+------+------------------------+
| Index | Name |          Type          |
+-------+------+------------------------+
|   0   | goal | FixedGateCourseCommand |
+-------+------+------------------------+

[INFO] Event Manager:  <EventManager> contains 2 active terms.
+------------------------------------+
| Active Event Terms in Mode: 'reset' |
+----------+-------------------------+
|  Index   | Name                    |
+----------+-------------------------+
|    0     | reset_base              |
|    1     | reset_obstacles         |
|    2     | randomize_light         |
+----------+-------------------------+
+-------------------------------------------------+
|      Active Event Terms in Mode: 'interval'     |
+-------+---------------+-------------------------+
| Index | Name          | Interval time range (s) |
+-------+---------------+-------------------------+
|   0   | move_people   |        (0.0, 0.0)       |
|   1   | move_forklift |        (0.0, 0.0)       |
+-------+---------------+-------------------------+

[INFO] Recorder Manager:  <RecorderManager> contains 0 active terms.
+---------------------+
| Active Recorder Terms |
+-----------+---------+
|   Index   | Name    |
+-----------+---------+
+-----------+---------+

[INFO] Action Manager:  <ActionManager> contains 1 active terms.
+-----------------------------------+
|   Active Action Terms (shape: 4)  |
+--------+------------+-------------+
| Index  | Name       |   Dimension |
+--------+------------+-------------+
|   0    | velocity   |           4 |
+--------+------------+-------------+

[INFO] Observation Manager: <ObservationManager> contains 1 groups.
+---------------------------------------------------------+
| Active Observation Terms in Group: 'policy' (shape: (33,)) |
+-----------+---------------------------------+-----------+
|   Index   | Name                            |   Shape   |
+-----------+---------------------------------+-----------+
|     0     | base_lin_vel                    |    (3,)   |
|     1     | base_ang_vel                    |    (3,)   |
|     2     | projected_gravity               |    (3,)   |
|     3     | base_height                     |    (1,)   |
|     4     | goal                            |    (4,)   |
|     5     | obstacles                       |   (15,)   |
|     6     | last_action                     |    (4,)   |
+-----------+---------------------------------+-----------+

[INFO] Termination Manager:  <TerminationManager> contains 3 active terms.
+---------------------------------+
|     Active Termination Terms    |
+-------+--------------+----------+
| Index | Name         | Time Out |
+-------+--------------+----------+
|   0   | time_out     |   True   |
|   1   | crash_ground |  False   |
|   2   | collision    |  False   |
+-------+--------------+----------+

[INFO] Reward Manager:  <RewardManager> contains 5 active terms.
+---------------------------------+
|       Active Reward Terms       |
+-------+----------------+--------+
| Index | Name           | Weight |
+-------+----------------+--------+
|   0   | navigation     |    1.0 |
|   1   | gate_pass      |   20.0 |
|   2   | course_done    |    5.0 |
|   3   | collision      | -100.0 |
|   4   | success_metric |    1.0 |
+-------+----------------+--------+

[INFO] Curriculum Manager:  <CurriculumManager> contains 1 active terms.
+---------------------------+
|  Active Curriculum Terms  |
+--------+------------------+
| Index  | Name             |
+--------+------------------+
|   0    | obstacle_count   |
+--------+------------------+

[INFO]: Completed setting up the environment...
[sched] latency=18.0 ms, control_dt=10.0 ms -> refresh every 2 step(s) (50 Hz effective command rate)
[percep] latency=0.0 ms -> delay 0 step(s) (act on perception 0.0 ms old)
[nav] FusedSensorNet out_dim=2 vision=cnn loaded: /scratch/agustin/projects/DIMA/XPU-RT/sims/models/warehouse/nav_fused_v12_cnn.pt
[ctrl] actor arch inferred from ckpt: [16, 256, 128, 64, 4]
[ctrl] RL/MLP controller loaded: /scratch/agustin/projects/DIMA/XPU-RT/sims/models/warehouse/rl_controller_velctrl_dr4.pt (moment_scale=0.0055)
[yolo] warehouse detector loaded: /scratch/agustin/projects/DIMA/XPU-RT/sims/models/warehouse/yolov8n_gate_person_128x192.pt
[demo] hid 132 roof prims for the overhead view
[demo] overhead K fx=849.3 cx=640.0  pos=[         -8        13.5          13]  quat=[          0       0.707       0.707          -0]
[demo] FIXED iso cam eye=[        -13        -0.5          13] -> center=[         -8        13.5           2] (offset (-5.0, -14.0, 11.0))
[gantt] embedded XPU-RT schedule: /scratch2/agustin/XPU-RT/schedules/scheduled_networks_k1_live_stack_cpsat_profiled.json (333 dispatches, makespan 90.0 ms)
[ep00] seed=1000 outcome=success   gates=4/4 steps=1187 crash_type=-
[term] ep01 seed=1001 terms=collision -> crash/clip
[ep01] seed=1001 outcome=crash     gates=3/4 steps=1024 crash_type=clip
[term] ep02 seed=1002 terms=collision -> crash/clip
[ep02] seed=1002 outcome=crash     gates=2/4 steps=591 crash_type=clip
[ep03] seed=1003 outcome=success   gates=4/4 steps=1218 crash_type=-
[term] ep04 seed=1004 terms=collision -> crash/clip
[ep04] seed=1004 outcome=crash     gates=3/4 steps=1067 crash_type=clip
[term] ep05 seed=1005 terms=collision -> crash/clip
[ep05] seed=1005 outcome=crash     gates=3/4 steps=1008 crash_type=clip
[SWEEP] ms=0.0055 cruise=1.2 walk=0.0 hold=0.0 SUCCESS 2/6 clip=4 ground=0  s1000:succ(4/4,1187,-) s1001:cras(3/4,1024,clip) s1002:cras(2/4,591,clip) s1003:succ(4/4,1218,-) s1004:cras(3/4,1067,clip) s1005:cras(3/4,1008,clip)
[SWEEP-CSV] appended 6 rows -> /scratch/agustin/xpurt-dev-sync/results/codesign_feedback/hil_ablation_courseB.csv
[out] wrote out/v12_crowded_sensor_demo.mp4
Loading user config located at: '/scratch2/agustin/miniforge3/envs/env_isaaclab/lib/python3.11/site-packages/isaacsim/kit/data/Kit/Isaac-Sim/5.1/user.config.json'
[Info] [carb] Logging to file: /scratch2/agustin/miniforge3/envs/env_isaaclab/lib/python3.11/site-packages/isaacsim/kit/logs/Kit/Isaac-Sim/5.1/kit_20260908_203155.log
2026-09-09T03:31:56Z [197ms] [Warning] [carb.windowing-glfw.plugin] GLFW initialization failed.
2026-09-09T03:31:56Z [197ms] [Warning] [carb] Failed to startup plugin carb.windowing-glfw.plugin (interfaces: [carb::windowing::IGLContext v1.0],[carb::windowing::IWindowing v1.5]) (impl: carb.windowing-glfw.plugin)
2026-09-09T03:31:56Z [226ms] [Warning] [omni.platforminfo.plugin] failed to open the default display.  Can't verify X Server version.

|---------------------------------------------------------------------------------------------|
| Driver Version: 560.35.05     | Graphics API: Vulkan
|=============================================================================================|
| GPU | Name                             | Active | LDA | GPU Memory | Vendor-ID | LUID       |
|     |                                  |        |     |            | Device-ID | UUID       |
|     |                                  |        |     |            | Bus-ID    |            |
|---------------------------------------------------------------------------------------------|
| 0   | NVIDIA TITAN RTX                 | Yes: 0 |     | 24822   MB | 10de      | 0          |
|     |                                  |        |     |            | 1e02      | 61ac89bf.. |
|     |                                  |        |     |            | 41        |            |
|=============================================================================================|
| OS: 24.04.4 LTS (Noble Numbat) ubuntu, Version: 24.04.4, Kernel: 6.8.0-139-generic
| Processor: AMD Ryzen Threadripper PRO 5965WX 24-Cores
| Cores: 24 | Logical Cores: 48
|---------------------------------------------------------------------------------------------|
| Total Memory (MB): 128634 | Free Memory: 78100
| Total Page/Swap (MB): 8191 | Free Page/Swap: 0
|---------------------------------------------------------------------------------------------|
2026-09-09T03:31:56Z [976ms] [Warning] [gpu.foundation.plugin] IOMMU is enabled.
2026-09-09T03:31:57Z [1,581ms] [Warning] [carb.windowing-glfw.plugin] GLFW initialization failed.
2026-09-09T03:31:57Z [1,581ms] [Warning] [carb] Failed to startup plugin carb.windowing-glfw.plugin (interfaces: [carb::windowing::IGLContext v1.0],[carb::windowing::IWindowing v1.5]) (impl: carb.windowing-glfw.plugin)
2026-09-09T03:31:57Z [1,596ms] [Warning] [carb.windowing-glfw.plugin] GLFW initialization failed.
2026-09-09T03:31:57Z [1,596ms] [Warning] [carb] Failed to startup plugin carb.windowing-glfw.plugin (interfaces: [carb::windowing::IGLContext v1.0],[carb::windowing::IWindowing v1.5]) (impl: carb.windowing-glfw.plugin)
2026-09-09T03:31:57Z [1,603ms] [Warning] [carb.windowing-glfw.plugin] GLFW initialization failed.
2026-09-09T03:31:57Z [1,603ms] [Warning] [carb] Failed to startup plugin carb.windowing-glfw.plugin (interfaces: [carb::windowing::IGLContext v1.0],[carb::windowing::IWindowing v1.5]) (impl: carb.windowing-glfw.plugin)
2026-09-09T03:31:57Z [1,612ms] [Warning] [carb.windowing-glfw.plugin] GLFW initialization failed.
2026-09-09T03:31:57Z [1,612ms] [Warning] [carb] Failed to startup plugin carb.windowing-glfw.plugin (interfaces: [carb::windowing::IGLContext v1.0],[carb::windowing::IWindowing v1.5]) (impl: carb.windowing-glfw.plugin)
2026-09-09T03:31:57Z [1,613ms] [Warning] [carb.windowing-glfw.plugin] GLFW initialization failed.
2026-09-09T03:31:57Z [1,613ms] [Warning] [carb] Failed to startup plugin carb.windowing-glfw.plugin (interfaces: [carb::windowing::IGLContext v1.0],[carb::windowing::IWindowing v1.5]) (impl: carb.windowing-glfw.plugin)
2026-09-09T03:31:57Z [1,614ms] [Warning] [carb.windowing-glfw.plugin] GLFW initialization failed.
2026-09-09T03:31:57Z [1,614ms] [Warning] [carb] Failed to startup plugin carb.windowing-glfw.plugin (interfaces: [carb::windowing::IGLContext v1.0],[carb::windowing::IWindowing v1.5]) (impl: carb.windowing-glfw.plugin)
2026-09-09T03:31:57Z [1,788ms] [Warning] [omni.log] Source: omni.hydra was already registered.
2026-09-09T03:31:57Z [2,069ms] [Warning] [carb] Acquiring non optional plugin interface which is not listed as dependency: [omni::physx::IPhysxBenchmarks v1.0] (plugin: <default plugin>), by client: omni.physics.physx.plugin. Add it to CARB_PLUGIN_IMPL_DEPS() macro of a client.
2026-09-09T03:31:57Z [2,078ms] [Warning] [omni.isaac.dynamic_control] omni.isaac.dynamic_control is deprecated as of Isaac Sim 4.5. No action is needed from end-users.
2026-09-09T03:32:01Z [5,377ms] [Warning] [pxr.Semantics] pxr.Semantics is deprecated - please use Semantics instead
2026-09-09T03:32:01Z [5,497ms] [Warning] [omni.graph.core.plugin] Found duplicate of category 'Replicator' - was 'Annotators', adding 'Fabric Reader'
2026-09-09T03:32:01Z [5,497ms] [Warning] [omni.graph.core.plugin] Category 'Replicator' not accepted on node type 'omni.replicator.core.FabricReader' in extension 'omni.replicator.core'
2026-09-09T03:32:01Z [5,498ms] [Warning] [omni.replicator.core.scripts.extension] No material configuration file, adding configuration to material settings directly.
[INFO][AppLauncher]: Using device: cuda:0
[INFO][AppLauncher]: Loading experience file: /scratch2/dima/IsaacLab/apps/isaaclab.python.headless.rendering.kit
[sim] dt=0.01 decimation=1 -> control_dt=10.0 ms (100 Hz)
[env] gym.make Isaac-Drone-Warehouse-Gates-Vision-Crazyflie-Play-WithSensors-Coll-v0

[36m===================================================================================================================================================================[0m
[36m[1m[INFO][IsaacLab]: Logging to file: /scratch/agustin/xpurt-dev-sync/results/codesign_feedback/strengthen_campaign/tmp/isaaclab/logs/isaaclab_2026-09-08_20-32-10.log[0m
[36m===================================================================================================================================================================[0m

[33m20:32:10 [simulation_context.py] WARNING: The `enable_external_forces_every_iteration` parameter in the PhysxCfg is set to False. If you are experiencing noisy velocities, consider enabling this flag. You may need to slightly increase the number of velocity iterations (setting it to 1 or 2 rather than 0), together with this flag, to improve the accuracy of velocity updates.[0m
[INFO]: Base environment:
	Environment device    : cuda:0
	Environment seed      : None
	Physics step-size     : 0.01
	Rendering step-size   : 0.01
	Environment step-size : 0.01
[INFO]: Time taken for scene creation : 13.397045 seconds
[INFO]: Scene manager:  <class InteractiveScene>
	Number of environments: 1
	Environment spacing   : 40.0
	Source prim name      : /World/envs/env_0
	Global prim paths     : []
	Replicate physics     : True
[INFO]: Starting the simulation. This may take a few seconds. Please wait...
[INFO]: Time taken for simulation start : 26.313039 seconds
[INFO] Command Manager:  <CommandManager> contains 1 active terms.
+---------------------------------------+
|          Active Command Terms         |
+-------+------+------------------------+
| Index | Name |          Type          |
+-------+------+------------------------+
|   0   | goal | FixedGateCourseCommand |
+-------+------+------------------------+

[INFO] Event Manager:  <EventManager> contains 2 active terms.
+------------------------------------+
| Active Event Terms in Mode: 'reset' |
+----------+-------------------------+
|  Index   | Name                    |
+----------+-------------------------+
|    0     | reset_base              |
|    1     | reset_obstacles         |
|    2     | randomize_light         |
+----------+-------------------------+
+-------------------------------------------------+
|      Active Event Terms in Mode: 'interval'     |
+-------+---------------+-------------------------+
| Index | Name          | Interval time range (s) |
+-------+---------------+-------------------------+
|   0   | move_people   |        (0.0, 0.0)       |
|   1   | move_forklift |        (0.0, 0.0)       |
+-------+---------------+-------------------------+

[INFO] Recorder Manager:  <RecorderManager> contains 0 active terms.
+---------------------+
| Active Recorder Terms |
+-----------+---------+
|   Index   | Name    |
+-----------+---------+
+-----------+---------+

[INFO] Action Manager:  <ActionManager> contains 1 active terms.
+-----------------------------------+
|   Active Action Terms (shape: 4)  |
+--------+------------+-------------+
| Index  | Name       |   Dimension |
+--------+------------+-------------+
|   0    | velocity   |           4 |
+--------+------------+-------------+

[INFO] Observation Manager: <ObservationManager> contains 1 groups.
+---------------------------------------------------------+
| Active Observation Terms in Group: 'policy' (shape: (33,)) |
+-----------+---------------------------------+-----------+
|   Index   | Name                            |   Shape   |
+-----------+---------------------------------+-----------+
|     0     | base_lin_vel                    |    (3,)   |
|     1     | base_ang_vel                    |    (3,)   |
|     2     | projected_gravity               |    (3,)   |
|     3     | base_height                     |    (1,)   |
|     4     | goal                            |    (4,)   |
|     5     | obstacles                       |   (15,)   |
|     6     | last_action                     |    (4,)   |
+-----------+---------------------------------+-----------+

[INFO] Termination Manager:  <TerminationManager> contains 3 active terms.
+---------------------------------+
|     Active Termination Terms    |
+-------+--------------+----------+
| Index | Name         | Time Out |
+-------+--------------+----------+
|   0   | time_out     |   True   |
|   1   | crash_ground |  False   |
|   2   | collision    |  False   |
+-------+--------------+----------+

[INFO] Reward Manager:  <RewardManager> contains 5 active terms.
+---------------------------------+
|       Active Reward Terms       |
+-------+----------------+--------+
| Index | Name           | Weight |
+-------+----------------+--------+
|   0   | navigation     |    1.0 |
|   1   | gate_pass      |   20.0 |
|   2   | course_done    |    5.0 |
|   3   | collision      | -100.0 |
|   4   | success_metric |    1.0 |
+-------+----------------+--------+

[INFO] Curriculum Manager:  <CurriculumManager> contains 1 active terms.
+---------------------------+
|  Active Curriculum Terms  |
+--------+------------------+
| Index  | Name             |
+--------+------------------+
|   0    | obstacle_count   |
+--------+------------------+

[INFO]: Completed setting up the environment...
[sched] latency=28.0 ms, control_dt=10.0 ms -> refresh every 3 step(s) (33 Hz effective command rate)
[percep] latency=0.0 ms -> delay 0 step(s) (act on perception 0.0 ms old)
[nav] FusedSensorNet out_dim=2 vision=cnn loaded: /scratch/agustin/projects/DIMA/XPU-RT/sims/models/warehouse/nav_fused_v12_cnn.pt
[ctrl] actor arch inferred from ckpt: [16, 256, 128, 64, 4]
[ctrl] RL/MLP controller loaded: /scratch/agustin/projects/DIMA/XPU-RT/sims/models/warehouse/rl_controller_velctrl_dr4.pt (moment_scale=0.0055)
[yolo] warehouse detector loaded: /scratch/agustin/projects/DIMA/XPU-RT/sims/models/warehouse/yolov8n_gate_person_128x192.pt
[demo] hid 132 roof prims for the overhead view
[demo] overhead K fx=849.3 cx=640.0  pos=[         -8        13.5          13]  quat=[          0       0.707       0.707          -0]
[demo] FIXED iso cam eye=[        -13        -0.5          13] -> center=[         -8        13.5           2] (offset (-5.0, -14.0, 11.0))
[gantt] embedded XPU-RT schedule: /scratch2/agustin/XPU-RT/schedules/scheduled_networks_k1_live_stack_cpsat_profiled.json (333 dispatches, makespan 90.0 ms)
[term] ep00 seed=1000 terms=collision -> crash/clip
[ep00] seed=1000 outcome=crash     gates=2/4 steps=602 crash_type=clip
[term] ep01 seed=1001 terms=collision -> crash/clip
[ep01] seed=1001 outcome=crash     gates=1/4 steps=714 crash_type=clip
[term] ep02 seed=1002 terms=collision -> crash/clip
[ep02] seed=1002 outcome=crash     gates=2/4 steps=608 crash_type=clip
[term] ep03 seed=1003 terms=collision -> crash/clip
[ep03] seed=1003 outcome=crash     gates=1/4 steps=1472 crash_type=clip
[term] ep04 seed=1004 terms=collision -> crash/clip
[ep04] seed=1004 outcome=crash     gates=1/4 steps=744 crash_type=clip
[ep05] seed=1005 outcome=timeout   gates=1/4 steps=1800 crash_type=-
[SWEEP] ms=0.0055 cruise=1.2 walk=0.0 hold=0.0 SUCCESS 0/6 clip=5 ground=0  s1000:cras(2/4,602,clip) s1001:cras(1/4,714,clip) s1002:cras(2/4,608,clip) s1003:cras(1/4,1472,clip) s1004:cras(1/4,744,clip) s1005:time(1/4,1800,-)
[SWEEP-CSV] appended 6 rows -> /scratch/agustin/xpurt-dev-sync/results/codesign_feedback/hil_ablation_courseB.csv
[out] wrote out/v12_crowded_sensor_demo.mp4
Loading user config located at: '/scratch2/agustin/miniforge3/envs/env_isaaclab/lib/python3.11/site-packages/isaacsim/kit/data/Kit/Isaac-Sim/5.1/user.config.json'
[Info] [carb] Logging to file: /scratch2/agustin/miniforge3/envs/env_isaaclab/lib/python3.11/site-packages/isaacsim/kit/logs/Kit/Isaac-Sim/5.1/kit_20260908_204001.log
2026-09-09T03:40:02Z [521ms] [Warning] [carb.windowing-glfw.plugin] GLFW initialization failed.
2026-09-09T03:40:02Z [521ms] [Warning] [carb] Failed to startup plugin carb.windowing-glfw.plugin (interfaces: [carb::windowing::IGLContext v1.0],[carb::windowing::IWindowing v1.5]) (impl: carb.windowing-glfw.plugin)
2026-09-09T03:40:02Z [550ms] [Warning] [omni.platforminfo.plugin] failed to open the default display.  Can't verify X Server version.

|---------------------------------------------------------------------------------------------|
| Driver Version: 560.35.05     | Graphics API: Vulkan
|=============================================================================================|
| GPU | Name                             | Active | LDA | GPU Memory | Vendor-ID | LUID       |
|     |                                  |        |     |            | Device-ID | UUID       |
|     |                                  |        |     |            | Bus-ID    |            |
|---------------------------------------------------------------------------------------------|
| 0   | NVIDIA TITAN RTX                 | Yes: 0 |     | 24822   MB | 10de      | 0          |
|     |                                  |        |     |            | 1e02      | 61ac89bf.. |
|     |                                  |        |     |            | 41        |            |
|=============================================================================================|
| OS: 24.04.4 LTS (Noble Numbat) ubuntu, Version: 24.04.4, Kernel: 6.8.0-139-generic
| Processor: AMD Ryzen Threadripper PRO 5965WX 24-Cores
| Cores: 24 | Logical Cores: 48
|---------------------------------------------------------------------------------------------|
| Total Memory (MB): 128634 | Free Memory: 75927
| Total Page/Swap (MB): 8191 | Free Page/Swap: 0
|---------------------------------------------------------------------------------------------|
2026-09-09T03:40:03Z [1,324ms] [Warning] [gpu.foundation.plugin] IOMMU is enabled.
2026-09-09T03:40:03Z [2,189ms] [Warning] [carb.windowing-glfw.plugin] GLFW initialization failed.
2026-09-09T03:40:03Z [2,189ms] [Warning] [carb] Failed to startup plugin carb.windowing-glfw.plugin (interfaces: [carb::windowing::IGLContext v1.0],[carb::windowing::IWindowing v1.5]) (impl: carb.windowing-glfw.plugin)
2026-09-09T03:40:03Z [2,211ms] [Warning] [carb.windowing-glfw.plugin] GLFW initialization failed.
2026-09-09T03:40:03Z [2,211ms] [Warning] [carb] Failed to startup plugin carb.windowing-glfw.plugin (interfaces: [carb::windowing::IGLContext v1.0],[carb::windowing::IWindowing v1.5]) (impl: carb.windowing-glfw.plugin)
2026-09-09T03:40:03Z [2,220ms] [Warning] [carb.windowing-glfw.plugin] GLFW initialization failed.
2026-09-09T03:40:03Z [2,220ms] [Warning] [carb] Failed to startup plugin carb.windowing-glfw.plugin (interfaces: [carb::windowing::IGLContext v1.0],[carb::windowing::IWindowing v1.5]) (impl: carb.windowing-glfw.plugin)
2026-09-09T03:40:03Z [2,238ms] [Warning] [carb.windowing-glfw.plugin] GLFW initialization failed.
2026-09-09T03:40:03Z [2,238ms] [Warning] [carb] Failed to startup plugin carb.windowing-glfw.plugin (interfaces: [carb::windowing::IGLContext v1.0],[carb::windowing::IWindowing v1.5]) (impl: carb.windowing-glfw.plugin)
2026-09-09T03:40:03Z [2,240ms] [Warning] [carb.windowing-glfw.plugin] GLFW initialization failed.
2026-09-09T03:40:03Z [2,240ms] [Warning] [carb] Failed to startup plugin carb.windowing-glfw.plugin (interfaces: [carb::windowing::IGLContext v1.0],[carb::windowing::IWindowing v1.5]) (impl: carb.windowing-glfw.plugin)
2026-09-09T03:40:03Z [2,241ms] [Warning] [carb.windowing-glfw.plugin] GLFW initialization failed.
2026-09-09T03:40:03Z [2,241ms] [Warning] [carb] Failed to startup plugin carb.windowing-glfw.plugin (interfaces: [carb::windowing::IGLContext v1.0],[carb::windowing::IWindowing v1.5]) (impl: carb.windowing-glfw.plugin)
2026-09-09T03:40:04Z [2,520ms] [Warning] [omni.log] Source: omni.hydra was already registered.
2026-09-09T03:40:04Z [2,991ms] [Warning] [carb] Acquiring non optional plugin interface which is not listed as dependency: [omni::physx::IPhysxBenchmarks v1.0] (plugin: <default plugin>), by client: omni.physics.physx.plugin. Add it to CARB_PLUGIN_IMPL_DEPS() macro of a client.
2026-09-09T03:40:04Z [3,006ms] [Warning] [omni.isaac.dynamic_control] omni.isaac.dynamic_control is deprecated as of Isaac Sim 4.5. No action is needed from end-users.
2026-09-09T03:40:08Z [6,987ms] [Warning] [pxr.Semantics] pxr.Semantics is deprecated - please use Semantics instead
2026-09-09T03:40:08Z [7,183ms] [Warning] [omni.graph.core.plugin] Found duplicate of category 'Replicator' - was 'Annotators', adding 'Fabric Reader'
2026-09-09T03:40:08Z [7,183ms] [Warning] [omni.graph.core.plugin] Category 'Replicator' not accepted on node type 'omni.replicator.core.FabricReader' in extension 'omni.replicator.core'
2026-09-09T03:40:08Z [7,184ms] [Warning] [omni.replicator.core.scripts.extension] No material configuration file, adding configuration to material settings directly.
[INFO][AppLauncher]: Using device: cuda:0
[INFO][AppLauncher]: Loading experience file: /scratch2/dima/IsaacLab/apps/isaaclab.python.headless.rendering.kit
[sim] dt=0.01 decimation=1 -> control_dt=10.0 ms (100 Hz)
[env] gym.make Isaac-Drone-Warehouse-Gates-Vision-Crazyflie-Play-WithSensors-Coll-v0

[36m===================================================================================================================================================================[0m
[36m[1m[INFO][IsaacLab]: Logging to file: /scratch/agustin/xpurt-dev-sync/results/codesign_feedback/strengthen_campaign/tmp/isaaclab/logs/isaaclab_2026-09-08_20-40-18.log[0m
[36m===================================================================================================================================================================[0m

[33m20:40:18 [simulation_context.py] WARNING: The `enable_external_forces_every_iteration` parameter in the PhysxCfg is set to False. If you are experiencing noisy velocities, consider enabling this flag. You may need to slightly increase the number of velocity iterations (setting it to 1 or 2 rather than 0), together with this flag, to improve the accuracy of velocity updates.[0m
[INFO]: Base environment:
	Environment device    : cuda:0
	Environment seed      : None
	Physics step-size     : 0.01
	Rendering step-size   : 0.01
	Environment step-size : 0.01
[INFO]: Time taken for scene creation : 13.324617 seconds
[INFO]: Scene manager:  <class InteractiveScene>
	Number of environments: 1
	Environment spacing   : 40.0
	Source prim name      : /World/envs/env_0
	Global prim paths     : []
	Replicate physics     : True
[INFO]: Starting the simulation. This may take a few seconds. Please wait...
[INFO]: Time taken for simulation start : 29.072800 seconds
[INFO] Command Manager:  <CommandManager> contains 1 active terms.
+---------------------------------------+
|          Active Command Terms         |
+-------+------+------------------------+
| Index | Name |          Type          |
+-------+------+------------------------+
|   0   | goal | FixedGateCourseCommand |
+-------+------+------------------------+

[INFO] Event Manager:  <EventManager> contains 2 active terms.
+------------------------------------+
| Active Event Terms in Mode: 'reset' |
+----------+-------------------------+
|  Index   | Name                    |
+----------+-------------------------+
|    0     | reset_base              |
|    1     | reset_obstacles         |
|    2     | randomize_light         |
+----------+-------------------------+
+-------------------------------------------------+
|      Active Event Terms in Mode: 'interval'     |
+-------+---------------+-------------------------+
| Index | Name          | Interval time range (s) |
+-------+---------------+-------------------------+
|   0   | move_people   |        (0.0, 0.0)       |
|   1   | move_forklift |        (0.0, 0.0)       |
+-------+---------------+-------------------------+

[INFO] Recorder Manager:  <RecorderManager> contains 0 active terms.
+---------------------+
| Active Recorder Terms |
+-----------+---------+
|   Index   | Name    |
+-----------+---------+
+-----------+---------+

[INFO] Action Manager:  <ActionManager> contains 1 active terms.
+-----------------------------------+
|   Active Action Terms (shape: 4)  |
+--------+------------+-------------+
| Index  | Name       |   Dimension |
+--------+------------+-------------+
|   0    | velocity   |           4 |
+--------+------------+-------------+

[INFO] Observation Manager: <ObservationManager> contains 1 groups.
+---------------------------------------------------------+
| Active Observation Terms in Group: 'policy' (shape: (33,)) |
+-----------+---------------------------------+-----------+
|   Index   | Name                            |   Shape   |
+-----------+---------------------------------+-----------+
|     0     | base_lin_vel                    |    (3,)   |
|     1     | base_ang_vel                    |    (3,)   |
|     2     | projected_gravity               |    (3,)   |
|     3     | base_height                     |    (1,)   |
|     4     | goal                            |    (4,)   |
|     5     | obstacles                       |   (15,)   |
|     6     | last_action                     |    (4,)   |
+-----------+---------------------------------+-----------+

[INFO] Termination Manager:  <TerminationManager> contains 3 active terms.
+---------------------------------+
|     Active Termination Terms    |
+-------+--------------+----------+
| Index | Name         | Time Out |
+-------+--------------+----------+
|   0   | time_out     |   True   |
|   1   | crash_ground |  False   |
|   2   | collision    |  False   |
+-------+--------------+----------+

[INFO] Reward Manager:  <RewardManager> contains 5 active terms.
+---------------------------------+
|       Active Reward Terms       |
+-------+----------------+--------+
| Index | Name           | Weight |
+-------+----------------+--------+
|   0   | navigation     |    1.0 |
|   1   | gate_pass      |   20.0 |
|   2   | course_done    |    5.0 |
|   3   | collision      | -100.0 |
|   4   | success_metric |    1.0 |
+-------+----------------+--------+

[INFO] Curriculum Manager:  <CurriculumManager> contains 1 active terms.
+---------------------------+
|  Active Curriculum Terms  |
+--------+------------------+
| Index  | Name             |
+--------+------------------+
|   0    | obstacle_count   |
+--------+------------------+

[INFO]: Completed setting up the environment...
[sched] latency=38.0 ms, control_dt=10.0 ms -> refresh every 4 step(s) (25 Hz effective command rate)
[percep] latency=0.0 ms -> delay 0 step(s) (act on perception 0.0 ms old)
[nav] FusedSensorNet out_dim=2 vision=cnn loaded: /scratch/agustin/projects/DIMA/XPU-RT/sims/models/warehouse/nav_fused_v12_cnn.pt
[ctrl] actor arch inferred from ckpt: [16, 256, 128, 64, 4]
[ctrl] RL/MLP controller loaded: /scratch/agustin/projects/DIMA/XPU-RT/sims/models/warehouse/rl_controller_velctrl_dr4.pt (moment_scale=0.0055)
[yolo] warehouse detector loaded: /scratch/agustin/projects/DIMA/XPU-RT/sims/models/warehouse/yolov8n_gate_person_128x192.pt
[demo] hid 132 roof prims for the overhead view
[demo] overhead K fx=849.3 cx=640.0  pos=[         -8        13.5          13]  quat=[          0       0.707       0.707          -0]
[demo] FIXED iso cam eye=[        -13        -0.5          13] -> center=[         -8        13.5           2] (offset (-5.0, -14.0, 11.0))
[gantt] embedded XPU-RT schedule: /scratch2/agustin/XPU-RT/schedules/scheduled_networks_k1_live_stack_cpsat_profiled.json (333 dispatches, makespan 90.0 ms)
[term] ep00 seed=1000 terms=collision -> crash/clip
[ep00] seed=1000 outcome=crash     gates=2/4 steps=1010 crash_type=clip
[term] ep01 seed=1001 terms=collision -> crash/clip
[ep01] seed=1001 outcome=crash     gates=1/4 steps=469 crash_type=clip
[term] ep02 seed=1002 terms=collision -> crash/clip
[ep02] seed=1002 outcome=crash     gates=1/4 steps=265 crash_type=clip
[term] ep03 seed=1003 terms=collision -> crash/clip
[ep03] seed=1003 outcome=crash     gates=1/4 steps=750 crash_type=clip
[term] ep04 seed=1004 terms=collision -> crash/clip
[ep04] seed=1004 outcome=crash     gates=1/4 steps=474 crash_type=clip
[term] ep05 seed=1005 terms=collision -> crash/clip
[ep05] seed=1005 outcome=crash     gates=1/4 steps=639 crash_type=clip
[SWEEP] ms=0.0055 cruise=1.2 walk=0.0 hold=0.0 SUCCESS 0/6 clip=6 ground=0  s1000:cras(2/4,1010,clip) s1001:cras(1/4,469,clip) s1002:cras(1/4,265,clip) s1003:cras(1/4,750,clip) s1004:cras(1/4,474,clip) s1005:cras(1/4,639,clip)
[SWEEP-CSV] appended 6 rows -> /scratch/agustin/xpurt-dev-sync/results/codesign_feedback/hil_ablation_courseB.csv
[out] wrote out/v12_crowded_sensor_demo.mp4
Loading user config located at: '/scratch2/agustin/miniforge3/envs/env_isaaclab/lib/python3.11/site-packages/isaacsim/kit/data/Kit/Isaac-Sim/5.1/user.config.json'
[Info] [carb] Logging to file: /scratch2/agustin/miniforge3/envs/env_isaaclab/lib/python3.11/site-packages/isaacsim/kit/logs/Kit/Isaac-Sim/5.1/kit_20260908_204529.log
2026-09-09T03:45:29Z [298ms] [Warning] [carb.windowing-glfw.plugin] GLFW initialization failed.
2026-09-09T03:45:29Z [298ms] [Warning] [carb] Failed to startup plugin carb.windowing-glfw.plugin (interfaces: [carb::windowing::IGLContext v1.0],[carb::windowing::IWindowing v1.5]) (impl: carb.windowing-glfw.plugin)
2026-09-09T03:45:29Z [325ms] [Warning] [omni.platforminfo.plugin] failed to open the default display.  Can't verify X Server version.

|---------------------------------------------------------------------------------------------|
| Driver Version: 560.35.05     | Graphics API: Vulkan
|=============================================================================================|
| GPU | Name                             | Active | LDA | GPU Memory | Vendor-ID | LUID       |
|     |                                  |        |     |            | Device-ID | UUID       |
|     |                                  |        |     |            | Bus-ID    |            |
|---------------------------------------------------------------------------------------------|
| 0   | NVIDIA TITAN RTX                 | Yes: 0 |     | 24822   MB | 10de      | 0          |
|     |                                  |        |     |            | 1e02      | 61ac89bf.. |
|     |                                  |        |     |            | 41        |            |
|=============================================================================================|
| OS: 24.04.4 LTS (Noble Numbat) ubuntu, Version: 24.04.4, Kernel: 6.8.0-139-generic
| Processor: AMD Ryzen Threadripper PRO 5965WX 24-Cores
| Cores: 24 | Logical Cores: 48
|---------------------------------------------------------------------------------------------|
| Total Memory (MB): 128634 | Free Memory: 70841
| Total Page/Swap (MB): 8191 | Free Page/Swap: 0
|---------------------------------------------------------------------------------------------|
2026-09-09T03:45:30Z [1,099ms] [Warning] [gpu.foundation.plugin] IOMMU is enabled.
2026-09-09T03:45:31Z [1,888ms] [Warning] [carb.windowing-glfw.plugin] GLFW initialization failed.
2026-09-09T03:45:31Z [1,888ms] [Warning] [carb] Failed to startup plugin carb.windowing-glfw.plugin (interfaces: [carb::windowing::IGLContext v1.0],[carb::windowing::IWindowing v1.5]) (impl: carb.windowing-glfw.plugin)
2026-09-09T03:45:31Z [1,904ms] [Warning] [carb.windowing-glfw.plugin] GLFW initialization failed.
2026-09-09T03:45:31Z [1,904ms] [Warning] [carb] Failed to startup plugin carb.windowing-glfw.plugin (interfaces: [carb::windowing::IGLContext v1.0],[carb::windowing::IWindowing v1.5]) (impl: carb.windowing-glfw.plugin)
2026-09-09T03:45:31Z [1,912ms] [Warning] [carb.windowing-glfw.plugin] GLFW initialization failed.
2026-09-09T03:45:31Z [1,912ms] [Warning] [carb] Failed to startup plugin carb.windowing-glfw.plugin (interfaces: [carb::windowing::IGLContext v1.0],[carb::windowing::IWindowing v1.5]) (impl: carb.windowing-glfw.plugin)
2026-09-09T03:45:31Z [1,923ms] [Warning] [carb.windowing-glfw.plugin] GLFW initialization failed.
2026-09-09T03:45:31Z [1,923ms] [Warning] [carb] Failed to startup plugin carb.windowing-glfw.plugin (interfaces: [carb::windowing::IGLContext v1.0],[carb::windowing::IWindowing v1.5]) (impl: carb.windowing-glfw.plugin)
2026-09-09T03:45:31Z [1,924ms] [Warning] [carb.windowing-glfw.plugin] GLFW initialization failed.
2026-09-09T03:45:31Z [1,924ms] [Warning] [carb] Failed to startup plugin carb.windowing-glfw.plugin (interfaces: [carb::windowing::IGLContext v1.0],[carb::windowing::IWindowing v1.5]) (impl: carb.windowing-glfw.plugin)
2026-09-09T03:45:31Z [1,925ms] [Warning] [carb.windowing-glfw.plugin] GLFW initialization failed.
2026-09-09T03:45:31Z [1,925ms] [Warning] [carb] Failed to startup plugin carb.windowing-glfw.plugin (interfaces: [carb::windowing::IGLContext v1.0],[carb::windowing::IWindowing v1.5]) (impl: carb.windowing-glfw.plugin)
2026-09-09T03:45:31Z [2,160ms] [Warning] [omni.log] Source: omni.hydra was already registered.
2026-09-09T03:45:32Z [2,640ms] [Warning] [carb] Acquiring non optional plugin interface which is not listed as dependency: [omni::physx::IPhysxBenchmarks v1.0] (plugin: <default plugin>), by client: omni.physics.physx.plugin. Add it to CARB_PLUGIN_IMPL_DEPS() macro of a client.
2026-09-09T03:45:32Z [2,653ms] [Warning] [omni.isaac.dynamic_control] omni.isaac.dynamic_control is deprecated as of Isaac Sim 4.5. No action is needed from end-users.
2026-09-09T03:45:35Z [6,377ms] [Warning] [pxr.Semantics] pxr.Semantics is deprecated - please use Semantics instead
2026-09-09T03:45:36Z [6,550ms] [Warning] [omni.graph.core.plugin] Found duplicate of category 'Replicator' - was 'Annotators', adding 'Fabric Reader'
2026-09-09T03:45:36Z [6,550ms] [Warning] [omni.graph.core.plugin] Category 'Replicator' not accepted on node type 'omni.replicator.core.FabricReader' in extension 'omni.replicator.core'
2026-09-09T03:45:36Z [6,551ms] [Warning] [omni.replicator.core.scripts.extension] No material configuration file, adding configuration to material settings directly.
[INFO][AppLauncher]: Using device: cuda:0
[INFO][AppLauncher]: Loading experience file: /scratch2/dima/IsaacLab/apps/isaaclab.python.headless.rendering.kit
[sim] dt=0.01 decimation=1 -> control_dt=10.0 ms (100 Hz)
[env] gym.make Isaac-Drone-Warehouse-Gates-Vision-Crazyflie-Play-WithSensors-Coll-v0

[36m===================================================================================================================================================================[0m
[36m[1m[INFO][IsaacLab]: Logging to file: /scratch/agustin/xpurt-dev-sync/results/codesign_feedback/strengthen_campaign/tmp/isaaclab/logs/isaaclab_2026-09-08_20-45-45.log[0m
[36m===================================================================================================================================================================[0m

[33m20:45:45 [simulation_context.py] WARNING: The `enable_external_forces_every_iteration` parameter in the PhysxCfg is set to False. If you are experiencing noisy velocities, consider enabling this flag. You may need to slightly increase the number of velocity iterations (setting it to 1 or 2 rather than 0), together with this flag, to improve the accuracy of velocity updates.[0m
[INFO]: Base environment:
	Environment device    : cuda:0
	Environment seed      : None
	Physics step-size     : 0.01
	Rendering step-size   : 0.01
	Environment step-size : 0.01
[INFO]: Time taken for scene creation : 13.356466 seconds
[INFO]: Scene manager:  <class InteractiveScene>
	Number of environments: 1
	Environment spacing   : 40.0
	Source prim name      : /World/envs/env_0
	Global prim paths     : []
	Replicate physics     : True
[INFO]: Starting the simulation. This may take a few seconds. Please wait...
[INFO]: Time taken for simulation start : 27.499101 seconds
[INFO] Command Manager:  <CommandManager> contains 1 active terms.
+---------------------------------------+
|          Active Command Terms         |
+-------+------+------------------------+
| Index | Name |          Type          |
+-------+------+------------------------+
|   0   | goal | FixedGateCourseCommand |
+-------+------+------------------------+

[INFO] Event Manager:  <EventManager> contains 2 active terms.
+------------------------------------+
| Active Event Terms in Mode: 'reset' |
+----------+-------------------------+
|  Index   | Name                    |
+----------+-------------------------+
|    0     | reset_base              |
|    1     | reset_obstacles         |
|    2     | randomize_light         |
+----------+-------------------------+
+-------------------------------------------------+
|      Active Event Terms in Mode: 'interval'     |
+-------+---------------+-------------------------+
| Index | Name          | Interval time range (s) |
+-------+---------------+-------------------------+
|   0   | move_people   |        (0.0, 0.0)       |
|   1   | move_forklift |        (0.0, 0.0)       |
+-------+---------------+-------------------------+

[INFO] Recorder Manager:  <RecorderManager> contains 0 active terms.
+---------------------+
| Active Recorder Terms |
+-----------+---------+
|   Index   | Name    |
+-----------+---------+
+-----------+---------+

[INFO] Action Manager:  <ActionManager> contains 1 active terms.
+-----------------------------------+
|   Active Action Terms (shape: 4)  |
+--------+------------+-------------+
| Index  | Name       |   Dimension |
+--------+------------+-------------+
|   0    | velocity   |           4 |
+--------+------------+-------------+

[INFO] Observation Manager: <ObservationManager> contains 1 groups.
+---------------------------------------------------------+
| Active Observation Terms in Group: 'policy' (shape: (33,)) |
+-----------+---------------------------------+-----------+
|   Index   | Name                            |   Shape   |
+-----------+---------------------------------+-----------+
|     0     | base_lin_vel                    |    (3,)   |
|     1     | base_ang_vel                    |    (3,)   |
|     2     | projected_gravity               |    (3,)   |
|     3     | base_height                     |    (1,)   |
|     4     | goal                            |    (4,)   |
|     5     | obstacles                       |   (15,)   |
|     6     | last_action                     |    (4,)   |
+-----------+---------------------------------+-----------+

[INFO] Termination Manager:  <TerminationManager> contains 3 active terms.
+---------------------------------+
|     Active Termination Terms    |
+-------+--------------+----------+
| Index | Name         | Time Out |
+-------+--------------+----------+
|   0   | time_out     |   True   |
|   1   | crash_ground |  False   |
|   2   | collision    |  False   |
+-------+--------------+----------+

[INFO] Reward Manager:  <RewardManager> contains 5 active terms.
+---------------------------------+
|       Active Reward Terms       |
+-------+----------------+--------+
| Index | Name           | Weight |
+-------+----------------+--------+
|   0   | navigation     |    1.0 |
|   1   | gate_pass      |   20.0 |
|   2   | course_done    |    5.0 |
|   3   | collision      | -100.0 |
|   4   | success_metric |    1.0 |
+-------+----------------+--------+

[INFO] Curriculum Manager:  <CurriculumManager> contains 1 active terms.
+---------------------------+
|  Active Curriculum Terms  |
+--------+------------------+
| Index  | Name             |
+--------+------------------+
|   0    | obstacle_count   |
+--------+------------------+

[INFO]: Completed setting up the environment...
[sched] latency=8.0 ms, control_dt=10.0 ms -> refresh every 1 step(s) (100 Hz effective command rate)
[percep] latency=0.0 ms -> delay 0 step(s) (act on perception 0.0 ms old)
[nav] FusedSensorNet out_dim=2 vision=cnn loaded: /scratch/agustin/projects/DIMA/XPU-RT/sims/models/warehouse/nav_fused_v12_cnn.pt
[ctrl] actor arch inferred from ckpt: [16, 256, 128, 64, 4]
[ctrl] RL/MLP controller loaded: /scratch/agustin/projects/DIMA/XPU-RT/sims/models/warehouse/rl_controller_velctrl_dr4.pt (moment_scale=0.0055)
[yolo] warehouse detector loaded: /scratch/agustin/projects/DIMA/XPU-RT/sims/models/warehouse/yolov8n_gate_person_128x192.pt
[demo] hid 132 roof prims for the overhead view
[demo] overhead K fx=849.3 cx=640.0  pos=[         -8        13.5          13]  quat=[          0       0.707       0.707          -0]
[demo] FIXED iso cam eye=[        -13        -0.5          13] -> center=[         -8        13.5           2] (offset (-5.0, -14.0, 11.0))
[gantt] embedded XPU-RT schedule: /scratch2/agustin/XPU-RT/schedules/scheduled_networks_k1_live_stack_cpsat_profiled.json (333 dispatches, makespan 90.0 ms)
[ep00] seed=1000 outcome=success   gates=4/4 steps=1024 crash_type=-
[term] ep01 seed=1001 terms=collision -> crash/clip
[ep01] seed=1001 outcome=crash     gates=1/4 steps=348 crash_type=clip
[term] ep02 seed=1002 terms=collision -> crash/clip
[ep02] seed=1002 outcome=crash     gates=3/4 steps=905 crash_type=clip
[term] ep03 seed=1003 terms=collision -> crash/clip
[ep03] seed=1003 outcome=crash     gates=1/4 steps=355 crash_type=clip
[term] ep04 seed=1004 terms=collision -> crash/clip
[ep04] seed=1004 outcome=crash     gates=1/4 steps=347 crash_type=clip
[term] ep05 seed=1005 terms=collision -> crash/clip
[ep05] seed=1005 outcome=crash     gates=1/4 steps=358 crash_type=clip
[SWEEP] ms=0.0055 cruise=1.4 walk=0.0 hold=0.0 SUCCESS 1/6 clip=5 ground=0  s1000:succ(4/4,1024,-) s1001:cras(1/4,348,clip) s1002:cras(3/4,905,clip) s1003:cras(1/4,355,clip) s1004:cras(1/4,347,clip) s1005:cras(1/4,358,clip)
[SWEEP-CSV] appended 6 rows -> /scratch/agustin/xpurt-dev-sync/results/codesign_feedback/hil_ablation_courseB.csv
[out] wrote out/v12_crowded_sensor_demo.mp4
Loading user config located at: '/scratch2/agustin/miniforge3/envs/env_isaaclab/lib/python3.11/site-packages/isaacsim/kit/data/Kit/Isaac-Sim/5.1/user.config.json'
[Info] [carb] Logging to file: /scratch2/agustin/miniforge3/envs/env_isaaclab/lib/python3.11/site-packages/isaacsim/kit/logs/Kit/Isaac-Sim/5.1/kit_20260908_205054.log
2026-09-09T03:50:54Z [204ms] [Warning] [carb.windowing-glfw.plugin] GLFW initialization failed.
2026-09-09T03:50:54Z [204ms] [Warning] [carb] Failed to startup plugin carb.windowing-glfw.plugin (interfaces: [carb::windowing::IGLContext v1.0],[carb::windowing::IWindowing v1.5]) (impl: carb.windowing-glfw.plugin)
2026-09-09T03:50:54Z [233ms] [Warning] [omni.platforminfo.plugin] failed to open the default display.  Can't verify X Server version.

|---------------------------------------------------------------------------------------------|
| Driver Version: 560.35.05     | Graphics API: Vulkan
|=============================================================================================|
| GPU | Name                             | Active | LDA | GPU Memory | Vendor-ID | LUID       |
|     |                                  |        |     |            | Device-ID | UUID       |
|     |                                  |        |     |            | Bus-ID    |            |
|---------------------------------------------------------------------------------------------|
| 0   | NVIDIA TITAN RTX                 | Yes: 0 |     | 24822   MB | 10de      | 0          |
|     |                                  |        |     |            | 1e02      | 61ac89bf.. |
|     |                                  |        |     |            | 41        |            |
|=============================================================================================|
| OS: 24.04.4 LTS (Noble Numbat) ubuntu, Version: 24.04.4, Kernel: 6.8.0-139-generic
| Processor: AMD Ryzen Threadripper PRO 5965WX 24-Cores
| Cores: 24 | Logical Cores: 48
|---------------------------------------------------------------------------------------------|
| Total Memory (MB): 128634 | Free Memory: 74515
| Total Page/Swap (MB): 8191 | Free Page/Swap: 1
|---------------------------------------------------------------------------------------------|
2026-09-09T03:50:55Z [1,153ms] [Warning] [gpu.foundation.plugin] IOMMU is enabled.
2026-09-09T03:50:56Z [1,879ms] [Warning] [carb.windowing-glfw.plugin] GLFW initialization failed.
2026-09-09T03:50:56Z [1,879ms] [Warning] [carb] Failed to startup plugin carb.windowing-glfw.plugin (interfaces: [carb::windowing::IGLContext v1.0],[carb::windowing::IWindowing v1.5]) (impl: carb.windowing-glfw.plugin)
2026-09-09T03:50:56Z [1,895ms] [Warning] [carb.windowing-glfw.plugin] GLFW initialization failed.
2026-09-09T03:50:56Z [1,895ms] [Warning] [carb] Failed to startup plugin carb.windowing-glfw.plugin (interfaces: [carb::windowing::IGLContext v1.0],[carb::windowing::IWindowing v1.5]) (impl: carb.windowing-glfw.plugin)
2026-09-09T03:50:56Z [1,903ms] [Warning] [carb.windowing-glfw.plugin] GLFW initialization failed.
2026-09-09T03:50:56Z [1,903ms] [Warning] [carb] Failed to startup plugin carb.windowing-glfw.plugin (interfaces: [carb::windowing::IGLContext v1.0],[carb::windowing::IWindowing v1.5]) (impl: carb.windowing-glfw.plugin)
2026-09-09T03:50:56Z [1,914ms] [Warning] [carb.windowing-glfw.plugin] GLFW initialization failed.
2026-09-09T03:50:56Z [1,914ms] [Warning] [carb] Failed to startup plugin carb.windowing-glfw.plugin (interfaces: [carb::windowing::IGLContext v1.0],[carb::windowing::IWindowing v1.5]) (impl: carb.windowing-glfw.plugin)
2026-09-09T03:50:56Z [1,916ms] [Warning] [carb.windowing-glfw.plugin] GLFW initialization failed.
2026-09-09T03:50:56Z [1,916ms] [Warning] [carb] Failed to startup plugin carb.windowing-glfw.plugin (interfaces: [carb::windowing::IGLContext v1.0],[carb::windowing::IWindowing v1.5]) (impl: carb.windowing-glfw.plugin)
2026-09-09T03:50:56Z [1,916ms] [Warning] [carb.windowing-glfw.plugin] GLFW initialization failed.
2026-09-09T03:50:56Z [1,916ms] [Warning] [carb] Failed to startup plugin carb.windowing-glfw.plugin (interfaces: [carb::windowing::IGLContext v1.0],[carb::windowing::IWindowing v1.5]) (impl: carb.windowing-glfw.plugin)
2026-09-09T03:50:56Z [2,127ms] [Warning] [omni.log] Source: omni.hydra was already registered.
2026-09-09T03:50:56Z [2,454ms] [Warning] [carb] Acquiring non optional plugin interface which is not listed as dependency: [omni::physx::IPhysxBenchmarks v1.0] (plugin: <default plugin>), by client: omni.physics.physx.plugin. Add it to CARB_PLUGIN_IMPL_DEPS() macro of a client.
2026-09-09T03:50:56Z [2,468ms] [Warning] [omni.isaac.dynamic_control] omni.isaac.dynamic_control is deprecated as of Isaac Sim 4.5. No action is needed from end-users.
2026-09-09T03:51:00Z [6,084ms] [Warning] [pxr.Semantics] pxr.Semantics is deprecated - please use Semantics instead
2026-09-09T03:51:00Z [6,211ms] [Warning] [omni.graph.core.plugin] Found duplicate of category 'Replicator' - was 'Annotators', adding 'Fabric Reader'
2026-09-09T03:51:00Z [6,211ms] [Warning] [omni.graph.core.plugin] Category 'Replicator' not accepted on node type 'omni.replicator.core.FabricReader' in extension 'omni.replicator.core'
2026-09-09T03:51:00Z [6,212ms] [Warning] [omni.replicator.core.scripts.extension] No material configuration file, adding configuration to material settings directly.
[INFO][AppLauncher]: Using device: cuda:0
[INFO][AppLauncher]: Loading experience file: /scratch2/dima/IsaacLab/apps/isaaclab.python.headless.rendering.kit
[sim] dt=0.01 decimation=1 -> control_dt=10.0 ms (100 Hz)
[env] gym.make Isaac-Drone-Warehouse-Gates-Vision-Crazyflie-Play-WithSensors-Coll-v0

[36m===================================================================================================================================================================[0m
[36m[1m[INFO][IsaacLab]: Logging to file: /scratch/agustin/xpurt-dev-sync/results/codesign_feedback/strengthen_campaign/tmp/isaaclab/logs/isaaclab_2026-09-08_20-51-09.log[0m
[36m===================================================================================================================================================================[0m

[33m20:51:09 [simulation_context.py] WARNING: The `enable_external_forces_every_iteration` parameter in the PhysxCfg is set to False. If you are experiencing noisy velocities, consider enabling this flag. You may need to slightly increase the number of velocity iterations (setting it to 1 or 2 rather than 0), together with this flag, to improve the accuracy of velocity updates.[0m
[INFO]: Base environment:
	Environment device    : cuda:0
	Environment seed      : None
	Physics step-size     : 0.01
	Rendering step-size   : 0.01
	Environment step-size : 0.01
[INFO]: Time taken for scene creation : 13.688727 seconds
[INFO]: Scene manager:  <class InteractiveScene>
	Number of environments: 1
	Environment spacing   : 40.0
	Source prim name      : /World/envs/env_0
	Global prim paths     : []
	Replicate physics     : True
[INFO]: Starting the simulation. This may take a few seconds. Please wait...
[INFO]: Time taken for simulation start : 29.254490 seconds
[INFO] Command Manager:  <CommandManager> contains 1 active terms.
+---------------------------------------+
|          Active Command Terms         |
+-------+------+------------------------+
| Index | Name |          Type          |
+-------+------+------------------------+
|   0   | goal | FixedGateCourseCommand |
+-------+------+------------------------+

[INFO] Event Manager:  <EventManager> contains 2 active terms.
+------------------------------------+
| Active Event Terms in Mode: 'reset' |
+----------+-------------------------+
|  Index   | Name                    |
+----------+-------------------------+
|    0     | reset_base              |
|    1     | reset_obstacles         |
|    2     | randomize_light         |
+----------+-------------------------+
+-------------------------------------------------+
|      Active Event Terms in Mode: 'interval'     |
+-------+---------------+-------------------------+
| Index | Name          | Interval time range (s) |
+-------+---------------+-------------------------+
|   0   | move_people   |        (0.0, 0.0)       |
|   1   | move_forklift |        (0.0, 0.0)       |
+-------+---------------+-------------------------+

[INFO] Recorder Manager:  <RecorderManager> contains 0 active terms.
+---------------------+
| Active Recorder Terms |
+-----------+---------+
|   Index   | Name    |
+-----------+---------+
+-----------+---------+

[INFO] Action Manager:  <ActionManager> contains 1 active terms.
+-----------------------------------+
|   Active Action Terms (shape: 4)  |
+--------+------------+-------------+
| Index  | Name       |   Dimension |
+--------+------------+-------------+
|   0    | velocity   |           4 |
+--------+------------+-------------+

[INFO] Observation Manager: <ObservationManager> contains 1 groups.
+---------------------------------------------------------+
| Active Observation Terms in Group: 'policy' (shape: (33,)) |
+-----------+---------------------------------+-----------+
|   Index   | Name                            |   Shape   |
+-----------+---------------------------------+-----------+
|     0     | base_lin_vel                    |    (3,)   |
|     1     | base_ang_vel                    |    (3,)   |
|     2     | projected_gravity               |    (3,)   |
|     3     | base_height                     |    (1,)   |
|     4     | goal                            |    (4,)   |
|     5     | obstacles                       |   (15,)   |
|     6     | last_action                     |    (4,)   |
+-----------+---------------------------------+-----------+

[INFO] Termination Manager:  <TerminationManager> contains 3 active terms.
+---------------------------------+
|     Active Termination Terms    |
+-------+--------------+----------+
| Index | Name         | Time Out |
+-------+--------------+----------+
|   0   | time_out     |   True   |
|   1   | crash_ground |  False   |
|   2   | collision    |  False   |
+-------+--------------+----------+

[INFO] Reward Manager:  <RewardManager> contains 5 active terms.
+---------------------------------+
|       Active Reward Terms       |
+-------+----------------+--------+
| Index | Name           | Weight |
+-------+----------------+--------+
|   0   | navigation     |    1.0 |
|   1   | gate_pass      |   20.0 |
|   2   | course_done    |    5.0 |
|   3   | collision      | -100.0 |
|   4   | success_metric |    1.0 |
+-------+----------------+--------+

[INFO] Curriculum Manager:  <CurriculumManager> contains 1 active terms.
+---------------------------+
|  Active Curriculum Terms  |
+--------+------------------+
| Index  | Name             |
+--------+------------------+
|   0    | obstacle_count   |
+--------+------------------+

[INFO]: Completed setting up the environment...
[sched] latency=18.0 ms, control_dt=10.0 ms -> refresh every 2 step(s) (50 Hz effective command rate)
[percep] latency=0.0 ms -> delay 0 step(s) (act on perception 0.0 ms old)
[nav] FusedSensorNet out_dim=2 vision=cnn loaded: /scratch/agustin/projects/DIMA/XPU-RT/sims/models/warehouse/nav_fused_v12_cnn.pt
[ctrl] actor arch inferred from ckpt: [16, 256, 128, 64, 4]
[ctrl] RL/MLP controller loaded: /scratch/agustin/projects/DIMA/XPU-RT/sims/models/warehouse/rl_controller_velctrl_dr4.pt (moment_scale=0.0055)
[yolo] warehouse detector loaded: /scratch/agustin/projects/DIMA/XPU-RT/sims/models/warehouse/yolov8n_gate_person_128x192.pt
[demo] hid 132 roof prims for the overhead view
[demo] overhead K fx=849.3 cx=640.0  pos=[         -8        13.5          13]  quat=[          0       0.707       0.707          -0]
[demo] FIXED iso cam eye=[        -13        -0.5          13] -> center=[         -8        13.5           2] (offset (-5.0, -14.0, 11.0))
[gantt] embedded XPU-RT schedule: /scratch2/agustin/XPU-RT/schedules/scheduled_networks_k1_live_stack_cpsat_profiled.json (333 dispatches, makespan 90.0 ms)
[term] ep00 seed=1000 terms=collision -> crash/clip
[ep00] seed=1000 outcome=crash     gates=2/4 steps=635 crash_type=clip
[term] ep01 seed=1001 terms=collision -> crash/clip
[ep01] seed=1001 outcome=crash     gates=2/4 steps=1173 crash_type=clip
[ep02] seed=1002 outcome=success   gates=4/4 steps=996 crash_type=-
[term] ep03 seed=1003 terms=collision -> crash/clip
[ep03] seed=1003 outcome=crash     gates=1/4 steps=382 crash_type=clip
[term] ep04 seed=1004 terms=collision -> crash/clip
[ep04] seed=1004 outcome=crash     gates=2/4 steps=643 crash_type=clip
[term] ep05 seed=1005 terms=collision -> crash/clip
[ep05] seed=1005 outcome=crash     gates=1/4 steps=573 crash_type=clip
[SWEEP] ms=0.0055 cruise=1.4 walk=0.0 hold=0.0 SUCCESS 1/6 clip=5 ground=0  s1000:cras(2/4,635,clip) s1001:cras(2/4,1173,clip) s1002:succ(4/4,996,-) s1003:cras(1/4,382,clip) s1004:cras(2/4,643,clip) s1005:cras(1/4,573,clip)
[SWEEP-CSV] appended 6 rows -> /scratch/agustin/xpurt-dev-sync/results/codesign_feedback/hil_ablation_courseB.csv
[out] wrote out/v12_crowded_sensor_demo.mp4
Loading user config located at: '/scratch2/agustin/miniforge3/envs/env_isaaclab/lib/python3.11/site-packages/isaacsim/kit/data/Kit/Isaac-Sim/5.1/user.config.json'
[Info] [carb] Logging to file: /scratch2/agustin/miniforge3/envs/env_isaaclab/lib/python3.11/site-packages/isaacsim/kit/logs/Kit/Isaac-Sim/5.1/kit_20260908_205720.log
2026-09-09T03:57:20Z [198ms] [Warning] [carb.windowing-glfw.plugin] GLFW initialization failed.
2026-09-09T03:57:20Z [198ms] [Warning] [carb] Failed to startup plugin carb.windowing-glfw.plugin (interfaces: [carb::windowing::IGLContext v1.0],[carb::windowing::IWindowing v1.5]) (impl: carb.windowing-glfw.plugin)
2026-09-09T03:57:20Z [227ms] [Warning] [omni.platforminfo.plugin] failed to open the default display.  Can't verify X Server version.

|---------------------------------------------------------------------------------------------|
| Driver Version: 560.35.05     | Graphics API: Vulkan
|=============================================================================================|
| GPU | Name                             | Active | LDA | GPU Memory | Vendor-ID | LUID       |
|     |                                  |        |     |            | Device-ID | UUID       |
|     |                                  |        |     |            | Bus-ID    |            |
|---------------------------------------------------------------------------------------------|
| 0   | NVIDIA TITAN RTX                 | Yes: 0 |     | 24822   MB | 10de      | 0          |
|     |                                  |        |     |            | 1e02      | 61ac89bf.. |
|     |                                  |        |     |            | 41        |            |
|=============================================================================================|
| OS: 24.04.4 LTS (Noble Numbat) ubuntu, Version: 24.04.4, Kernel: 6.8.0-139-generic
| Processor: AMD Ryzen Threadripper PRO 5965WX 24-Cores
| Cores: 24 | Logical Cores: 48
|---------------------------------------------------------------------------------------------|
| Total Memory (MB): 128634 | Free Memory: 70782
| Total Page/Swap (MB): 8191 | Free Page/Swap: 4
|---------------------------------------------------------------------------------------------|
2026-09-09T03:57:21Z [1,002ms] [Warning] [gpu.foundation.plugin] IOMMU is enabled.
2026-09-09T03:57:22Z [1,686ms] [Warning] [carb.windowing-glfw.plugin] GLFW initialization failed.
2026-09-09T03:57:22Z [1,686ms] [Warning] [carb] Failed to startup plugin carb.windowing-glfw.plugin (interfaces: [carb::windowing::IGLContext v1.0],[carb::windowing::IWindowing v1.5]) (impl: carb.windowing-glfw.plugin)
2026-09-09T03:57:22Z [1,700ms] [Warning] [carb.windowing-glfw.plugin] GLFW initialization failed.
2026-09-09T03:57:22Z [1,700ms] [Warning] [carb] Failed to startup plugin carb.windowing-glfw.plugin (interfaces: [carb::windowing::IGLContext v1.0],[carb::windowing::IWindowing v1.5]) (impl: carb.windowing-glfw.plugin)
2026-09-09T03:57:22Z [1,707ms] [Warning] [carb.windowing-glfw.plugin] GLFW initialization failed.
2026-09-09T03:57:22Z [1,707ms] [Warning] [carb] Failed to startup plugin carb.windowing-glfw.plugin (interfaces: [carb::windowing::IGLContext v1.0],[carb::windowing::IWindowing v1.5]) (impl: carb.windowing-glfw.plugin)
2026-09-09T03:57:22Z [1,717ms] [Warning] [carb.windowing-glfw.plugin] GLFW initialization failed.
2026-09-09T03:57:22Z [1,717ms] [Warning] [carb] Failed to startup plugin carb.windowing-glfw.plugin (interfaces: [carb::windowing::IGLContext v1.0],[carb::windowing::IWindowing v1.5]) (impl: carb.windowing-glfw.plugin)
2026-09-09T03:57:22Z [1,719ms] [Warning] [carb.windowing-glfw.plugin] GLFW initialization failed.
2026-09-09T03:57:22Z [1,719ms] [Warning] [carb] Failed to startup plugin carb.windowing-glfw.plugin (interfaces: [carb::windowing::IGLContext v1.0],[carb::windowing::IWindowing v1.5]) (impl: carb.windowing-glfw.plugin)
2026-09-09T03:57:22Z [1,719ms] [Warning] [carb.windowing-glfw.plugin] GLFW initialization failed.
2026-09-09T03:57:22Z [1,719ms] [Warning] [carb] Failed to startup plugin carb.windowing-glfw.plugin (interfaces: [carb::windowing::IGLContext v1.0],[carb::windowing::IWindowing v1.5]) (impl: carb.windowing-glfw.plugin)
2026-09-09T03:57:22Z [1,940ms] [Warning] [omni.log] Source: omni.hydra was already registered.
2026-09-09T03:57:22Z [2,245ms] [Warning] [carb] Acquiring non optional plugin interface which is not listed as dependency: [omni::physx::IPhysxBenchmarks v1.0] (plugin: <default plugin>), by client: omni.physics.physx.plugin. Add it to CARB_PLUGIN_IMPL_DEPS() macro of a client.
2026-09-09T03:57:22Z [2,255ms] [Warning] [omni.isaac.dynamic_control] omni.isaac.dynamic_control is deprecated as of Isaac Sim 4.5. No action is needed from end-users.
2026-09-09T03:57:26Z [5,731ms] [Warning] [pxr.Semantics] pxr.Semantics is deprecated - please use Semantics instead
2026-09-09T03:57:26Z [5,869ms] [Warning] [omni.graph.core.plugin] Found duplicate of category 'Replicator' - was 'Annotators', adding 'Fabric Reader'
2026-09-09T03:57:26Z [5,869ms] [Warning] [omni.graph.core.plugin] Category 'Replicator' not accepted on node type 'omni.replicator.core.FabricReader' in extension 'omni.replicator.core'
2026-09-09T03:57:26Z [5,870ms] [Warning] [omni.replicator.core.scripts.extension] No material configuration file, adding configuration to material settings directly.
[INFO][AppLauncher]: Using device: cuda:0
[INFO][AppLauncher]: Loading experience file: /scratch2/dima/IsaacLab/apps/isaaclab.python.headless.rendering.kit
[sim] dt=0.01 decimation=1 -> control_dt=10.0 ms (100 Hz)
[env] gym.make Isaac-Drone-Warehouse-Gates-Vision-Crazyflie-Play-WithSensors-Coll-v0

[36m===================================================================================================================================================================[0m
[36m[1m[INFO][IsaacLab]: Logging to file: /scratch/agustin/xpurt-dev-sync/results/codesign_feedback/strengthen_campaign/tmp/isaaclab/logs/isaaclab_2026-09-08_20-57-35.log[0m
[36m===================================================================================================================================================================[0m

[33m20:57:35 [simulation_context.py] WARNING: The `enable_external_forces_every_iteration` parameter in the PhysxCfg is set to False. If you are experiencing noisy velocities, consider enabling this flag. You may need to slightly increase the number of velocity iterations (setting it to 1 or 2 rather than 0), together with this flag, to improve the accuracy of velocity updates.[0m
[INFO]: Base environment:
	Environment device    : cuda:0
	Environment seed      : None
	Physics step-size     : 0.01
	Rendering step-size   : 0.01
	Environment step-size : 0.01
[INFO]: Time taken for scene creation : 13.125067 seconds
[INFO]: Scene manager:  <class InteractiveScene>
	Number of environments: 1
	Environment spacing   : 40.0
	Source prim name      : /World/envs/env_0
	Global prim paths     : []
	Replicate physics     : True
[INFO]: Starting the simulation. This may take a few seconds. Please wait...
[INFO]: Time taken for simulation start : 28.624925 seconds
[INFO] Command Manager:  <CommandManager> contains 1 active terms.
+---------------------------------------+
|          Active Command Terms         |
+-------+------+------------------------+
| Index | Name |          Type          |
+-------+------+------------------------+
|   0   | goal | FixedGateCourseCommand |
+-------+------+------------------------+

[INFO] Event Manager:  <EventManager> contains 2 active terms.
+------------------------------------+
| Active Event Terms in Mode: 'reset' |
+----------+-------------------------+
|  Index   | Name                    |
+----------+-------------------------+
|    0     | reset_base              |
|    1     | reset_obstacles         |
|    2     | randomize_light         |
+----------+-------------------------+
+-------------------------------------------------+
|      Active Event Terms in Mode: 'interval'     |
+-------+---------------+-------------------------+
| Index | Name          | Interval time range (s) |
+-------+---------------+-------------------------+
|   0   | move_people   |        (0.0, 0.0)       |
|   1   | move_forklift |        (0.0, 0.0)       |
+-------+---------------+-------------------------+

[INFO] Recorder Manager:  <RecorderManager> contains 0 active terms.
+---------------------+
| Active Recorder Terms |
+-----------+---------+
|   Index   | Name    |
+-----------+---------+
+-----------+---------+

[INFO] Action Manager:  <ActionManager> contains 1 active terms.
+-----------------------------------+
|   Active Action Terms (shape: 4)  |
+--------+------------+-------------+
| Index  | Name       |   Dimension |
+--------+------------+-------------+
|   0    | velocity   |           4 |
+--------+------------+-------------+

[INFO] Observation Manager: <ObservationManager> contains 1 groups.
+---------------------------------------------------------+
| Active Observation Terms in Group: 'policy' (shape: (33,)) |
+-----------+---------------------------------+-----------+
|   Index   | Name                            |   Shape   |
+-----------+---------------------------------+-----------+
|     0     | base_lin_vel                    |    (3,)   |
|     1     | base_ang_vel                    |    (3,)   |
|     2     | projected_gravity               |    (3,)   |
|     3     | base_height                     |    (1,)   |
|     4     | goal                            |    (4,)   |
|     5     | obstacles                       |   (15,)   |
|     6     | last_action                     |    (4,)   |
+-----------+---------------------------------+-----------+

[INFO] Termination Manager:  <TerminationManager> contains 3 active terms.
+---------------------------------+
|     Active Termination Terms    |
+-------+--------------+----------+
| Index | Name         | Time Out |
+-------+--------------+----------+
|   0   | time_out     |   True   |
|   1   | crash_ground |  False   |
|   2   | collision    |  False   |
+-------+--------------+----------+

[INFO] Reward Manager:  <RewardManager> contains 5 active terms.
+---------------------------------+
|       Active Reward Terms       |
+-------+----------------+--------+
| Index | Name           | Weight |
+-------+----------------+--------+
|   0   | navigation     |    1.0 |
|   1   | gate_pass      |   20.0 |
|   2   | course_done    |    5.0 |
|   3   | collision      | -100.0 |
|   4   | success_metric |    1.0 |
+-------+----------------+--------+

[INFO] Curriculum Manager:  <CurriculumManager> contains 1 active terms.
+---------------------------+
|  Active Curriculum Terms  |
+--------+------------------+
| Index  | Name             |
+--------+------------------+
|   0    | obstacle_count   |
+--------+------------------+

[INFO]: Completed setting up the environment...
[sched] latency=28.0 ms, control_dt=10.0 ms -> refresh every 3 step(s) (33 Hz effective command rate)
[percep] latency=0.0 ms -> delay 0 step(s) (act on perception 0.0 ms old)
[nav] FusedSensorNet out_dim=2 vision=cnn loaded: /scratch/agustin/projects/DIMA/XPU-RT/sims/models/warehouse/nav_fused_v12_cnn.pt
[ctrl] actor arch inferred from ckpt: [16, 256, 128, 64, 4]
[ctrl] RL/MLP controller loaded: /scratch/agustin/projects/DIMA/XPU-RT/sims/models/warehouse/rl_controller_velctrl_dr4.pt (moment_scale=0.0055)
[yolo] warehouse detector loaded: /scratch/agustin/projects/DIMA/XPU-RT/sims/models/warehouse/yolov8n_gate_person_128x192.pt
[demo] hid 132 roof prims for the overhead view
[demo] overhead K fx=849.3 cx=640.0  pos=[         -8        13.5          13]  quat=[          0       0.707       0.707          -0]
[demo] FIXED iso cam eye=[        -13        -0.5          13] -> center=[         -8        13.5           2] (offset (-5.0, -14.0, 11.0))
[gantt] embedded XPU-RT schedule: /scratch2/agustin/XPU-RT/schedules/scheduled_networks_k1_live_stack_cpsat_profiled.json (333 dispatches, makespan 90.0 ms)
[term] ep00 seed=1000 terms=collision -> crash/clip
[ep00] seed=1000 outcome=crash     gates=2/4 steps=518 crash_type=clip
[term] ep01 seed=1001 terms=collision -> crash/clip
[ep01] seed=1001 outcome=crash     gates=1/4 steps=570 crash_type=clip
[ep02] seed=1002 outcome=timeout   gates=3/4 steps=1800 crash_type=-
[term] ep03 seed=1003 terms=collision -> crash/clip
[ep03] seed=1003 outcome=crash     gates=1/4 steps=449 crash_type=clip
[ep04] seed=1004 outcome=timeout   gates=1/4 steps=1800 crash_type=-
[term] ep05 seed=1005 terms=collision -> crash/clip
[ep05] seed=1005 outcome=crash     gates=1/4 steps=477 crash_type=clip
[SWEEP] ms=0.0055 cruise=1.4 walk=0.0 hold=0.0 SUCCESS 0/6 clip=4 ground=0  s1000:cras(2/4,518,clip) s1001:cras(1/4,570,clip) s1002:time(3/4,1800,-) s1003:cras(1/4,449,clip) s1004:time(1/4,1800,-) s1005:cras(1/4,477,clip)
[SWEEP-CSV] appended 6 rows -> /scratch/agustin/xpurt-dev-sync/results/codesign_feedback/hil_ablation_courseB.csv
[out] wrote out/v12_crowded_sensor_demo.mp4
Loading user config located at: '/scratch2/agustin/miniforge3/envs/env_isaaclab/lib/python3.11/site-packages/isaacsim/kit/data/Kit/Isaac-Sim/5.1/user.config.json'
[Info] [carb] Logging to file: /scratch2/agustin/miniforge3/envs/env_isaaclab/lib/python3.11/site-packages/isaacsim/kit/logs/Kit/Isaac-Sim/5.1/kit_20260908_210450.log
2026-09-09T04:04:51Z [214ms] [Warning] [carb.windowing-glfw.plugin] GLFW initialization failed.
2026-09-09T04:04:51Z [214ms] [Warning] [carb] Failed to startup plugin carb.windowing-glfw.plugin (interfaces: [carb::windowing::IGLContext v1.0],[carb::windowing::IWindowing v1.5]) (impl: carb.windowing-glfw.plugin)
2026-09-09T04:04:51Z [241ms] [Warning] [omni.platforminfo.plugin] failed to open the default display.  Can't verify X Server version.

|---------------------------------------------------------------------------------------------|
| Driver Version: 560.35.05     | Graphics API: Vulkan
|=============================================================================================|
| GPU | Name                             | Active | LDA | GPU Memory | Vendor-ID | LUID       |
|     |                                  |        |     |            | Device-ID | UUID       |
|     |                                  |        |     |            | Bus-ID    |            |
|---------------------------------------------------------------------------------------------|
| 0   | NVIDIA TITAN RTX                 | Yes: 0 |     | 24822   MB | 10de      | 0          |
|     |                                  |        |     |            | 1e02      | 61ac89bf.. |
|     |                                  |        |     |            | 41        |            |
|=============================================================================================|
| OS: 24.04.4 LTS (Noble Numbat) ubuntu, Version: 24.04.4, Kernel: 6.8.0-139-generic
| Processor: AMD Ryzen Threadripper PRO 5965WX 24-Cores
| Cores: 24 | Logical Cores: 48
|---------------------------------------------------------------------------------------------|
| Total Memory (MB): 128634 | Free Memory: 71598
| Total Page/Swap (MB): 8191 | Free Page/Swap: 0
|---------------------------------------------------------------------------------------------|
2026-09-09T04:04:51Z [993ms] [Warning] [gpu.foundation.plugin] IOMMU is enabled.
2026-09-09T04:04:52Z [1,654ms] [Warning] [carb.windowing-glfw.plugin] GLFW initialization failed.
2026-09-09T04:04:52Z [1,654ms] [Warning] [carb] Failed to startup plugin carb.windowing-glfw.plugin (interfaces: [carb::windowing::IGLContext v1.0],[carb::windowing::IWindowing v1.5]) (impl: carb.windowing-glfw.plugin)
2026-09-09T04:04:52Z [1,669ms] [Warning] [carb.windowing-glfw.plugin] GLFW initialization failed.
2026-09-09T04:04:52Z [1,669ms] [Warning] [carb] Failed to startup plugin carb.windowing-glfw.plugin (interfaces: [carb::windowing::IGLContext v1.0],[carb::windowing::IWindowing v1.5]) (impl: carb.windowing-glfw.plugin)
2026-09-09T04:04:52Z [1,678ms] [Warning] [carb.windowing-glfw.plugin] GLFW initialization failed.
2026-09-09T04:04:52Z [1,678ms] [Warning] [carb] Failed to startup plugin carb.windowing-glfw.plugin (interfaces: [carb::windowing::IGLContext v1.0],[carb::windowing::IWindowing v1.5]) (impl: carb.windowing-glfw.plugin)
2026-09-09T04:04:52Z [1,689ms] [Warning] [carb.windowing-glfw.plugin] GLFW initialization failed.
2026-09-09T04:04:52Z [1,689ms] [Warning] [carb] Failed to startup plugin carb.windowing-glfw.plugin (interfaces: [carb::windowing::IGLContext v1.0],[carb::windowing::IWindowing v1.5]) (impl: carb.windowing-glfw.plugin)
2026-09-09T04:04:52Z [1,690ms] [Warning] [carb.windowing-glfw.plugin] GLFW initialization failed.
2026-09-09T04:04:52Z [1,690ms] [Warning] [carb] Failed to startup plugin carb.windowing-glfw.plugin (interfaces: [carb::windowing::IGLContext v1.0],[carb::windowing::IWindowing v1.5]) (impl: carb.windowing-glfw.plugin)
2026-09-09T04:04:52Z [1,691ms] [Warning] [carb.windowing-glfw.plugin] GLFW initialization failed.
2026-09-09T04:04:52Z [1,691ms] [Warning] [carb] Failed to startup plugin carb.windowing-glfw.plugin (interfaces: [carb::windowing::IGLContext v1.0],[carb::windowing::IWindowing v1.5]) (impl: carb.windowing-glfw.plugin)
2026-09-09T04:04:52Z [1,883ms] [Warning] [omni.log] Source: omni.hydra was already registered.
2026-09-09T04:04:53Z [2,180ms] [Warning] [carb] Acquiring non optional plugin interface which is not listed as dependency: [omni::physx::IPhysxBenchmarks v1.0] (plugin: <default plugin>), by client: omni.physics.physx.plugin. Add it to CARB_PLUGIN_IMPL_DEPS() macro of a client.
2026-09-09T04:04:53Z [2,189ms] [Warning] [omni.isaac.dynamic_control] omni.isaac.dynamic_control is deprecated as of Isaac Sim 4.5. No action is needed from end-users.
2026-09-09T04:04:56Z [5,555ms] [Warning] [pxr.Semantics] pxr.Semantics is deprecated - please use Semantics instead
2026-09-09T04:04:56Z [5,671ms] [Warning] [omni.graph.core.plugin] Found duplicate of category 'Replicator' - was 'Annotators', adding 'Fabric Reader'
2026-09-09T04:04:56Z [5,671ms] [Warning] [omni.graph.core.plugin] Category 'Replicator' not accepted on node type 'omni.replicator.core.FabricReader' in extension 'omni.replicator.core'
2026-09-09T04:04:56Z [5,672ms] [Warning] [omni.replicator.core.scripts.extension] No material configuration file, adding configuration to material settings directly.
[INFO][AppLauncher]: Using device: cuda:0
[INFO][AppLauncher]: Loading experience file: /scratch2/dima/IsaacLab/apps/isaaclab.python.headless.rendering.kit
[sim] dt=0.01 decimation=1 -> control_dt=10.0 ms (100 Hz)
[env] gym.make Isaac-Drone-Warehouse-Gates-Vision-Crazyflie-Play-WithSensors-Coll-v0

[36m===================================================================================================================================================================[0m
[36m[1m[INFO][IsaacLab]: Logging to file: /scratch/agustin/xpurt-dev-sync/results/codesign_feedback/strengthen_campaign/tmp/isaaclab/logs/isaaclab_2026-09-08_21-05-04.log[0m
[36m===================================================================================================================================================================[0m

[33m21:05:04 [simulation_context.py] WARNING: The `enable_external_forces_every_iteration` parameter in the PhysxCfg is set to False. If you are experiencing noisy velocities, consider enabling this flag. You may need to slightly increase the number of velocity iterations (setting it to 1 or 2 rather than 0), together with this flag, to improve the accuracy of velocity updates.[0m
[INFO]: Base environment:
	Environment device    : cuda:0
	Environment seed      : None
	Physics step-size     : 0.01
	Rendering step-size   : 0.01
	Environment step-size : 0.01
[INFO]: Time taken for scene creation : 12.967072 seconds
[INFO]: Scene manager:  <class InteractiveScene>
	Number of environments: 1
	Environment spacing   : 40.0
	Source prim name      : /World/envs/env_0
	Global prim paths     : []
	Replicate physics     : True
[INFO]: Starting the simulation. This may take a few seconds. Please wait...
[INFO]: Time taken for simulation start : 23.889896 seconds
[INFO] Command Manager:  <CommandManager> contains 1 active terms.
+---------------------------------------+
|          Active Command Terms         |
+-------+------+------------------------+
| Index | Name |          Type          |
+-------+------+------------------------+
|   0   | goal | FixedGateCourseCommand |
+-------+------+------------------------+

[INFO] Event Manager:  <EventManager> contains 2 active terms.
+------------------------------------+
| Active Event Terms in Mode: 'reset' |
+----------+-------------------------+
|  Index   | Name                    |
+----------+-------------------------+
|    0     | reset_base              |
|    1     | reset_obstacles         |
|    2     | randomize_light         |
+----------+-------------------------+
+-------------------------------------------------+
|      Active Event Terms in Mode: 'interval'     |
+-------+---------------+-------------------------+
| Index | Name          | Interval time range (s) |
+-------+---------------+-------------------------+
|   0   | move_people   |        (0.0, 0.0)       |
|   1   | move_forklift |        (0.0, 0.0)       |
+-------+---------------+-------------------------+

[INFO] Recorder Manager:  <RecorderManager> contains 0 active terms.
+---------------------+
| Active Recorder Terms |
+-----------+---------+
|   Index   | Name    |
+-----------+---------+
+-----------+---------+

[INFO] Action Manager:  <ActionManager> contains 1 active terms.
+-----------------------------------+
|   Active Action Terms (shape: 4)  |
+--------+------------+-------------+
| Index  | Name       |   Dimension |
+--------+------------+-------------+
|   0    | velocity   |           4 |
+--------+------------+-------------+

[INFO] Observation Manager: <ObservationManager> contains 1 groups.
+---------------------------------------------------------+
| Active Observation Terms in Group: 'policy' (shape: (33,)) |
+-----------+---------------------------------+-----------+
|   Index   | Name                            |   Shape   |
+-----------+---------------------------------+-----------+
|     0     | base_lin_vel                    |    (3,)   |
|     1     | base_ang_vel                    |    (3,)   |
|     2     | projected_gravity               |    (3,)   |
|     3     | base_height                     |    (1,)   |
|     4     | goal                            |    (4,)   |
|     5     | obstacles                       |   (15,)   |
|     6     | last_action                     |    (4,)   |
+-----------+---------------------------------+-----------+

[INFO] Termination Manager:  <TerminationManager> contains 3 active terms.
+---------------------------------+
|     Active Termination Terms    |
+-------+--------------+----------+
| Index | Name         | Time Out |
+-------+--------------+----------+
|   0   | time_out     |   True   |
|   1   | crash_ground |  False   |
|   2   | collision    |  False   |
+-------+--------------+----------+

[INFO] Reward Manager:  <RewardManager> contains 5 active terms.
+---------------------------------+
|       Active Reward Terms       |
+-------+----------------+--------+
| Index | Name           | Weight |
+-------+----------------+--------+
|   0   | navigation     |    1.0 |
|   1   | gate_pass      |   20.0 |
|   2   | course_done    |    5.0 |
|   3   | collision      | -100.0 |
|   4   | success_metric |    1.0 |
+-------+----------------+--------+

[INFO] Curriculum Manager:  <CurriculumManager> contains 1 active terms.
+---------------------------+
|  Active Curriculum Terms  |
+--------+------------------+
| Index  | Name             |
+--------+------------------+
|   0    | obstacle_count   |
+--------+------------------+

[INFO]: Completed setting up the environment...
[sched] latency=38.0 ms, control_dt=10.0 ms -> refresh every 4 step(s) (25 Hz effective command rate)
[percep] latency=0.0 ms -> delay 0 step(s) (act on perception 0.0 ms old)
[nav] FusedSensorNet out_dim=2 vision=cnn loaded: /scratch/agustin/projects/DIMA/XPU-RT/sims/models/warehouse/nav_fused_v12_cnn.pt
[ctrl] actor arch inferred from ckpt: [16, 256, 128, 64, 4]
[ctrl] RL/MLP controller loaded: /scratch/agustin/projects/DIMA/XPU-RT/sims/models/warehouse/rl_controller_velctrl_dr4.pt (moment_scale=0.0055)
[yolo] warehouse detector loaded: /scratch/agustin/projects/DIMA/XPU-RT/sims/models/warehouse/yolov8n_gate_person_128x192.pt
[demo] hid 132 roof prims for the overhead view
[demo] overhead K fx=849.3 cx=640.0  pos=[         -8        13.5          13]  quat=[          0       0.707       0.707          -0]
[demo] FIXED iso cam eye=[        -13        -0.5          13] -> center=[         -8        13.5           2] (offset (-5.0, -14.0, 11.0))
[gantt] embedded XPU-RT schedule: /scratch2/agustin/XPU-RT/schedules/scheduled_networks_k1_live_stack_cpsat_profiled.json (333 dispatches, makespan 90.0 ms)
[term] ep00 seed=1000 terms=collision -> crash/clip
[ep00] seed=1000 outcome=crash     gates=1/4 steps=445 crash_type=clip
[term] ep01 seed=1001 terms=collision -> crash/clip
[ep01] seed=1001 outcome=crash     gates=0/4 steps=311 crash_type=clip
[term] ep02 seed=1002 terms=collision -> crash/clip
[ep02] seed=1002 outcome=crash     gates=1/4 steps=332 crash_type=clip
[term] ep03 seed=1003 terms=collision -> crash/clip
[ep03] seed=1003 outcome=crash     gates=1/4 steps=494 crash_type=clip
[term] ep04 seed=1004 terms=collision -> crash/clip
[ep04] seed=1004 outcome=crash     gates=1/4 steps=473 crash_type=clip
[term] ep05 seed=1005 terms=collision -> crash/clip
[ep05] seed=1005 outcome=crash     gates=1/4 steps=420 crash_type=clip
[SWEEP] ms=0.0055 cruise=1.4 walk=0.0 hold=0.0 SUCCESS 0/6 clip=6 ground=0  s1000:cras(1/4,445,clip) s1001:cras(0/4,311,clip) s1002:cras(1/4,332,clip) s1003:cras(1/4,494,clip) s1004:cras(1/4,473,clip) s1005:cras(1/4,420,clip)
[SWEEP-CSV] appended 6 rows -> /scratch/agustin/xpurt-dev-sync/results/codesign_feedback/hil_ablation_courseB.csv
[out] wrote out/v12_crowded_sensor_demo.mp4
Loading user config located at: '/scratch2/agustin/miniforge3/envs/env_isaaclab/lib/python3.11/site-packages/isaacsim/kit/data/Kit/Isaac-Sim/5.1/user.config.json'
[Info] [carb] Logging to file: /scratch2/agustin/miniforge3/envs/env_isaaclab/lib/python3.11/site-packages/isaacsim/kit/logs/Kit/Isaac-Sim/5.1/kit_20260908_210832.log
2026-09-09T04:08:32Z [189ms] [Warning] [carb.windowing-glfw.plugin] GLFW initialization failed.
2026-09-09T04:08:32Z [189ms] [Warning] [carb] Failed to startup plugin carb.windowing-glfw.plugin (interfaces: [carb::windowing::IGLContext v1.0],[carb::windowing::IWindowing v1.5]) (impl: carb.windowing-glfw.plugin)
2026-09-09T04:08:32Z [215ms] [Warning] [omni.platforminfo.plugin] failed to open the default display.  Can't verify X Server version.

|---------------------------------------------------------------------------------------------|
| Driver Version: 560.35.05     | Graphics API: Vulkan
|=============================================================================================|
| GPU | Name                             | Active | LDA | GPU Memory | Vendor-ID | LUID       |
|     |                                  |        |     |            | Device-ID | UUID       |
|     |                                  |        |     |            | Bus-ID    |            |
|---------------------------------------------------------------------------------------------|
| 0   | NVIDIA TITAN RTX                 | Yes: 0 |     | 24822   MB | 10de      | 0          |
|     |                                  |        |     |            | 1e02      | 61ac89bf.. |
|     |                                  |        |     |            | 41        |            |
|=============================================================================================|
| OS: 24.04.4 LTS (Noble Numbat) ubuntu, Version: 24.04.4, Kernel: 6.8.0-139-generic
| Processor: AMD Ryzen Threadripper PRO 5965WX 24-Cores
| Cores: 24 | Logical Cores: 48
|---------------------------------------------------------------------------------------------|
| Total Memory (MB): 128634 | Free Memory: 71797
| Total Page/Swap (MB): 8191 | Free Page/Swap: 0
|---------------------------------------------------------------------------------------------|
2026-09-09T04:08:33Z [1,000ms] [Warning] [gpu.foundation.plugin] IOMMU is enabled.
2026-09-09T04:08:33Z [1,640ms] [Warning] [carb.windowing-glfw.plugin] GLFW initialization failed.
2026-09-09T04:08:33Z [1,640ms] [Warning] [carb] Failed to startup plugin carb.windowing-glfw.plugin (interfaces: [carb::windowing::IGLContext v1.0],[carb::windowing::IWindowing v1.5]) (impl: carb.windowing-glfw.plugin)
2026-09-09T04:08:33Z [1,655ms] [Warning] [carb.windowing-glfw.plugin] GLFW initialization failed.
2026-09-09T04:08:33Z [1,655ms] [Warning] [carb] Failed to startup plugin carb.windowing-glfw.plugin (interfaces: [carb::windowing::IGLContext v1.0],[carb::windowing::IWindowing v1.5]) (impl: carb.windowing-glfw.plugin)
2026-09-09T04:08:33Z [1,662ms] [Warning] [carb.windowing-glfw.plugin] GLFW initialization failed.
2026-09-09T04:08:33Z [1,662ms] [Warning] [carb] Failed to startup plugin carb.windowing-glfw.plugin (interfaces: [carb::windowing::IGLContext v1.0],[carb::windowing::IWindowing v1.5]) (impl: carb.windowing-glfw.plugin)
2026-09-09T04:08:33Z [1,672ms] [Warning] [carb.windowing-glfw.plugin] GLFW initialization failed.
2026-09-09T04:08:33Z [1,672ms] [Warning] [carb] Failed to startup plugin carb.windowing-glfw.plugin (interfaces: [carb::windowing::IGLContext v1.0],[carb::windowing::IWindowing v1.5]) (impl: carb.windowing-glfw.plugin)
2026-09-09T04:08:33Z [1,673ms] [Warning] [carb.windowing-glfw.plugin] GLFW initialization failed.
2026-09-09T04:08:33Z [1,673ms] [Warning] [carb] Failed to startup plugin carb.windowing-glfw.plugin (interfaces: [carb::windowing::IGLContext v1.0],[carb::windowing::IWindowing v1.5]) (impl: carb.windowing-glfw.plugin)
2026-09-09T04:08:33Z [1,674ms] [Warning] [carb.windowing-glfw.plugin] GLFW initialization failed.
2026-09-09T04:08:33Z [1,674ms] [Warning] [carb] Failed to startup plugin carb.windowing-glfw.plugin (interfaces: [carb::windowing::IGLContext v1.0],[carb::windowing::IWindowing v1.5]) (impl: carb.windowing-glfw.plugin)
2026-09-09T04:08:34Z [1,862ms] [Warning] [omni.log] Source: omni.hydra was already registered.
2026-09-09T04:08:34Z [2,157ms] [Warning] [carb] Acquiring non optional plugin interface which is not listed as dependency: [omni::physx::IPhysxBenchmarks v1.0] (plugin: <default plugin>), by client: omni.physics.physx.plugin. Add it to CARB_PLUGIN_IMPL_DEPS() macro of a client.
2026-09-09T04:08:34Z [2,168ms] [Warning] [omni.isaac.dynamic_control] omni.isaac.dynamic_control is deprecated as of Isaac Sim 4.5. No action is needed from end-users.
2026-09-09T04:08:37Z [5,607ms] [Warning] [pxr.Semantics] pxr.Semantics is deprecated - please use Semantics instead
2026-09-09T04:08:37Z [5,712ms] [Warning] [omni.graph.core.plugin] Found duplicate of category 'Replicator' - was 'Annotators', adding 'Fabric Reader'
2026-09-09T04:08:37Z [5,712ms] [Warning] [omni.graph.core.plugin] Category 'Replicator' not accepted on node type 'omni.replicator.core.FabricReader' in extension 'omni.replicator.core'
2026-09-09T04:08:37Z [5,712ms] [Warning] [omni.replicator.core.scripts.extension] No material configuration file, adding configuration to material settings directly.
[INFO][AppLauncher]: Using device: cuda:0
[INFO][AppLauncher]: Loading experience file: /scratch2/dima/IsaacLab/apps/isaaclab.python.headless.rendering.kit
[sim] dt=0.01 decimation=1 -> control_dt=10.0 ms (100 Hz)
[env] gym.make Isaac-Drone-Warehouse-Gates-Vision-Crazyflie-Play-WithSensors-Coll-v0

[36m===================================================================================================================================================================[0m
[36m[1m[INFO][IsaacLab]: Logging to file: /scratch/agustin/xpurt-dev-sync/results/codesign_feedback/strengthen_campaign/tmp/isaaclab/logs/isaaclab_2026-09-08_21-08-46.log[0m
[36m===================================================================================================================================================================[0m

[33m21:08:46 [simulation_context.py] WARNING: The `enable_external_forces_every_iteration` parameter in the PhysxCfg is set to False. If you are experiencing noisy velocities, consider enabling this flag. You may need to slightly increase the number of velocity iterations (setting it to 1 or 2 rather than 0), together with this flag, to improve the accuracy of velocity updates.[0m
[INFO]: Base environment:
	Environment device    : cuda:0
	Environment seed      : None
	Physics step-size     : 0.01
	Rendering step-size   : 0.01
	Environment step-size : 0.01
[INFO]: Time taken for scene creation : 13.036057 seconds
[INFO]: Scene manager:  <class InteractiveScene>
	Number of environments: 1
	Environment spacing   : 40.0
	Source prim name      : /World/envs/env_0
	Global prim paths     : []
	Replicate physics     : True
[INFO]: Starting the simulation. This may take a few seconds. Please wait...
[INFO]: Time taken for simulation start : 25.094405 seconds
[INFO] Command Manager:  <CommandManager> contains 1 active terms.
+---------------------------------------+
|          Active Command Terms         |
+-------+------+------------------------+
| Index | Name |          Type          |
+-------+------+------------------------+
|   0   | goal | FixedGateCourseCommand |
+-------+------+------------------------+

[INFO] Event Manager:  <EventManager> contains 2 active terms.
+------------------------------------+
| Active Event Terms in Mode: 'reset' |
+----------+-------------------------+
|  Index   | Name                    |
+----------+-------------------------+
|    0     | reset_base              |
|    1     | reset_obstacles         |
|    2     | randomize_light         |
+----------+-------------------------+
+-------------------------------------------------+
|      Active Event Terms in Mode: 'interval'     |
+-------+---------------+-------------------------+
| Index | Name          | Interval time range (s) |
+-------+---------------+-------------------------+
|   0   | move_people   |        (0.0, 0.0)       |
|   1   | move_forklift |        (0.0, 0.0)       |
+-------+---------------+-------------------------+

[INFO] Recorder Manager:  <RecorderManager> contains 0 active terms.
+---------------------+
| Active Recorder Terms |
+-----------+---------+
|   Index   | Name    |
+-----------+---------+
+-----------+---------+

[INFO] Action Manager:  <ActionManager> contains 1 active terms.
+-----------------------------------+
|   Active Action Terms (shape: 4)  |
+--------+------------+-------------+
| Index  | Name       |   Dimension |
+--------+------------+-------------+
|   0    | velocity   |           4 |
+--------+------------+-------------+

[INFO] Observation Manager: <ObservationManager> contains 1 groups.
+---------------------------------------------------------+
| Active Observation Terms in Group: 'policy' (shape: (33,)) |
+-----------+---------------------------------+-----------+
|   Index   | Name                            |   Shape   |
+-----------+---------------------------------+-----------+
|     0     | base_lin_vel                    |    (3,)   |
|     1     | base_ang_vel                    |    (3,)   |
|     2     | projected_gravity               |    (3,)   |
|     3     | base_height                     |    (1,)   |
|     4     | goal                            |    (4,)   |
|     5     | obstacles                       |   (15,)   |
|     6     | last_action                     |    (4,)   |
+-----------+---------------------------------+-----------+

[INFO] Termination Manager:  <TerminationManager> contains 3 active terms.
+---------------------------------+
|     Active Termination Terms    |
+-------+--------------+----------+
| Index | Name         | Time Out |
+-------+--------------+----------+
|   0   | time_out     |   True   |
|   1   | crash_ground |  False   |
|   2   | collision    |  False   |
+-------+--------------+----------+

[INFO] Reward Manager:  <RewardManager> contains 5 active terms.
+---------------------------------+
|       Active Reward Terms       |
+-------+----------------+--------+
| Index | Name           | Weight |
+-------+----------------+--------+
|   0   | navigation     |    1.0 |
|   1   | gate_pass      |   20.0 |
|   2   | course_done    |    5.0 |
|   3   | collision      | -100.0 |
|   4   | success_metric |    1.0 |
+-------+----------------+--------+

[INFO] Curriculum Manager:  <CurriculumManager> contains 1 active terms.
+---------------------------+
|  Active Curriculum Terms  |
+--------+------------------+
| Index  | Name             |
+--------+------------------+
|   0    | obstacle_count   |
+--------+------------------+

[INFO]: Completed setting up the environment...
[sched] latency=8.0 ms, control_dt=10.0 ms -> refresh every 1 step(s) (100 Hz effective command rate)
[percep] latency=0.0 ms -> delay 0 step(s) (act on perception 0.0 ms old)
[nav] FusedSensorNet out_dim=2 vision=cnn loaded: /scratch/agustin/projects/DIMA/XPU-RT/sims/models/warehouse/nav_fused_v12_cnn.pt
[ctrl] actor arch inferred from ckpt: [16, 256, 128, 64, 4]
[ctrl] RL/MLP controller loaded: /scratch/agustin/projects/DIMA/XPU-RT/sims/models/warehouse/rl_controller_velctrl_dr4.pt (moment_scale=0.0055)
[yolo] warehouse detector loaded: /scratch/agustin/projects/DIMA/XPU-RT/sims/models/warehouse/yolov8n_gate_person_128x192.pt
[demo] hid 132 roof prims for the overhead view
[demo] overhead K fx=849.3 cx=640.0  pos=[         -8        13.5          13]  quat=[          0       0.707       0.707          -0]
[demo] FIXED iso cam eye=[        -13        -0.5          13] -> center=[         -8        13.5           2] (offset (-5.0, -14.0, 11.0))
[gantt] embedded XPU-RT schedule: /scratch2/agustin/XPU-RT/schedules/scheduled_networks_k1_live_stack_cpsat_profiled.json (333 dispatches, makespan 90.0 ms)
[term] ep00 seed=1000 terms=collision -> crash/clip
[ep00] seed=1000 outcome=crash     gates=3/4 steps=763 crash_type=clip
[term] ep01 seed=1001 terms=collision -> crash/clip
[ep01] seed=1001 outcome=crash     gates=1/4 steps=424 crash_type=clip
[term] ep02 seed=1002 terms=collision -> crash/clip
[ep02] seed=1002 outcome=crash     gates=3/4 steps=786 crash_type=clip
[term] ep03 seed=1003 terms=collision -> crash/clip
[ep03] seed=1003 outcome=crash     gates=2/4 steps=543 crash_type=clip
[ep04] seed=1004 outcome=success   gates=4/4 steps=908 crash_type=-
[term] ep05 seed=1005 terms=collision -> crash/clip
[ep05] seed=1005 outcome=crash     gates=1/4 steps=292 crash_type=clip
[SWEEP] ms=0.0055 cruise=1.6 walk=0.0 hold=0.0 SUCCESS 1/6 clip=5 ground=0  s1000:cras(3/4,763,clip) s1001:cras(1/4,424,clip) s1002:cras(3/4,786,clip) s1003:cras(2/4,543,clip) s1004:succ(4/4,908,-) s1005:cras(1/4,292,clip)
[SWEEP-CSV] appended 6 rows -> /scratch/agustin/xpurt-dev-sync/results/codesign_feedback/hil_ablation_courseB.csv
[out] wrote out/v12_crowded_sensor_demo.mp4
Loading user config located at: '/scratch2/agustin/miniforge3/envs/env_isaaclab/lib/python3.11/site-packages/isaacsim/kit/data/Kit/Isaac-Sim/5.1/user.config.json'
[Info] [carb] Logging to file: /scratch2/agustin/miniforge3/envs/env_isaaclab/lib/python3.11/site-packages/isaacsim/kit/logs/Kit/Isaac-Sim/5.1/kit_20260908_211343.log
2026-09-09T04:13:43Z [190ms] [Warning] [carb.windowing-glfw.plugin] GLFW initialization failed.
2026-09-09T04:13:43Z [190ms] [Warning] [carb] Failed to startup plugin carb.windowing-glfw.plugin (interfaces: [carb::windowing::IGLContext v1.0],[carb::windowing::IWindowing v1.5]) (impl: carb.windowing-glfw.plugin)
2026-09-09T04:13:43Z [216ms] [Warning] [omni.platforminfo.plugin] failed to open the default display.  Can't verify X Server version.

|---------------------------------------------------------------------------------------------|
| Driver Version: 560.35.05     | Graphics API: Vulkan
|=============================================================================================|
| GPU | Name                             | Active | LDA | GPU Memory | Vendor-ID | LUID       |
|     |                                  |        |     |            | Device-ID | UUID       |
|     |                                  |        |     |            | Bus-ID    |            |
|---------------------------------------------------------------------------------------------|
| 0   | NVIDIA TITAN RTX                 | Yes: 0 |     | 24822   MB | 10de      | 0          |
|     |                                  |        |     |            | 1e02      | 61ac89bf.. |
|     |                                  |        |     |            | 41        |            |
|=============================================================================================|
| OS: 24.04.4 LTS (Noble Numbat) ubuntu, Version: 24.04.4, Kernel: 6.8.0-139-generic
| Processor: AMD Ryzen Threadripper PRO 5965WX 24-Cores
| Cores: 24 | Logical Cores: 48
|---------------------------------------------------------------------------------------------|
| Total Memory (MB): 128634 | Free Memory: 76117
| Total Page/Swap (MB): 8191 | Free Page/Swap: 0
|---------------------------------------------------------------------------------------------|
2026-09-09T04:13:44Z [994ms] [Warning] [gpu.foundation.plugin] IOMMU is enabled.
2026-09-09T04:13:44Z [1,647ms] [Warning] [carb.windowing-glfw.plugin] GLFW initialization failed.
2026-09-09T04:13:44Z [1,647ms] [Warning] [carb] Failed to startup plugin carb.windowing-glfw.plugin (interfaces: [carb::windowing::IGLContext v1.0],[carb::windowing::IWindowing v1.5]) (impl: carb.windowing-glfw.plugin)
2026-09-09T04:13:44Z [1,663ms] [Warning] [carb.windowing-glfw.plugin] GLFW initialization failed.
2026-09-09T04:13:44Z [1,663ms] [Warning] [carb] Failed to startup plugin carb.windowing-glfw.plugin (interfaces: [carb::windowing::IGLContext v1.0],[carb::windowing::IWindowing v1.5]) (impl: carb.windowing-glfw.plugin)
2026-09-09T04:13:44Z [1,671ms] [Warning] [carb.windowing-glfw.plugin] GLFW initialization failed.
2026-09-09T04:13:44Z [1,671ms] [Warning] [carb] Failed to startup plugin carb.windowing-glfw.plugin (interfaces: [carb::windowing::IGLContext v1.0],[carb::windowing::IWindowing v1.5]) (impl: carb.windowing-glfw.plugin)
2026-09-09T04:13:44Z [1,681ms] [Warning] [carb.windowing-glfw.plugin] GLFW initialization failed.
2026-09-09T04:13:44Z [1,681ms] [Warning] [carb] Failed to startup plugin carb.windowing-glfw.plugin (interfaces: [carb::windowing::IGLContext v1.0],[carb::windowing::IWindowing v1.5]) (impl: carb.windowing-glfw.plugin)
2026-09-09T04:13:44Z [1,683ms] [Warning] [carb.windowing-glfw.plugin] GLFW initialization failed.
2026-09-09T04:13:44Z [1,683ms] [Warning] [carb] Failed to startup plugin carb.windowing-glfw.plugin (interfaces: [carb::windowing::IGLContext v1.0],[carb::windowing::IWindowing v1.5]) (impl: carb.windowing-glfw.plugin)
2026-09-09T04:13:44Z [1,683ms] [Warning] [carb.windowing-glfw.plugin] GLFW initialization failed.
2026-09-09T04:13:44Z [1,684ms] [Warning] [carb] Failed to startup plugin carb.windowing-glfw.plugin (interfaces: [carb::windowing::IGLContext v1.0],[carb::windowing::IWindowing v1.5]) (impl: carb.windowing-glfw.plugin)
2026-09-09T04:13:44Z [1,868ms] [Warning] [omni.log] Source: omni.hydra was already registered.
2026-09-09T04:13:45Z [2,148ms] [Warning] [carb] Acquiring non optional plugin interface which is not listed as dependency: [omni::physx::IPhysxBenchmarks v1.0] (plugin: <default plugin>), by client: omni.physics.physx.plugin. Add it to CARB_PLUGIN_IMPL_DEPS() macro of a client.
2026-09-09T04:13:45Z [2,157ms] [Warning] [omni.isaac.dynamic_control] omni.isaac.dynamic_control is deprecated as of Isaac Sim 4.5. No action is needed from end-users.
2026-09-09T04:13:48Z [5,480ms] [Warning] [pxr.Semantics] pxr.Semantics is deprecated - please use Semantics instead
2026-09-09T04:13:48Z [5,628ms] [Warning] [omni.graph.core.plugin] Found duplicate of category 'Replicator' - was 'Annotators', adding 'Fabric Reader'
2026-09-09T04:13:48Z [5,628ms] [Warning] [omni.graph.core.plugin] Category 'Replicator' not accepted on node type 'omni.replicator.core.FabricReader' in extension 'omni.replicator.core'
2026-09-09T04:13:48Z [5,628ms] [Warning] [omni.replicator.core.scripts.extension] No material configuration file, adding configuration to material settings directly.
[INFO][AppLauncher]: Using device: cuda:0
[INFO][AppLauncher]: Loading experience file: /scratch2/dima/IsaacLab/apps/isaaclab.python.headless.rendering.kit
[sim] dt=0.01 decimation=1 -> control_dt=10.0 ms (100 Hz)
[env] gym.make Isaac-Drone-Warehouse-Gates-Vision-Crazyflie-Play-WithSensors-Coll-v0

[36m===================================================================================================================================================================[0m
[36m[1m[INFO][IsaacLab]: Logging to file: /scratch/agustin/xpurt-dev-sync/results/codesign_feedback/strengthen_campaign/tmp/isaaclab/logs/isaaclab_2026-09-08_21-13-56.log[0m
[36m===================================================================================================================================================================[0m

[33m21:13:56 [simulation_context.py] WARNING: The `enable_external_forces_every_iteration` parameter in the PhysxCfg is set to False. If you are experiencing noisy velocities, consider enabling this flag. You may need to slightly increase the number of velocity iterations (setting it to 1 or 2 rather than 0), together with this flag, to improve the accuracy of velocity updates.[0m
[INFO]: Base environment:
	Environment device    : cuda:0
	Environment seed      : None
	Physics step-size     : 0.01
	Rendering step-size   : 0.01
	Environment step-size : 0.01
[INFO]: Time taken for scene creation : 12.981230 seconds
[INFO]: Scene manager:  <class InteractiveScene>
	Number of environments: 1
	Environment spacing   : 40.0
	Source prim name      : /World/envs/env_0
	Global prim paths     : []
	Replicate physics     : True
[INFO]: Starting the simulation. This may take a few seconds. Please wait...
[INFO]: Time taken for simulation start : 23.977541 seconds
[INFO] Command Manager:  <CommandManager> contains 1 active terms.
+---------------------------------------+
|          Active Command Terms         |
+-------+------+------------------------+
| Index | Name |          Type          |
+-------+------+------------------------+
|   0   | goal | FixedGateCourseCommand |
+-------+------+------------------------+

[INFO] Event Manager:  <EventManager> contains 2 active terms.
+------------------------------------+
| Active Event Terms in Mode: 'reset' |
+----------+-------------------------+
|  Index   | Name                    |
+----------+-------------------------+
|    0     | reset_base              |
|    1     | reset_obstacles         |
|    2     | randomize_light         |
+----------+-------------------------+
+-------------------------------------------------+
|      Active Event Terms in Mode: 'interval'     |
+-------+---------------+-------------------------+
| Index | Name          | Interval time range (s) |
+-------+---------------+-------------------------+
|   0   | move_people   |        (0.0, 0.0)       |
|   1   | move_forklift |        (0.0, 0.0)       |
+-------+---------------+-------------------------+

[INFO] Recorder Manager:  <RecorderManager> contains 0 active terms.
+---------------------+
| Active Recorder Terms |
+-----------+---------+
|   Index   | Name    |
+-----------+---------+
+-----------+---------+

[INFO] Action Manager:  <ActionManager> contains 1 active terms.
+-----------------------------------+
|   Active Action Terms (shape: 4)  |
+--------+------------+-------------+
| Index  | Name       |   Dimension |
+--------+------------+-------------+
|   0    | velocity   |           4 |
+--------+------------+-------------+

[INFO] Observation Manager: <ObservationManager> contains 1 groups.
+---------------------------------------------------------+
| Active Observation Terms in Group: 'policy' (shape: (33,)) |
+-----------+---------------------------------+-----------+
|   Index   | Name                            |   Shape   |
+-----------+---------------------------------+-----------+
|     0     | base_lin_vel                    |    (3,)   |
|     1     | base_ang_vel                    |    (3,)   |
|     2     | projected_gravity               |    (3,)   |
|     3     | base_height                     |    (1,)   |
|     4     | goal                            |    (4,)   |
|     5     | obstacles                       |   (15,)   |
|     6     | last_action                     |    (4,)   |
+-----------+---------------------------------+-----------+

[INFO] Termination Manager:  <TerminationManager> contains 3 active terms.
+---------------------------------+
|     Active Termination Terms    |
+-------+--------------+----------+
| Index | Name         | Time Out |
+-------+--------------+----------+
|   0   | time_out     |   True   |
|   1   | crash_ground |  False   |
|   2   | collision    |  False   |
+-------+--------------+----------+

[INFO] Reward Manager:  <RewardManager> contains 5 active terms.
+---------------------------------+
|       Active Reward Terms       |
+-------+----------------+--------+
| Index | Name           | Weight |
+-------+----------------+--------+
|   0   | navigation     |    1.0 |
|   1   | gate_pass      |   20.0 |
|   2   | course_done    |    5.0 |
|   3   | collision      | -100.0 |
|   4   | success_metric |    1.0 |
+-------+----------------+--------+

[INFO] Curriculum Manager:  <CurriculumManager> contains 1 active terms.
+---------------------------+
|  Active Curriculum Terms  |
+--------+------------------+
| Index  | Name             |
+--------+------------------+
|   0    | obstacle_count   |
+--------+------------------+

[INFO]: Completed setting up the environment...
[sched] latency=18.0 ms, control_dt=10.0 ms -> refresh every 2 step(s) (50 Hz effective command rate)
[percep] latency=0.0 ms -> delay 0 step(s) (act on perception 0.0 ms old)
[nav] FusedSensorNet out_dim=2 vision=cnn loaded: /scratch/agustin/projects/DIMA/XPU-RT/sims/models/warehouse/nav_fused_v12_cnn.pt
[ctrl] actor arch inferred from ckpt: [16, 256, 128, 64, 4]
[ctrl] RL/MLP controller loaded: /scratch/agustin/projects/DIMA/XPU-RT/sims/models/warehouse/rl_controller_velctrl_dr4.pt (moment_scale=0.0055)
[yolo] warehouse detector loaded: /scratch/agustin/projects/DIMA/XPU-RT/sims/models/warehouse/yolov8n_gate_person_128x192.pt
[demo] hid 132 roof prims for the overhead view
[demo] overhead K fx=849.3 cx=640.0  pos=[         -8        13.5          13]  quat=[          0       0.707       0.707          -0]
[demo] FIXED iso cam eye=[        -13        -0.5          13] -> center=[         -8        13.5           2] (offset (-5.0, -14.0, 11.0))
[gantt] embedded XPU-RT schedule: /scratch2/agustin/XPU-RT/schedules/scheduled_networks_k1_live_stack_cpsat_profiled.json (333 dispatches, makespan 90.0 ms)
[term] ep00 seed=1000 terms=collision -> crash/clip
[ep00] seed=1000 outcome=crash     gates=3/4 steps=768 crash_type=clip
[term] ep01 seed=1001 terms=collision -> crash/clip
[ep01] seed=1001 outcome=crash     gates=2/4 steps=424 crash_type=clip
[term] ep02 seed=1002 terms=collision -> crash/clip
[ep02] seed=1002 outcome=crash     gates=2/4 steps=536 crash_type=clip
[term] ep03 seed=1003 terms=collision -> crash/clip
[ep03] seed=1003 outcome=crash     gates=3/4 steps=814 crash_type=clip
[term] ep04 seed=1004 terms=collision -> crash/clip
[ep04] seed=1004 outcome=crash     gates=1/4 steps=574 crash_type=clip
[term] ep05 seed=1005 terms=collision -> crash/clip
[ep05] seed=1005 outcome=crash     gates=1/4 steps=306 crash_type=clip
[SWEEP] ms=0.0055 cruise=1.6 walk=0.0 hold=0.0 SUCCESS 0/6 clip=6 ground=0  s1000:cras(3/4,768,clip) s1001:cras(2/4,424,clip) s1002:cras(2/4,536,clip) s1003:cras(3/4,814,clip) s1004:cras(1/4,574,clip) s1005:cras(1/4,306,clip)
[SWEEP-CSV] appended 6 rows -> /scratch/agustin/xpurt-dev-sync/results/codesign_feedback/hil_ablation_courseB.csv
[out] wrote out/v12_crowded_sensor_demo.mp4
Loading user config located at: '/scratch2/agustin/miniforge3/envs/env_isaaclab/lib/python3.11/site-packages/isaacsim/kit/data/Kit/Isaac-Sim/5.1/user.config.json'
[Info] [carb] Logging to file: /scratch2/agustin/miniforge3/envs/env_isaaclab/lib/python3.11/site-packages/isaacsim/kit/logs/Kit/Isaac-Sim/5.1/kit_20260908_211831.log
2026-09-09T04:18:31Z [189ms] [Warning] [carb.windowing-glfw.plugin] GLFW initialization failed.
2026-09-09T04:18:31Z [189ms] [Warning] [carb] Failed to startup plugin carb.windowing-glfw.plugin (interfaces: [carb::windowing::IGLContext v1.0],[carb::windowing::IWindowing v1.5]) (impl: carb.windowing-glfw.plugin)
2026-09-09T04:18:31Z [214ms] [Warning] [omni.platforminfo.plugin] failed to open the default display.  Can't verify X Server version.

|---------------------------------------------------------------------------------------------|
| Driver Version: 560.35.05     | Graphics API: Vulkan
|=============================================================================================|
| GPU | Name                             | Active | LDA | GPU Memory | Vendor-ID | LUID       |
|     |                                  |        |     |            | Device-ID | UUID       |
|     |                                  |        |     |            | Bus-ID    |            |
|---------------------------------------------------------------------------------------------|
| 0   | NVIDIA TITAN RTX                 | Yes: 0 |     | 24822   MB | 10de      | 0          |
|     |                                  |        |     |            | 1e02      | 61ac89bf.. |
|     |                                  |        |     |            | 41        |            |
|=============================================================================================|
| OS: 24.04.4 LTS (Noble Numbat) ubuntu, Version: 24.04.4, Kernel: 6.8.0-139-generic
| Processor: AMD Ryzen Threadripper PRO 5965WX 24-Cores
| Cores: 24 | Logical Cores: 48
|---------------------------------------------------------------------------------------------|
| Total Memory (MB): 128634 | Free Memory: 71976
| Total Page/Swap (MB): 8191 | Free Page/Swap: 0
|---------------------------------------------------------------------------------------------|
2026-09-09T04:18:32Z [1,059ms] [Warning] [gpu.foundation.plugin] IOMMU is enabled.
2026-09-09T04:18:32Z [1,691ms] [Warning] [carb.windowing-glfw.plugin] GLFW initialization failed.
2026-09-09T04:18:32Z [1,692ms] [Warning] [carb] Failed to startup plugin carb.windowing-glfw.plugin (interfaces: [carb::windowing::IGLContext v1.0],[carb::windowing::IWindowing v1.5]) (impl: carb.windowing-glfw.plugin)
2026-09-09T04:18:32Z [1,706ms] [Warning] [carb.windowing-glfw.plugin] GLFW initialization failed.
2026-09-09T04:18:32Z [1,706ms] [Warning] [carb] Failed to startup plugin carb.windowing-glfw.plugin (interfaces: [carb::windowing::IGLContext v1.0],[carb::windowing::IWindowing v1.5]) (impl: carb.windowing-glfw.plugin)
2026-09-09T04:18:32Z [1,713ms] [Warning] [carb.windowing-glfw.plugin] GLFW initialization failed.
2026-09-09T04:18:32Z [1,713ms] [Warning] [carb] Failed to startup plugin carb.windowing-glfw.plugin (interfaces: [carb::windowing::IGLContext v1.0],[carb::windowing::IWindowing v1.5]) (impl: carb.windowing-glfw.plugin)
2026-09-09T04:18:32Z [1,722ms] [Warning] [carb.windowing-glfw.plugin] GLFW initialization failed.
2026-09-09T04:18:32Z [1,722ms] [Warning] [carb] Failed to startup plugin carb.windowing-glfw.plugin (interfaces: [carb::windowing::IGLContext v1.0],[carb::windowing::IWindowing v1.5]) (impl: carb.windowing-glfw.plugin)
2026-09-09T04:18:32Z [1,723ms] [Warning] [carb.windowing-glfw.plugin] GLFW initialization failed.
2026-09-09T04:18:32Z [1,723ms] [Warning] [carb] Failed to startup plugin carb.windowing-glfw.plugin (interfaces: [carb::windowing::IGLContext v1.0],[carb::windowing::IWindowing v1.5]) (impl: carb.windowing-glfw.plugin)
2026-09-09T04:18:32Z [1,724ms] [Warning] [carb.windowing-glfw.plugin] GLFW initialization failed.
2026-09-09T04:18:32Z [1,724ms] [Warning] [carb] Failed to startup plugin carb.windowing-glfw.plugin (interfaces: [carb::windowing::IGLContext v1.0],[carb::windowing::IWindowing v1.5]) (impl: carb.windowing-glfw.plugin)
2026-09-09T04:18:33Z [1,898ms] [Warning] [omni.log] Source: omni.hydra was already registered.
2026-09-09T04:18:33Z [2,169ms] [Warning] [carb] Acquiring non optional plugin interface which is not listed as dependency: [omni::physx::IPhysxBenchmarks v1.0] (plugin: <default plugin>), by client: omni.physics.physx.plugin. Add it to CARB_PLUGIN_IMPL_DEPS() macro of a client.
2026-09-09T04:18:33Z [2,179ms] [Warning] [omni.isaac.dynamic_control] omni.isaac.dynamic_control is deprecated as of Isaac Sim 4.5. No action is needed from end-users.
2026-09-09T04:18:36Z [5,427ms] [Warning] [pxr.Semantics] pxr.Semantics is deprecated - please use Semantics instead
2026-09-09T04:18:36Z [5,521ms] [Warning] [omni.graph.core.plugin] Found duplicate of category 'Replicator' - was 'Annotators', adding 'Fabric Reader'
2026-09-09T04:18:36Z [5,521ms] [Warning] [omni.graph.core.plugin] Category 'Replicator' not accepted on node type 'omni.replicator.core.FabricReader' in extension 'omni.replicator.core'
2026-09-09T04:18:36Z [5,522ms] [Warning] [omni.replicator.core.scripts.extension] No material configuration file, adding configuration to material settings directly.
[INFO][AppLauncher]: Using device: cuda:0
[INFO][AppLauncher]: Loading experience file: /scratch2/dima/IsaacLab/apps/isaaclab.python.headless.rendering.kit
[sim] dt=0.01 decimation=1 -> control_dt=10.0 ms (100 Hz)
[env] gym.make Isaac-Drone-Warehouse-Gates-Vision-Crazyflie-Play-WithSensors-Coll-v0

[36m===================================================================================================================================================================[0m
[36m[1m[INFO][IsaacLab]: Logging to file: /scratch/agustin/xpurt-dev-sync/results/codesign_feedback/strengthen_campaign/tmp/isaaclab/logs/isaaclab_2026-09-08_21-18-45.log[0m
[36m===================================================================================================================================================================[0m

[33m21:18:45 [simulation_context.py] WARNING: The `enable_external_forces_every_iteration` parameter in the PhysxCfg is set to False. If you are experiencing noisy velocities, consider enabling this flag. You may need to slightly increase the number of velocity iterations (setting it to 1 or 2 rather than 0), together with this flag, to improve the accuracy of velocity updates.[0m
[INFO]: Base environment:
	Environment device    : cuda:0
	Environment seed      : None
	Physics step-size     : 0.01
	Rendering step-size   : 0.01
	Environment step-size : 0.01
[INFO]: Time taken for scene creation : 13.418271 seconds
[INFO]: Scene manager:  <class InteractiveScene>
	Number of environments: 1
	Environment spacing   : 40.0
	Source prim name      : /World/envs/env_0
	Global prim paths     : []
	Replicate physics     : True
[INFO]: Starting the simulation. This may take a few seconds. Please wait...
[INFO]: Time taken for simulation start : 23.486685 seconds
[INFO] Command Manager:  <CommandManager> contains 1 active terms.
+---------------------------------------+
|          Active Command Terms         |
+-------+------+------------------------+
| Index | Name |          Type          |
+-------+------+------------------------+
|   0   | goal | FixedGateCourseCommand |
+-------+------+------------------------+

[INFO] Event Manager:  <EventManager> contains 2 active terms.
+------------------------------------+
| Active Event Terms in Mode: 'reset' |
+----------+-------------------------+
|  Index   | Name                    |
+----------+-------------------------+
|    0     | reset_base              |
|    1     | reset_obstacles         |
|    2     | randomize_light         |
+----------+-------------------------+
+-------------------------------------------------+
|      Active Event Terms in Mode: 'interval'     |
+-------+---------------+-------------------------+
| Index | Name          | Interval time range (s) |
+-------+---------------+-------------------------+
|   0   | move_people   |        (0.0, 0.0)       |
|   1   | move_forklift |        (0.0, 0.0)       |
+-------+---------------+-------------------------+

[INFO] Recorder Manager:  <RecorderManager> contains 0 active terms.
+---------------------+
| Active Recorder Terms |
+-----------+---------+
|   Index   | Name    |
+-----------+---------+
+-----------+---------+

[INFO] Action Manager:  <ActionManager> contains 1 active terms.
+-----------------------------------+
|   Active Action Terms (shape: 4)  |
+--------+------------+-------------+
| Index  | Name       |   Dimension |
+--------+------------+-------------+
|   0    | velocity   |           4 |
+--------+------------+-------------+

[INFO] Observation Manager: <ObservationManager> contains 1 groups.
+---------------------------------------------------------+
| Active Observation Terms in Group: 'policy' (shape: (33,)) |
+-----------+---------------------------------+-----------+
|   Index   | Name                            |   Shape   |
+-----------+---------------------------------+-----------+
|     0     | base_lin_vel                    |    (3,)   |
|     1     | base_ang_vel                    |    (3,)   |
|     2     | projected_gravity               |    (3,)   |
|     3     | base_height                     |    (1,)   |
|     4     | goal                            |    (4,)   |
|     5     | obstacles                       |   (15,)   |
|     6     | last_action                     |    (4,)   |
+-----------+---------------------------------+-----------+

[INFO] Termination Manager:  <TerminationManager> contains 3 active terms.
+---------------------------------+
|     Active Termination Terms    |
+-------+--------------+----------+
| Index | Name         | Time Out |
+-------+--------------+----------+
|   0   | time_out     |   True   |
|   1   | crash_ground |  False   |
|   2   | collision    |  False   |
+-------+--------------+----------+

[INFO] Reward Manager:  <RewardManager> contains 5 active terms.
+---------------------------------+
|       Active Reward Terms       |
+-------+----------------+--------+
| Index | Name           | Weight |
+-------+----------------+--------+
|   0   | navigation     |    1.0 |
|   1   | gate_pass      |   20.0 |
|   2   | course_done    |    5.0 |
|   3   | collision      | -100.0 |
|   4   | success_metric |    1.0 |
+-------+----------------+--------+

[INFO] Curriculum Manager:  <CurriculumManager> contains 1 active terms.
+---------------------------+
|  Active Curriculum Terms  |
+--------+------------------+
| Index  | Name             |
+--------+------------------+
|   0    | obstacle_count   |
+--------+------------------+

[INFO]: Completed setting up the environment...
[sched] latency=28.0 ms, control_dt=10.0 ms -> refresh every 3 step(s) (33 Hz effective command rate)
[percep] latency=0.0 ms -> delay 0 step(s) (act on perception 0.0 ms old)
[nav] FusedSensorNet out_dim=2 vision=cnn loaded: /scratch/agustin/projects/DIMA/XPU-RT/sims/models/warehouse/nav_fused_v12_cnn.pt
[ctrl] actor arch inferred from ckpt: [16, 256, 128, 64, 4]
[ctrl] RL/MLP controller loaded: /scratch/agustin/projects/DIMA/XPU-RT/sims/models/warehouse/rl_controller_velctrl_dr4.pt (moment_scale=0.0055)
[yolo] warehouse detector loaded: /scratch/agustin/projects/DIMA/XPU-RT/sims/models/warehouse/yolov8n_gate_person_128x192.pt
[demo] hid 132 roof prims for the overhead view
[demo] overhead K fx=849.3 cx=640.0  pos=[         -8        13.5          13]  quat=[          0       0.707       0.707          -0]
[demo] FIXED iso cam eye=[        -13        -0.5          13] -> center=[         -8        13.5           2] (offset (-5.0, -14.0, 11.0))
[gantt] embedded XPU-RT schedule: /scratch2/agustin/XPU-RT/schedules/scheduled_networks_k1_live_stack_cpsat_profiled.json (333 dispatches, makespan 90.0 ms)
[term] ep00 seed=1000 terms=collision -> crash/clip
[ep00] seed=1000 outcome=crash     gates=1/4 steps=455 crash_type=clip
[term] ep01 seed=1001 terms=collision -> crash/clip
[ep01] seed=1001 outcome=crash     gates=1/4 steps=179 crash_type=clip
[term] ep02 seed=1002 terms=collision -> crash/clip
[ep02] seed=1002 outcome=crash     gates=2/4 steps=880 crash_type=clip
[term] ep03 seed=1003 terms=collision -> crash/clip
[ep03] seed=1003 outcome=crash     gates=2/4 steps=474 crash_type=clip
[term] ep04 seed=1004 terms=collision -> crash/clip
[ep04] seed=1004 outcome=crash     gates=1/4 steps=327 crash_type=clip
[term] ep05 seed=1005 terms=collision -> crash/clip
[ep05] seed=1005 outcome=crash     gates=1/4 steps=1646 crash_type=clip
[SWEEP] ms=0.0055 cruise=1.6 walk=0.0 hold=0.0 SUCCESS 0/6 clip=6 ground=0  s1000:cras(1/4,455,clip) s1001:cras(1/4,179,clip) s1002:cras(2/4,880,clip) s1003:cras(2/4,474,clip) s1004:cras(1/4,327,clip) s1005:cras(1/4,1646,clip)
[SWEEP-CSV] appended 6 rows -> /scratch/agustin/xpurt-dev-sync/results/codesign_feedback/hil_ablation_courseB.csv
[out] wrote out/v12_crowded_sensor_demo.mp4
Loading user config located at: '/scratch2/agustin/miniforge3/envs/env_isaaclab/lib/python3.11/site-packages/isaacsim/kit/data/Kit/Isaac-Sim/5.1/user.config.json'
[Info] [carb] Logging to file: /scratch2/agustin/miniforge3/envs/env_isaaclab/lib/python3.11/site-packages/isaacsim/kit/logs/Kit/Isaac-Sim/5.1/kit_20260908_212349.log
2026-09-09T04:23:49Z [256ms] [Warning] [carb.windowing-glfw.plugin] GLFW initialization failed.
2026-09-09T04:23:49Z [256ms] [Warning] [carb] Failed to startup plugin carb.windowing-glfw.plugin (interfaces: [carb::windowing::IGLContext v1.0],[carb::windowing::IWindowing v1.5]) (impl: carb.windowing-glfw.plugin)
2026-09-09T04:23:49Z [286ms] [Warning] [omni.platforminfo.plugin] failed to open the default display.  Can't verify X Server version.

|---------------------------------------------------------------------------------------------|
| Driver Version: 560.35.05     | Graphics API: Vulkan
|=============================================================================================|
| GPU | Name                             | Active | LDA | GPU Memory | Vendor-ID | LUID       |
|     |                                  |        |     |            | Device-ID | UUID       |
|     |                                  |        |     |            | Bus-ID    |            |
|---------------------------------------------------------------------------------------------|
| 0   | NVIDIA TITAN RTX                 | Yes: 0 |     | 24822   MB | 10de      | 0          |
|     |                                  |        |     |            | 1e02      | 61ac89bf.. |
|     |                                  |        |     |            | 41        |            |
|=============================================================================================|
| OS: 24.04.4 LTS (Noble Numbat) ubuntu, Version: 24.04.4, Kernel: 6.8.0-139-generic
| Processor: AMD Ryzen Threadripper PRO 5965WX 24-Cores
| Cores: 24 | Logical Cores: 48
|---------------------------------------------------------------------------------------------|
| Total Memory (MB): 128634 | Free Memory: 70649
| Total Page/Swap (MB): 8191 | Free Page/Swap: 0
|---------------------------------------------------------------------------------------------|
2026-09-09T04:23:50Z [1,034ms] [Warning] [gpu.foundation.plugin] IOMMU is enabled.
2026-09-09T04:23:50Z [1,717ms] [Warning] [carb.windowing-glfw.plugin] GLFW initialization failed.
2026-09-09T04:23:50Z [1,717ms] [Warning] [carb] Failed to startup plugin carb.windowing-glfw.plugin (interfaces: [carb::windowing::IGLContext v1.0],[carb::windowing::IWindowing v1.5]) (impl: carb.windowing-glfw.plugin)
2026-09-09T04:23:50Z [1,734ms] [Warning] [carb.windowing-glfw.plugin] GLFW initialization failed.
2026-09-09T04:23:50Z [1,734ms] [Warning] [carb] Failed to startup plugin carb.windowing-glfw.plugin (interfaces: [carb::windowing::IGLContext v1.0],[carb::windowing::IWindowing v1.5]) (impl: carb.windowing-glfw.plugin)
2026-09-09T04:23:50Z [1,741ms] [Warning] [carb.windowing-glfw.plugin] GLFW initialization failed.
2026-09-09T04:23:50Z [1,741ms] [Warning] [carb] Failed to startup plugin carb.windowing-glfw.plugin (interfaces: [carb::windowing::IGLContext v1.0],[carb::windowing::IWindowing v1.5]) (impl: carb.windowing-glfw.plugin)
2026-09-09T04:23:50Z [1,751ms] [Warning] [carb.windowing-glfw.plugin] GLFW initialization failed.
2026-09-09T04:23:50Z [1,751ms] [Warning] [carb] Failed to startup plugin carb.windowing-glfw.plugin (interfaces: [carb::windowing::IGLContext v1.0],[carb::windowing::IWindowing v1.5]) (impl: carb.windowing-glfw.plugin)
2026-09-09T04:23:50Z [1,752ms] [Warning] [carb.windowing-glfw.plugin] GLFW initialization failed.
2026-09-09T04:23:50Z [1,752ms] [Warning] [carb] Failed to startup plugin carb.windowing-glfw.plugin (interfaces: [carb::windowing::IGLContext v1.0],[carb::windowing::IWindowing v1.5]) (impl: carb.windowing-glfw.plugin)
2026-09-09T04:23:50Z [1,752ms] [Warning] [carb.windowing-glfw.plugin] GLFW initialization failed.
2026-09-09T04:23:50Z [1,752ms] [Warning] [carb] Failed to startup plugin carb.windowing-glfw.plugin (interfaces: [carb::windowing::IGLContext v1.0],[carb::windowing::IWindowing v1.5]) (impl: carb.windowing-glfw.plugin)
2026-09-09T04:23:50Z [1,948ms] [Warning] [omni.log] Source: omni.hydra was already registered.
2026-09-09T04:23:51Z [2,254ms] [Warning] [carb] Acquiring non optional plugin interface which is not listed as dependency: [omni::physx::IPhysxBenchmarks v1.0] (plugin: <default plugin>), by client: omni.physics.physx.plugin. Add it to CARB_PLUGIN_IMPL_DEPS() macro of a client.
2026-09-09T04:23:51Z [2,266ms] [Warning] [omni.isaac.dynamic_control] omni.isaac.dynamic_control is deprecated as of Isaac Sim 4.5. No action is needed from end-users.
2026-09-09T04:23:54Z [5,607ms] [Warning] [pxr.Semantics] pxr.Semantics is deprecated - please use Semantics instead
2026-09-09T04:23:54Z [5,734ms] [Warning] [omni.graph.core.plugin] Found duplicate of category 'Replicator' - was 'Annotators', adding 'Fabric Reader'
2026-09-09T04:23:54Z [5,734ms] [Warning] [omni.graph.core.plugin] Category 'Replicator' not accepted on node type 'omni.replicator.core.FabricReader' in extension 'omni.replicator.core'
2026-09-09T04:23:54Z [5,735ms] [Warning] [omni.replicator.core.scripts.extension] No material configuration file, adding configuration to material settings directly.
[INFO][AppLauncher]: Using device: cuda:0
[INFO][AppLauncher]: Loading experience file: /scratch2/dima/IsaacLab/apps/isaaclab.python.headless.rendering.kit
[sim] dt=0.01 decimation=1 -> control_dt=10.0 ms (100 Hz)
[env] gym.make Isaac-Drone-Warehouse-Gates-Vision-Crazyflie-Play-WithSensors-Coll-v0

[36m===================================================================================================================================================================[0m
[36m[1m[INFO][IsaacLab]: Logging to file: /scratch/agustin/xpurt-dev-sync/results/codesign_feedback/strengthen_campaign/tmp/isaaclab/logs/isaaclab_2026-09-08_21-24-03.log[0m
[36m===================================================================================================================================================================[0m

[33m21:24:03 [simulation_context.py] WARNING: The `enable_external_forces_every_iteration` parameter in the PhysxCfg is set to False. If you are experiencing noisy velocities, consider enabling this flag. You may need to slightly increase the number of velocity iterations (setting it to 1 or 2 rather than 0), together with this flag, to improve the accuracy of velocity updates.[0m
[INFO]: Base environment:
	Environment device    : cuda:0
	Environment seed      : None
	Physics step-size     : 0.01
	Rendering step-size   : 0.01
	Environment step-size : 0.01
[INFO]: Time taken for scene creation : 13.191975 seconds
[INFO]: Scene manager:  <class InteractiveScene>
	Number of environments: 1
	Environment spacing   : 40.0
	Source prim name      : /World/envs/env_0
	Global prim paths     : []
	Replicate physics     : True
[INFO]: Starting the simulation. This may take a few seconds. Please wait...
[INFO]: Time taken for simulation start : 24.267050 seconds
[INFO] Command Manager:  <CommandManager> contains 1 active terms.
+---------------------------------------+
|          Active Command Terms         |
+-------+------+------------------------+
| Index | Name |          Type          |
+-------+------+------------------------+
|   0   | goal | FixedGateCourseCommand |
+-------+------+------------------------+

[INFO] Event Manager:  <EventManager> contains 2 active terms.
+------------------------------------+
| Active Event Terms in Mode: 'reset' |
+----------+-------------------------+
|  Index   | Name                    |
+----------+-------------------------+
|    0     | reset_base              |
|    1     | reset_obstacles         |
|    2     | randomize_light         |
+----------+-------------------------+
+-------------------------------------------------+
|      Active Event Terms in Mode: 'interval'     |
+-------+---------------+-------------------------+
| Index | Name          | Interval time range (s) |
+-------+---------------+-------------------------+
|   0   | move_people   |        (0.0, 0.0)       |
|   1   | move_forklift |        (0.0, 0.0)       |
+-------+---------------+-------------------------+

[INFO] Recorder Manager:  <RecorderManager> contains 0 active terms.
+---------------------+
| Active Recorder Terms |
+-----------+---------+
|   Index   | Name    |
+-----------+---------+
+-----------+---------+

[INFO] Action Manager:  <ActionManager> contains 1 active terms.
+-----------------------------------+
|   Active Action Terms (shape: 4)  |
+--------+------------+-------------+
| Index  | Name       |   Dimension |
+--------+------------+-------------+
|   0    | velocity   |           4 |
+--------+------------+-------------+

[INFO] Observation Manager: <ObservationManager> contains 1 groups.
+---------------------------------------------------------+
| Active Observation Terms in Group: 'policy' (shape: (33,)) |
+-----------+---------------------------------+-----------+
|   Index   | Name                            |   Shape   |
+-----------+---------------------------------+-----------+
|     0     | base_lin_vel                    |    (3,)   |
|     1     | base_ang_vel                    |    (3,)   |
|     2     | projected_gravity               |    (3,)   |
|     3     | base_height                     |    (1,)   |
|     4     | goal                            |    (4,)   |
|     5     | obstacles                       |   (15,)   |
|     6     | last_action                     |    (4,)   |
+-----------+---------------------------------+-----------+

[INFO] Termination Manager:  <TerminationManager> contains 3 active terms.
+---------------------------------+
|     Active Termination Terms    |
+-------+--------------+----------+
| Index | Name         | Time Out |
+-------+--------------+----------+
|   0   | time_out     |   True   |
|   1   | crash_ground |  False   |
|   2   | collision    |  False   |
+-------+--------------+----------+

[INFO] Reward Manager:  <RewardManager> contains 5 active terms.
+---------------------------------+
|       Active Reward Terms       |
+-------+----------------+--------+
| Index | Name           | Weight |
+-------+----------------+--------+
|   0   | navigation     |    1.0 |
|   1   | gate_pass      |   20.0 |
|   2   | course_done    |    5.0 |
|   3   | collision      | -100.0 |
|   4   | success_metric |    1.0 |
+-------+----------------+--------+

[INFO] Curriculum Manager:  <CurriculumManager> contains 1 active terms.
+---------------------------+
|  Active Curriculum Terms  |
+--------+------------------+
| Index  | Name             |
+--------+------------------+
|   0    | obstacle_count   |
+--------+------------------+

[INFO]: Completed setting up the environment...
[sched] latency=38.0 ms, control_dt=10.0 ms -> refresh every 4 step(s) (25 Hz effective command rate)
[percep] latency=0.0 ms -> delay 0 step(s) (act on perception 0.0 ms old)
[nav] FusedSensorNet out_dim=2 vision=cnn loaded: /scratch/agustin/projects/DIMA/XPU-RT/sims/models/warehouse/nav_fused_v12_cnn.pt
[ctrl] actor arch inferred from ckpt: [16, 256, 128, 64, 4]
[ctrl] RL/MLP controller loaded: /scratch/agustin/projects/DIMA/XPU-RT/sims/models/warehouse/rl_controller_velctrl_dr4.pt (moment_scale=0.0055)
[yolo] warehouse detector loaded: /scratch/agustin/projects/DIMA/XPU-RT/sims/models/warehouse/yolov8n_gate_person_128x192.pt
[demo] hid 132 roof prims for the overhead view
[demo] overhead K fx=849.3 cx=640.0  pos=[         -8        13.5          13]  quat=[          0       0.707       0.707          -0]
[demo] FIXED iso cam eye=[        -13        -0.5          13] -> center=[         -8        13.5           2] (offset (-5.0, -14.0, 11.0))
[gantt] embedded XPU-RT schedule: /scratch2/agustin/XPU-RT/schedules/scheduled_networks_k1_live_stack_cpsat_profiled.json (333 dispatches, makespan 90.0 ms)
[term] ep00 seed=1000 terms=collision -> crash/clip
[ep00] seed=1000 outcome=crash     gates=1/4 steps=585 crash_type=clip
[term] ep01 seed=1001 terms=collision -> crash/clip
[ep01] seed=1001 outcome=crash     gates=0/4 steps=887 crash_type=clip
[term] ep02 seed=1002 terms=collision -> crash/clip
[ep02] seed=1002 outcome=crash     gates=0/4 steps=533 crash_type=clip
[term] ep03 seed=1003 terms=collision -> crash/clip
[ep03] seed=1003 outcome=crash     gates=1/4 steps=385 crash_type=clip
[term] ep04 seed=1004 terms=collision -> crash/clip
[ep04] seed=1004 outcome=crash     gates=1/4 steps=475 crash_type=clip
[term] ep05 seed=1005 terms=collision -> crash/clip
[ep05] seed=1005 outcome=crash     gates=1/4 steps=194 crash_type=clip
[SWEEP] ms=0.0055 cruise=1.6 walk=0.0 hold=0.0 SUCCESS 0/6 clip=6 ground=0  s1000:cras(1/4,585,clip) s1001:cras(0/4,887,clip) s1002:cras(0/4,533,clip) s1003:cras(1/4,385,clip) s1004:cras(1/4,475,clip) s1005:cras(1/4,194,clip)
[SWEEP-CSV] appended 6 rows -> /scratch/agustin/xpurt-dev-sync/results/codesign_feedback/hil_ablation_courseB.csv
[out] wrote out/v12_crowded_sensor_demo.mp4
Loading user config located at: '/scratch2/agustin/miniforge3/envs/env_isaaclab/lib/python3.11/site-packages/isaacsim/kit/data/Kit/Isaac-Sim/5.1/user.config.json'
[Info] [carb] Logging to file: /scratch2/agustin/miniforge3/envs/env_isaaclab/lib/python3.11/site-packages/isaacsim/kit/logs/Kit/Isaac-Sim/5.1/kit_20260908_212809.log
2026-09-09T04:28:09Z [191ms] [Warning] [carb.windowing-glfw.plugin] GLFW initialization failed.
2026-09-09T04:28:09Z [191ms] [Warning] [carb] Failed to startup plugin carb.windowing-glfw.plugin (interfaces: [carb::windowing::IGLContext v1.0],[carb::windowing::IWindowing v1.5]) (impl: carb.windowing-glfw.plugin)
2026-09-09T04:28:09Z [218ms] [Warning] [omni.platforminfo.plugin] failed to open the default display.  Can't verify X Server version.

|---------------------------------------------------------------------------------------------|
| Driver Version: 560.35.05     | Graphics API: Vulkan
|=============================================================================================|
| GPU | Name                             | Active | LDA | GPU Memory | Vendor-ID | LUID       |
|     |                                  |        |     |            | Device-ID | UUID       |
|     |                                  |        |     |            | Bus-ID    |            |
|---------------------------------------------------------------------------------------------|
| 0   | NVIDIA TITAN RTX                 | Yes: 0 |     | 24822   MB | 10de      | 0          |
|     |                                  |        |     |            | 1e02      | 61ac89bf.. |
|     |                                  |        |     |            | 41        |            |
|=============================================================================================|
| OS: 24.04.4 LTS (Noble Numbat) ubuntu, Version: 24.04.4, Kernel: 6.8.0-139-generic
| Processor: AMD Ryzen Threadripper PRO 5965WX 24-Cores
| Cores: 24 | Logical Cores: 48
|---------------------------------------------------------------------------------------------|
| Total Memory (MB): 128634 | Free Memory: 71676
| Total Page/Swap (MB): 8191 | Free Page/Swap: 0
|---------------------------------------------------------------------------------------------|
2026-09-09T04:28:10Z [980ms] [Warning] [gpu.foundation.plugin] IOMMU is enabled.
2026-09-09T04:28:11Z [1,632ms] [Warning] [carb.windowing-glfw.plugin] GLFW initialization failed.
2026-09-09T04:28:11Z [1,632ms] [Warning] [carb] Failed to startup plugin carb.windowing-glfw.plugin (interfaces: [carb::windowing::IGLContext v1.0],[carb::windowing::IWindowing v1.5]) (impl: carb.windowing-glfw.plugin)
2026-09-09T04:28:11Z [1,647ms] [Warning] [carb.windowing-glfw.plugin] GLFW initialization failed.
2026-09-09T04:28:11Z [1,647ms] [Warning] [carb] Failed to startup plugin carb.windowing-glfw.plugin (interfaces: [carb::windowing::IGLContext v1.0],[carb::windowing::IWindowing v1.5]) (impl: carb.windowing-glfw.plugin)
2026-09-09T04:28:11Z [1,654ms] [Warning] [carb.windowing-glfw.plugin] GLFW initialization failed.
2026-09-09T04:28:11Z [1,654ms] [Warning] [carb] Failed to startup plugin carb.windowing-glfw.plugin (interfaces: [carb::windowing::IGLContext v1.0],[carb::windowing::IWindowing v1.5]) (impl: carb.windowing-glfw.plugin)
2026-09-09T04:28:11Z [1,663ms] [Warning] [carb.windowing-glfw.plugin] GLFW initialization failed.
2026-09-09T04:28:11Z [1,663ms] [Warning] [carb] Failed to startup plugin carb.windowing-glfw.plugin (interfaces: [carb::windowing::IGLContext v1.0],[carb::windowing::IWindowing v1.5]) (impl: carb.windowing-glfw.plugin)
2026-09-09T04:28:11Z [1,664ms] [Warning] [carb.windowing-glfw.plugin] GLFW initialization failed.
2026-09-09T04:28:11Z [1,664ms] [Warning] [carb] Failed to startup plugin carb.windowing-glfw.plugin (interfaces: [carb::windowing::IGLContext v1.0],[carb::windowing::IWindowing v1.5]) (impl: carb.windowing-glfw.plugin)
2026-09-09T04:28:11Z [1,665ms] [Warning] [carb.windowing-glfw.plugin] GLFW initialization failed.
2026-09-09T04:28:11Z [1,665ms] [Warning] [carb] Failed to startup plugin carb.windowing-glfw.plugin (interfaces: [carb::windowing::IGLContext v1.0],[carb::windowing::IWindowing v1.5]) (impl: carb.windowing-glfw.plugin)
2026-09-09T04:28:11Z [1,839ms] [Warning] [omni.log] Source: omni.hydra was already registered.
2026-09-09T04:28:11Z [2,131ms] [Warning] [carb] Acquiring non optional plugin interface which is not listed as dependency: [omni::physx::IPhysxBenchmarks v1.0] (plugin: <default plugin>), by client: omni.physics.physx.plugin. Add it to CARB_PLUGIN_IMPL_DEPS() macro of a client.
2026-09-09T04:28:11Z [2,145ms] [Warning] [omni.isaac.dynamic_control] omni.isaac.dynamic_control is deprecated as of Isaac Sim 4.5. No action is needed from end-users.
2026-09-09T04:28:15Z [5,553ms] [Warning] [pxr.Semantics] pxr.Semantics is deprecated - please use Semantics instead
2026-09-09T04:28:15Z [5,674ms] [Warning] [omni.graph.core.plugin] Found duplicate of category 'Replicator' - was 'Annotators', adding 'Fabric Reader'
2026-09-09T04:28:15Z [5,674ms] [Warning] [omni.graph.core.plugin] Category 'Replicator' not accepted on node type 'omni.replicator.core.FabricReader' in extension 'omni.replicator.core'
2026-09-09T04:28:15Z [5,675ms] [Warning] [omni.replicator.core.scripts.extension] No material configuration file, adding configuration to material settings directly.
[INFO][AppLauncher]: Using device: cuda:0
[INFO][AppLauncher]: Loading experience file: /scratch2/dima/IsaacLab/apps/isaaclab.python.headless.rendering.kit
[sim] dt=0.01 decimation=1 -> control_dt=10.0 ms (100 Hz)
[env] gym.make Isaac-Drone-Warehouse-Gates-Vision-Crazyflie-Play-WithSensors-Coll-v0

[36m===================================================================================================================================================================[0m
[36m[1m[INFO][IsaacLab]: Logging to file: /scratch/agustin/xpurt-dev-sync/results/codesign_feedback/strengthen_campaign/tmp/isaaclab/logs/isaaclab_2026-09-08_21-28-23.log[0m
[36m===================================================================================================================================================================[0m

[33m21:28:23 [simulation_context.py] WARNING: The `enable_external_forces_every_iteration` parameter in the PhysxCfg is set to False. If you are experiencing noisy velocities, consider enabling this flag. You may need to slightly increase the number of velocity iterations (setting it to 1 or 2 rather than 0), together with this flag, to improve the accuracy of velocity updates.[0m
[INFO]: Base environment:
	Environment device    : cuda:0
	Environment seed      : None
	Physics step-size     : 0.01
	Rendering step-size   : 0.01
	Environment step-size : 0.01
[INFO]: Time taken for scene creation : 13.059207 seconds
[INFO]: Scene manager:  <class InteractiveScene>
	Number of environments: 1
	Environment spacing   : 40.0
	Source prim name      : /World/envs/env_0
	Global prim paths     : []
	Replicate physics     : True
[INFO]: Starting the simulation. This may take a few seconds. Please wait...
[INFO]: Time taken for simulation start : 24.273677 seconds
[INFO] Command Manager:  <CommandManager> contains 1 active terms.
+---------------------------------------+
|          Active Command Terms         |
+-------+------+------------------------+
| Index | Name |          Type          |
+-------+------+------------------------+
|   0   | goal | FixedGateCourseCommand |
+-------+------+------------------------+

[INFO] Event Manager:  <EventManager> contains 2 active terms.
+------------------------------------+
| Active Event Terms in Mode: 'reset' |
+----------+-------------------------+
|  Index   | Name                    |
+----------+-------------------------+
|    0     | reset_base              |
|    1     | reset_obstacles         |
|    2     | randomize_light         |
+----------+-------------------------+
+-------------------------------------------------+
|      Active Event Terms in Mode: 'interval'     |
+-------+---------------+-------------------------+
| Index | Name          | Interval time range (s) |
+-------+---------------+-------------------------+
|   0   | move_people   |        (0.0, 0.0)       |
|   1   | move_forklift |        (0.0, 0.0)       |
+-------+---------------+-------------------------+

[INFO] Recorder Manager:  <RecorderManager> contains 0 active terms.
+---------------------+
| Active Recorder Terms |
+-----------+---------+
|   Index   | Name    |
+-----------+---------+
+-----------+---------+

[INFO] Action Manager:  <ActionManager> contains 1 active terms.
+-----------------------------------+
|   Active Action Terms (shape: 4)  |
+--------+------------+-------------+
| Index  | Name       |   Dimension |
+--------+------------+-------------+
|   0    | velocity   |           4 |
+--------+------------+-------------+

[INFO] Observation Manager: <ObservationManager> contains 1 groups.
+---------------------------------------------------------+
| Active Observation Terms in Group: 'policy' (shape: (33,)) |
+-----------+---------------------------------+-----------+
|   Index   | Name                            |   Shape   |
+-----------+---------------------------------+-----------+
|     0     | base_lin_vel                    |    (3,)   |
|     1     | base_ang_vel                    |    (3,)   |
|     2     | projected_gravity               |    (3,)   |
|     3     | base_height                     |    (1,)   |
|     4     | goal                            |    (4,)   |
|     5     | obstacles                       |   (15,)   |
|     6     | last_action                     |    (4,)   |
+-----------+---------------------------------+-----------+

[INFO] Termination Manager:  <TerminationManager> contains 3 active terms.
+---------------------------------+
|     Active Termination Terms    |
+-------+--------------+----------+
| Index | Name         | Time Out |
+-------+--------------+----------+
|   0   | time_out     |   True   |
|   1   | crash_ground |  False   |
|   2   | collision    |  False   |
+-------+--------------+----------+

[INFO] Reward Manager:  <RewardManager> contains 5 active terms.
+---------------------------------+
|       Active Reward Terms       |
+-------+----------------+--------+
| Index | Name           | Weight |
+-------+----------------+--------+
|   0   | navigation     |    1.0 |
|   1   | gate_pass      |   20.0 |
|   2   | course_done    |    5.0 |
|   3   | collision      | -100.0 |
|   4   | success_metric |    1.0 |
+-------+----------------+--------+

[INFO] Curriculum Manager:  <CurriculumManager> contains 1 active terms.
+---------------------------+
|  Active Curriculum Terms  |
+--------+------------------+
| Index  | Name             |
+--------+------------------+
|   0    | obstacle_count   |
+--------+------------------+

[INFO]: Completed setting up the environment...
[sched] latency=8.0 ms, control_dt=10.0 ms -> refresh every 1 step(s) (100 Hz effective command rate)
[percep] latency=0.0 ms -> delay 0 step(s) (act on perception 0.0 ms old)
[nav] FusedSensorNet out_dim=2 vision=cnn loaded: /scratch/agustin/projects/DIMA/XPU-RT/sims/models/warehouse/nav_fused_v12_cnn.pt
[ctrl] actor arch inferred from ckpt: [16, 256, 128, 64, 4]
[ctrl] RL/MLP controller loaded: /scratch/agustin/projects/DIMA/XPU-RT/sims/models/warehouse/rl_controller_velctrl_dr4.pt (moment_scale=0.0055)
[yolo] warehouse detector loaded: /scratch/agustin/projects/DIMA/XPU-RT/sims/models/warehouse/yolov8n_gate_person_128x192.pt
[demo] hid 132 roof prims for the overhead view
[demo] overhead K fx=849.3 cx=640.0  pos=[         -8        13.5          13]  quat=[          0       0.707       0.707          -0]
[demo] FIXED iso cam eye=[        -13        -0.5          13] -> center=[         -8        13.5           2] (offset (-5.0, -14.0, 11.0))
[gantt] embedded XPU-RT schedule: /scratch2/agustin/XPU-RT/schedules/scheduled_networks_k1_live_stack_cpsat_profiled.json (333 dispatches, makespan 90.0 ms)
[term] ep00 seed=1000 terms=collision -> crash/clip
[ep00] seed=1000 outcome=crash     gates=2/4 steps=385 crash_type=clip
[term] ep01 seed=1001 terms=collision -> crash/clip
[ep01] seed=1001 outcome=crash     gates=0/4 steps=257 crash_type=clip
[term] ep02 seed=1002 terms=collision -> crash/clip
[ep02] seed=1002 outcome=crash     gates=2/4 steps=479 crash_type=clip
[ep03] seed=1003 outcome=success   gates=4/4 steps=802 crash_type=-
[ep04] seed=1004 outcome=success   gates=4/4 steps=811 crash_type=-
[term] ep05 seed=1005 terms=collision -> crash/clip
[ep05] seed=1005 outcome=crash     gates=1/4 steps=1385 crash_type=clip
[SWEEP] ms=0.0055 cruise=1.8 walk=0.0 hold=0.0 SUCCESS 2/6 clip=4 ground=0  s1000:cras(2/4,385,clip) s1001:cras(0/4,257,clip) s1002:cras(2/4,479,clip) s1003:succ(4/4,802,-) s1004:succ(4/4,811,-) s1005:cras(1/4,1385,clip)
[SWEEP-CSV] appended 6 rows -> /scratch/agustin/xpurt-dev-sync/results/codesign_feedback/hil_ablation_courseB.csv
[out] wrote out/v12_crowded_sensor_demo.mp4
Loading user config located at: '/scratch2/agustin/miniforge3/envs/env_isaaclab/lib/python3.11/site-packages/isaacsim/kit/data/Kit/Isaac-Sim/5.1/user.config.json'
[Info] [carb] Logging to file: /scratch2/agustin/miniforge3/envs/env_isaaclab/lib/python3.11/site-packages/isaacsim/kit/logs/Kit/Isaac-Sim/5.1/kit_20260908_213339.log
2026-09-09T04:33:39Z [211ms] [Warning] [carb.windowing-glfw.plugin] GLFW initialization failed.
2026-09-09T04:33:39Z [211ms] [Warning] [carb] Failed to startup plugin carb.windowing-glfw.plugin (interfaces: [carb::windowing::IGLContext v1.0],[carb::windowing::IWindowing v1.5]) (impl: carb.windowing-glfw.plugin)
2026-09-09T04:33:39Z [240ms] [Warning] [omni.platforminfo.plugin] failed to open the default display.  Can't verify X Server version.

|---------------------------------------------------------------------------------------------|
| Driver Version: 560.35.05     | Graphics API: Vulkan
|=============================================================================================|
| GPU | Name                             | Active | LDA | GPU Memory | Vendor-ID | LUID       |
|     |                                  |        |     |            | Device-ID | UUID       |
|     |                                  |        |     |            | Bus-ID    |            |
|---------------------------------------------------------------------------------------------|
| 0   | NVIDIA TITAN RTX                 | Yes: 0 |     | 24822   MB | 10de      | 0          |
|     |                                  |        |     |            | 1e02      | 61ac89bf.. |
|     |                                  |        |     |            | 41        |            |
|=============================================================================================|
| OS: 24.04.4 LTS (Noble Numbat) ubuntu, Version: 24.04.4, Kernel: 6.8.0-139-generic
| Processor: AMD Ryzen Threadripper PRO 5965WX 24-Cores
| Cores: 24 | Logical Cores: 48
|---------------------------------------------------------------------------------------------|
| Total Memory (MB): 128634 | Free Memory: 75244
| Total Page/Swap (MB): 8191 | Free Page/Swap: 0
|---------------------------------------------------------------------------------------------|
2026-09-09T04:33:40Z [1,001ms] [Warning] [gpu.foundation.plugin] IOMMU is enabled.
2026-09-09T04:33:41Z [1,668ms] [Warning] [carb.windowing-glfw.plugin] GLFW initialization failed.
2026-09-09T04:33:41Z [1,668ms] [Warning] [carb] Failed to startup plugin carb.windowing-glfw.plugin (interfaces: [carb::windowing::IGLContext v1.0],[carb::windowing::IWindowing v1.5]) (impl: carb.windowing-glfw.plugin)
2026-09-09T04:33:41Z [1,683ms] [Warning] [carb.windowing-glfw.plugin] GLFW initialization failed.
2026-09-09T04:33:41Z [1,683ms] [Warning] [carb] Failed to startup plugin carb.windowing-glfw.plugin (interfaces: [carb::windowing::IGLContext v1.0],[carb::windowing::IWindowing v1.5]) (impl: carb.windowing-glfw.plugin)
2026-09-09T04:33:41Z [1,690ms] [Warning] [carb.windowing-glfw.plugin] GLFW initialization failed.
2026-09-09T04:33:41Z [1,690ms] [Warning] [carb] Failed to startup plugin carb.windowing-glfw.plugin (interfaces: [carb::windowing::IGLContext v1.0],[carb::windowing::IWindowing v1.5]) (impl: carb.windowing-glfw.plugin)
2026-09-09T04:33:41Z [1,700ms] [Warning] [carb.windowing-glfw.plugin] GLFW initialization failed.
2026-09-09T04:33:41Z [1,700ms] [Warning] [carb] Failed to startup plugin carb.windowing-glfw.plugin (interfaces: [carb::windowing::IGLContext v1.0],[carb::windowing::IWindowing v1.5]) (impl: carb.windowing-glfw.plugin)
2026-09-09T04:33:41Z [1,701ms] [Warning] [carb.windowing-glfw.plugin] GLFW initialization failed.
2026-09-09T04:33:41Z [1,701ms] [Warning] [carb] Failed to startup plugin carb.windowing-glfw.plugin (interfaces: [carb::windowing::IGLContext v1.0],[carb::windowing::IWindowing v1.5]) (impl: carb.windowing-glfw.plugin)
2026-09-09T04:33:41Z [1,702ms] [Warning] [carb.windowing-glfw.plugin] GLFW initialization failed.
2026-09-09T04:33:41Z [1,702ms] [Warning] [carb] Failed to startup plugin carb.windowing-glfw.plugin (interfaces: [carb::windowing::IGLContext v1.0],[carb::windowing::IWindowing v1.5]) (impl: carb.windowing-glfw.plugin)
2026-09-09T04:33:41Z [1,878ms] [Warning] [omni.log] Source: omni.hydra was already registered.
2026-09-09T04:33:41Z [2,160ms] [Warning] [carb] Acquiring non optional plugin interface which is not listed as dependency: [omni::physx::IPhysxBenchmarks v1.0] (plugin: <default plugin>), by client: omni.physics.physx.plugin. Add it to CARB_PLUGIN_IMPL_DEPS() macro of a client.
2026-09-09T04:33:41Z [2,171ms] [Warning] [omni.isaac.dynamic_control] omni.isaac.dynamic_control is deprecated as of Isaac Sim 4.5. No action is needed from end-users.
2026-09-09T04:33:45Z [5,690ms] [Warning] [pxr.Semantics] pxr.Semantics is deprecated - please use Semantics instead
2026-09-09T04:33:45Z [5,800ms] [Warning] [omni.graph.core.plugin] Found duplicate of category 'Replicator' - was 'Annotators', adding 'Fabric Reader'
2026-09-09T04:33:45Z [5,800ms] [Warning] [omni.graph.core.plugin] Category 'Replicator' not accepted on node type 'omni.replicator.core.FabricReader' in extension 'omni.replicator.core'
2026-09-09T04:33:45Z [5,800ms] [Warning] [omni.replicator.core.scripts.extension] No material configuration file, adding configuration to material settings directly.
[INFO][AppLauncher]: Using device: cuda:0
[INFO][AppLauncher]: Loading experience file: /scratch2/dima/IsaacLab/apps/isaaclab.python.headless.rendering.kit
[sim] dt=0.01 decimation=1 -> control_dt=10.0 ms (100 Hz)
[env] gym.make Isaac-Drone-Warehouse-Gates-Vision-Crazyflie-Play-WithSensors-Coll-v0

[36m===================================================================================================================================================================[0m
[36m[1m[INFO][IsaacLab]: Logging to file: /scratch/agustin/xpurt-dev-sync/results/codesign_feedback/strengthen_campaign/tmp/isaaclab/logs/isaaclab_2026-09-08_21-33-53.log[0m
[36m===================================================================================================================================================================[0m

[33m21:33:53 [simulation_context.py] WARNING: The `enable_external_forces_every_iteration` parameter in the PhysxCfg is set to False. If you are experiencing noisy velocities, consider enabling this flag. You may need to slightly increase the number of velocity iterations (setting it to 1 or 2 rather than 0), together with this flag, to improve the accuracy of velocity updates.[0m
[INFO]: Base environment:
	Environment device    : cuda:0
	Environment seed      : None
	Physics step-size     : 0.01
	Rendering step-size   : 0.01
	Environment step-size : 0.01
[INFO]: Time taken for scene creation : 12.994765 seconds
[INFO]: Scene manager:  <class InteractiveScene>
	Number of environments: 1
	Environment spacing   : 40.0
	Source prim name      : /World/envs/env_0
	Global prim paths     : []
	Replicate physics     : True
[INFO]: Starting the simulation. This may take a few seconds. Please wait...
[INFO]: Time taken for simulation start : 23.832423 seconds
[INFO] Command Manager:  <CommandManager> contains 1 active terms.
+---------------------------------------+
|          Active Command Terms         |
+-------+------+------------------------+
| Index | Name |          Type          |
+-------+------+------------------------+
|   0   | goal | FixedGateCourseCommand |
+-------+------+------------------------+

[INFO] Event Manager:  <EventManager> contains 2 active terms.
+------------------------------------+
| Active Event Terms in Mode: 'reset' |
+----------+-------------------------+
|  Index   | Name                    |
+----------+-------------------------+
|    0     | reset_base              |
|    1     | reset_obstacles         |
|    2     | randomize_light         |
+----------+-------------------------+
+-------------------------------------------------+
|      Active Event Terms in Mode: 'interval'     |
+-------+---------------+-------------------------+
| Index | Name          | Interval time range (s) |
+-------+---------------+-------------------------+
|   0   | move_people   |        (0.0, 0.0)       |
|   1   | move_forklift |        (0.0, 0.0)       |
+-------+---------------+-------------------------+

[INFO] Recorder Manager:  <RecorderManager> contains 0 active terms.
+---------------------+
| Active Recorder Terms |
+-----------+---------+
|   Index   | Name    |
+-----------+---------+
+-----------+---------+

[INFO] Action Manager:  <ActionManager> contains 1 active terms.
+-----------------------------------+
|   Active Action Terms (shape: 4)  |
+--------+------------+-------------+
| Index  | Name       |   Dimension |
+--------+------------+-------------+
|   0    | velocity   |           4 |
+--------+------------+-------------+

[INFO] Observation Manager: <ObservationManager> contains 1 groups.
+---------------------------------------------------------+
| Active Observation Terms in Group: 'policy' (shape: (33,)) |
+-----------+---------------------------------+-----------+
|   Index   | Name                            |   Shape   |
+-----------+---------------------------------+-----------+
|     0     | base_lin_vel                    |    (3,)   |
|     1     | base_ang_vel                    |    (3,)   |
|     2     | projected_gravity               |    (3,)   |
|     3     | base_height                     |    (1,)   |
|     4     | goal                            |    (4,)   |
|     5     | obstacles                       |   (15,)   |
|     6     | last_action                     |    (4,)   |
+-----------+---------------------------------+-----------+

[INFO] Termination Manager:  <TerminationManager> contains 3 active terms.
+---------------------------------+
|     Active Termination Terms    |
+-------+--------------+----------+
| Index | Name         | Time Out |
+-------+--------------+----------+
|   0   | time_out     |   True   |
|   1   | crash_ground |  False   |
|   2   | collision    |  False   |
+-------+--------------+----------+

[INFO] Reward Manager:  <RewardManager> contains 5 active terms.
+---------------------------------+
|       Active Reward Terms       |
+-------+----------------+--------+
| Index | Name           | Weight |
+-------+----------------+--------+
|   0   | navigation     |    1.0 |
|   1   | gate_pass      |   20.0 |
|   2   | course_done    |    5.0 |
|   3   | collision      | -100.0 |
|   4   | success_metric |    1.0 |
+-------+----------------+--------+

[INFO] Curriculum Manager:  <CurriculumManager> contains 1 active terms.
+---------------------------+
|  Active Curriculum Terms  |
+--------+------------------+
| Index  | Name             |
+--------+------------------+
|   0    | obstacle_count   |
+--------+------------------+

[INFO]: Completed setting up the environment...
[sched] latency=18.0 ms, control_dt=10.0 ms -> refresh every 2 step(s) (50 Hz effective command rate)
[percep] latency=0.0 ms -> delay 0 step(s) (act on perception 0.0 ms old)
[nav] FusedSensorNet out_dim=2 vision=cnn loaded: /scratch/agustin/projects/DIMA/XPU-RT/sims/models/warehouse/nav_fused_v12_cnn.pt
[ctrl] actor arch inferred from ckpt: [16, 256, 128, 64, 4]
[ctrl] RL/MLP controller loaded: /scratch/agustin/projects/DIMA/XPU-RT/sims/models/warehouse/rl_controller_velctrl_dr4.pt (moment_scale=0.0055)
[yolo] warehouse detector loaded: /scratch/agustin/projects/DIMA/XPU-RT/sims/models/warehouse/yolov8n_gate_person_128x192.pt
[demo] hid 132 roof prims for the overhead view
[demo] overhead K fx=849.3 cx=640.0  pos=[         -8        13.5          13]  quat=[          0       0.707       0.707          -0]
[demo] FIXED iso cam eye=[        -13        -0.5          13] -> center=[         -8        13.5           2] (offset (-5.0, -14.0, 11.0))
[gantt] embedded XPU-RT schedule: /scratch2/agustin/XPU-RT/schedules/scheduled_networks_k1_live_stack_cpsat_profiled.json (333 dispatches, makespan 90.0 ms)
[term] ep00 seed=1000 terms=collision -> crash/clip
[ep00] seed=1000 outcome=crash     gates=2/4 steps=386 crash_type=clip
[term] ep01 seed=1001 terms=collision -> crash/clip
[ep01] seed=1001 outcome=crash     gates=0/4 steps=468 crash_type=clip
[ep02] seed=1002 outcome=success   gates=4/4 steps=785 crash_type=-
[term] ep03 seed=1003 terms=collision -> crash/clip
[ep03] seed=1003 outcome=crash     gates=1/4 steps=325 crash_type=clip
[ep04] seed=1004 outcome=success   gates=4/4 steps=821 crash_type=-
[term] ep05 seed=1005 terms=collision -> crash/clip
[ep05] seed=1005 outcome=crash     gates=3/4 steps=710 crash_type=clip
[SWEEP] ms=0.0055 cruise=1.8 walk=0.0 hold=0.0 SUCCESS 2/6 clip=4 ground=0  s1000:cras(2/4,386,clip) s1001:cras(0/4,468,clip) s1002:succ(4/4,785,-) s1003:cras(1/4,325,clip) s1004:succ(4/4,821,-) s1005:cras(3/4,710,clip)
[SWEEP-CSV] appended 6 rows -> /scratch/agustin/xpurt-dev-sync/results/codesign_feedback/hil_ablation_courseB.csv
[out] wrote out/v12_crowded_sensor_demo.mp4
Loading user config located at: '/scratch2/agustin/miniforge3/envs/env_isaaclab/lib/python3.11/site-packages/isaacsim/kit/data/Kit/Isaac-Sim/5.1/user.config.json'
[Info] [carb] Logging to file: /scratch2/agustin/miniforge3/envs/env_isaaclab/lib/python3.11/site-packages/isaacsim/kit/logs/Kit/Isaac-Sim/5.1/kit_20260908_213826.log
2026-09-09T04:38:26Z [188ms] [Warning] [carb.windowing-glfw.plugin] GLFW initialization failed.
2026-09-09T04:38:26Z [188ms] [Warning] [carb] Failed to startup plugin carb.windowing-glfw.plugin (interfaces: [carb::windowing::IGLContext v1.0],[carb::windowing::IWindowing v1.5]) (impl: carb.windowing-glfw.plugin)
2026-09-09T04:38:26Z [215ms] [Warning] [omni.platforminfo.plugin] failed to open the default display.  Can't verify X Server version.

|---------------------------------------------------------------------------------------------|
| Driver Version: 560.35.05     | Graphics API: Vulkan
|=============================================================================================|
| GPU | Name                             | Active | LDA | GPU Memory | Vendor-ID | LUID       |
|     |                                  |        |     |            | Device-ID | UUID       |
|     |                                  |        |     |            | Bus-ID    |            |
|---------------------------------------------------------------------------------------------|
| 0   | NVIDIA TITAN RTX                 | Yes: 0 |     | 24822   MB | 10de      | 0          |
|     |                                  |        |     |            | 1e02      | 61ac89bf.. |
|     |                                  |        |     |            | 41        |            |
|=============================================================================================|
| OS: 24.04.4 LTS (Noble Numbat) ubuntu, Version: 24.04.4, Kernel: 6.8.0-139-generic
| Processor: AMD Ryzen Threadripper PRO 5965WX 24-Cores
| Cores: 24 | Logical Cores: 48
|---------------------------------------------------------------------------------------------|
| Total Memory (MB): 128634 | Free Memory: 70183
| Total Page/Swap (MB): 8191 | Free Page/Swap: 1
|---------------------------------------------------------------------------------------------|
2026-09-09T04:38:27Z [1,069ms] [Warning] [gpu.foundation.plugin] IOMMU is enabled.
2026-09-09T04:38:28Z [1,714ms] [Warning] [carb.windowing-glfw.plugin] GLFW initialization failed.
2026-09-09T04:38:28Z [1,714ms] [Warning] [carb] Failed to startup plugin carb.windowing-glfw.plugin (interfaces: [carb::windowing::IGLContext v1.0],[carb::windowing::IWindowing v1.5]) (impl: carb.windowing-glfw.plugin)
2026-09-09T04:38:28Z [1,729ms] [Warning] [carb.windowing-glfw.plugin] GLFW initialization failed.
2026-09-09T04:38:28Z [1,729ms] [Warning] [carb] Failed to startup plugin carb.windowing-glfw.plugin (interfaces: [carb::windowing::IGLContext v1.0],[carb::windowing::IWindowing v1.5]) (impl: carb.windowing-glfw.plugin)
2026-09-09T04:38:28Z [1,737ms] [Warning] [carb.windowing-glfw.plugin] GLFW initialization failed.
2026-09-09T04:38:28Z [1,737ms] [Warning] [carb] Failed to startup plugin carb.windowing-glfw.plugin (interfaces: [carb::windowing::IGLContext v1.0],[carb::windowing::IWindowing v1.5]) (impl: carb.windowing-glfw.plugin)
2026-09-09T04:38:28Z [1,747ms] [Warning] [carb.windowing-glfw.plugin] GLFW initialization failed.
2026-09-09T04:38:28Z [1,747ms] [Warning] [carb] Failed to startup plugin carb.windowing-glfw.plugin (interfaces: [carb::windowing::IGLContext v1.0],[carb::windowing::IWindowing v1.5]) (impl: carb.windowing-glfw.plugin)
2026-09-09T04:38:28Z [1,749ms] [Warning] [carb.windowing-glfw.plugin] GLFW initialization failed.
2026-09-09T04:38:28Z [1,749ms] [Warning] [carb] Failed to startup plugin carb.windowing-glfw.plugin (interfaces: [carb::windowing::IGLContext v1.0],[carb::windowing::IWindowing v1.5]) (impl: carb.windowing-glfw.plugin)
2026-09-09T04:38:28Z [1,749ms] [Warning] [carb.windowing-glfw.plugin] GLFW initialization failed.
2026-09-09T04:38:28Z [1,749ms] [Warning] [carb] Failed to startup plugin carb.windowing-glfw.plugin (interfaces: [carb::windowing::IGLContext v1.0],[carb::windowing::IWindowing v1.5]) (impl: carb.windowing-glfw.plugin)
2026-09-09T04:38:28Z [1,928ms] [Warning] [omni.log] Source: omni.hydra was already registered.
2026-09-09T04:38:28Z [2,221ms] [Warning] [carb] Acquiring non optional plugin interface which is not listed as dependency: [omni::physx::IPhysxBenchmarks v1.0] (plugin: <default plugin>), by client: omni.physics.physx.plugin. Add it to CARB_PLUGIN_IMPL_DEPS() macro of a client.
2026-09-09T04:38:28Z [2,232ms] [Warning] [omni.isaac.dynamic_control] omni.isaac.dynamic_control is deprecated as of Isaac Sim 4.5. No action is needed from end-users.
2026-09-09T04:38:31Z [5,462ms] [Warning] [pxr.Semantics] pxr.Semantics is deprecated - please use Semantics instead
2026-09-09T04:38:31Z [5,572ms] [Warning] [omni.graph.core.plugin] Found duplicate of category 'Replicator' - was 'Annotators', adding 'Fabric Reader'
2026-09-09T04:38:31Z [5,572ms] [Warning] [omni.graph.core.plugin] Category 'Replicator' not accepted on node type 'omni.replicator.core.FabricReader' in extension 'omni.replicator.core'
2026-09-09T04:38:31Z [5,572ms] [Warning] [omni.replicator.core.scripts.extension] No material configuration file, adding configuration to material settings directly.
[INFO][AppLauncher]: Using device: cuda:0
[INFO][AppLauncher]: Loading experience file: /scratch2/dima/IsaacLab/apps/isaaclab.python.headless.rendering.kit
[sim] dt=0.01 decimation=1 -> control_dt=10.0 ms (100 Hz)
[env] gym.make Isaac-Drone-Warehouse-Gates-Vision-Crazyflie-Play-WithSensors-Coll-v0

[36m===================================================================================================================================================================[0m
[36m[1m[INFO][IsaacLab]: Logging to file: /scratch/agustin/xpurt-dev-sync/results/codesign_feedback/strengthen_campaign/tmp/isaaclab/logs/isaaclab_2026-09-08_21-38-40.log[0m
[36m===================================================================================================================================================================[0m

[33m21:38:40 [simulation_context.py] WARNING: The `enable_external_forces_every_iteration` parameter in the PhysxCfg is set to False. If you are experiencing noisy velocities, consider enabling this flag. You may need to slightly increase the number of velocity iterations (setting it to 1 or 2 rather than 0), together with this flag, to improve the accuracy of velocity updates.[0m
[INFO]: Base environment:
	Environment device    : cuda:0
	Environment seed      : None
	Physics step-size     : 0.01
	Rendering step-size   : 0.01
	Environment step-size : 0.01
[INFO]: Time taken for scene creation : 12.957113 seconds
[INFO]: Scene manager:  <class InteractiveScene>
	Number of environments: 1
	Environment spacing   : 40.0
	Source prim name      : /World/envs/env_0
	Global prim paths     : []
	Replicate physics     : True
[INFO]: Starting the simulation. This may take a few seconds. Please wait...
[INFO]: Time taken for simulation start : 23.918113 seconds
[INFO] Command Manager:  <CommandManager> contains 1 active terms.
+---------------------------------------+
|          Active Command Terms         |
+-------+------+------------------------+
| Index | Name |          Type          |
+-------+------+------------------------+
|   0   | goal | FixedGateCourseCommand |
+-------+------+------------------------+

[INFO] Event Manager:  <EventManager> contains 2 active terms.
+------------------------------------+
| Active Event Terms in Mode: 'reset' |
+----------+-------------------------+
|  Index   | Name                    |
+----------+-------------------------+
|    0     | reset_base              |
|    1     | reset_obstacles         |
|    2     | randomize_light         |
+----------+-------------------------+
+-------------------------------------------------+
|      Active Event Terms in Mode: 'interval'     |
+-------+---------------+-------------------------+
| Index | Name          | Interval time range (s) |
+-------+---------------+-------------------------+
|   0   | move_people   |        (0.0, 0.0)       |
|   1   | move_forklift |        (0.0, 0.0)       |
+-------+---------------+-------------------------+

[INFO] Recorder Manager:  <RecorderManager> contains 0 active terms.
+---------------------+
| Active Recorder Terms |
+-----------+---------+
|   Index   | Name    |
+-----------+---------+
+-----------+---------+

[INFO] Action Manager:  <ActionManager> contains 1 active terms.
+-----------------------------------+
|   Active Action Terms (shape: 4)  |
+--------+------------+-------------+
| Index  | Name       |   Dimension |
+--------+------------+-------------+
|   0    | velocity   |           4 |
+--------+------------+-------------+

[INFO] Observation Manager: <ObservationManager> contains 1 groups.
+---------------------------------------------------------+
| Active Observation Terms in Group: 'policy' (shape: (33,)) |
+-----------+---------------------------------+-----------+
|   Index   | Name                            |   Shape   |
+-----------+---------------------------------+-----------+
|     0     | base_lin_vel                    |    (3,)   |
|     1     | base_ang_vel                    |    (3,)   |
|     2     | projected_gravity               |    (3,)   |
|     3     | base_height                     |    (1,)   |
|     4     | goal                            |    (4,)   |
|     5     | obstacles                       |   (15,)   |
|     6     | last_action                     |    (4,)   |
+-----------+---------------------------------+-----------+

[INFO] Termination Manager:  <TerminationManager> contains 3 active terms.
+---------------------------------+
|     Active Termination Terms    |
+-------+--------------+----------+
| Index | Name         | Time Out |
+-------+--------------+----------+
|   0   | time_out     |   True   |
|   1   | crash_ground |  False   |
|   2   | collision    |  False   |
+-------+--------------+----------+

[INFO] Reward Manager:  <RewardManager> contains 5 active terms.
+---------------------------------+
|       Active Reward Terms       |
+-------+----------------+--------+
| Index | Name           | Weight |
+-------+----------------+--------+
|   0   | navigation     |    1.0 |
|   1   | gate_pass      |   20.0 |
|   2   | course_done    |    5.0 |
|   3   | collision      | -100.0 |
|   4   | success_metric |    1.0 |
+-------+----------------+--------+

[INFO] Curriculum Manager:  <CurriculumManager> contains 1 active terms.
+---------------------------+
|  Active Curriculum Terms  |
+--------+------------------+
| Index  | Name             |
+--------+------------------+
|   0    | obstacle_count   |
+--------+------------------+

[INFO]: Completed setting up the environment...
[sched] latency=28.0 ms, control_dt=10.0 ms -> refresh every 3 step(s) (33 Hz effective command rate)
[percep] latency=0.0 ms -> delay 0 step(s) (act on perception 0.0 ms old)
[nav] FusedSensorNet out_dim=2 vision=cnn loaded: /scratch/agustin/projects/DIMA/XPU-RT/sims/models/warehouse/nav_fused_v12_cnn.pt
[ctrl] actor arch inferred from ckpt: [16, 256, 128, 64, 4]
[ctrl] RL/MLP controller loaded: /scratch/agustin/projects/DIMA/XPU-RT/sims/models/warehouse/rl_controller_velctrl_dr4.pt (moment_scale=0.0055)
[yolo] warehouse detector loaded: /scratch/agustin/projects/DIMA/XPU-RT/sims/models/warehouse/yolov8n_gate_person_128x192.pt
[demo] hid 132 roof prims for the overhead view
[demo] overhead K fx=849.3 cx=640.0  pos=[         -8        13.5          13]  quat=[          0       0.707       0.707          -0]
[demo] FIXED iso cam eye=[        -13        -0.5          13] -> center=[         -8        13.5           2] (offset (-5.0, -14.0, 11.0))
[gantt] embedded XPU-RT schedule: /scratch2/agustin/XPU-RT/schedules/scheduled_networks_k1_live_stack_cpsat_profiled.json (333 dispatches, makespan 90.0 ms)
[term] ep00 seed=1000 terms=collision -> crash/clip
[ep00] seed=1000 outcome=crash     gates=1/4 steps=405 crash_type=clip
[term] ep01 seed=1001 terms=collision -> crash/clip
[ep01] seed=1001 outcome=crash     gates=0/4 steps=922 crash_type=clip
[term] ep02 seed=1002 terms=collision -> crash/clip
[ep02] seed=1002 outcome=crash     gates=2/4 steps=551 crash_type=clip
[term] ep03 seed=1003 terms=collision -> crash/clip
[ep03] seed=1003 outcome=crash     gates=1/4 steps=468 crash_type=clip
[term] ep04 seed=1004 terms=collision -> crash/clip
[ep04] seed=1004 outcome=crash     gates=1/4 steps=285 crash_type=clip
[term] ep05 seed=1005 terms=collision -> crash/clip
[ep05] seed=1005 outcome=crash     gates=1/4 steps=442 crash_type=clip
[SWEEP] ms=0.0055 cruise=1.8 walk=0.0 hold=0.0 SUCCESS 0/6 clip=6 ground=0  s1000:cras(1/4,405,clip) s1001:cras(0/4,922,clip) s1002:cras(2/4,551,clip) s1003:cras(1/4,468,clip) s1004:cras(1/4,285,clip) s1005:cras(1/4,442,clip)
[SWEEP-CSV] appended 6 rows -> /scratch/agustin/xpurt-dev-sync/results/codesign_feedback/hil_ablation_courseB.csv
[out] wrote out/v12_crowded_sensor_demo.mp4
Loading user config located at: '/scratch2/agustin/miniforge3/envs/env_isaaclab/lib/python3.11/site-packages/isaacsim/kit/data/Kit/Isaac-Sim/5.1/user.config.json'
[Info] [carb] Logging to file: /scratch2/agustin/miniforge3/envs/env_isaaclab/lib/python3.11/site-packages/isaacsim/kit/logs/Kit/Isaac-Sim/5.1/kit_20260908_214245.log
2026-09-09T04:42:45Z [194ms] [Warning] [carb.windowing-glfw.plugin] GLFW initialization failed.
2026-09-09T04:42:45Z [194ms] [Warning] [carb] Failed to startup plugin carb.windowing-glfw.plugin (interfaces: [carb::windowing::IGLContext v1.0],[carb::windowing::IWindowing v1.5]) (impl: carb.windowing-glfw.plugin)
2026-09-09T04:42:45Z [220ms] [Warning] [omni.platforminfo.plugin] failed to open the default display.  Can't verify X Server version.

|---------------------------------------------------------------------------------------------|
| Driver Version: 560.35.05     | Graphics API: Vulkan
|=============================================================================================|
| GPU | Name                             | Active | LDA | GPU Memory | Vendor-ID | LUID       |
|     |                                  |        |     |            | Device-ID | UUID       |
|     |                                  |        |     |            | Bus-ID    |            |
|---------------------------------------------------------------------------------------------|
| 0   | NVIDIA TITAN RTX                 | Yes: 0 |     | 24822   MB | 10de      | 0          |
|     |                                  |        |     |            | 1e02      | 61ac89bf.. |
|     |                                  |        |     |            | 41        |            |
|=============================================================================================|
| OS: 24.04.4 LTS (Noble Numbat) ubuntu, Version: 24.04.4, Kernel: 6.8.0-139-generic
| Processor: AMD Ryzen Threadripper PRO 5965WX 24-Cores
| Cores: 24 | Logical Cores: 48
|---------------------------------------------------------------------------------------------|
| Total Memory (MB): 128634 | Free Memory: 75985
| Total Page/Swap (MB): 8191 | Free Page/Swap: 0
|---------------------------------------------------------------------------------------------|
2026-09-09T04:42:46Z [1,032ms] [Warning] [gpu.foundation.plugin] IOMMU is enabled.
2026-09-09T04:42:47Z [1,666ms] [Warning] [carb.windowing-glfw.plugin] GLFW initialization failed.
2026-09-09T04:42:47Z [1,666ms] [Warning] [carb] Failed to startup plugin carb.windowing-glfw.plugin (interfaces: [carb::windowing::IGLContext v1.0],[carb::windowing::IWindowing v1.5]) (impl: carb.windowing-glfw.plugin)
2026-09-09T04:42:47Z [1,680ms] [Warning] [carb.windowing-glfw.plugin] GLFW initialization failed.
2026-09-09T04:42:47Z [1,680ms] [Warning] [carb] Failed to startup plugin carb.windowing-glfw.plugin (interfaces: [carb::windowing::IGLContext v1.0],[carb::windowing::IWindowing v1.5]) (impl: carb.windowing-glfw.plugin)
2026-09-09T04:42:47Z [1,686ms] [Warning] [carb.windowing-glfw.plugin] GLFW initialization failed.
2026-09-09T04:42:47Z [1,686ms] [Warning] [carb] Failed to startup plugin carb.windowing-glfw.plugin (interfaces: [carb::windowing::IGLContext v1.0],[carb::windowing::IWindowing v1.5]) (impl: carb.windowing-glfw.plugin)
2026-09-09T04:42:47Z [1,696ms] [Warning] [carb.windowing-glfw.plugin] GLFW initialization failed.
2026-09-09T04:42:47Z [1,696ms] [Warning] [carb] Failed to startup plugin carb.windowing-glfw.plugin (interfaces: [carb::windowing::IGLContext v1.0],[carb::windowing::IWindowing v1.5]) (impl: carb.windowing-glfw.plugin)
2026-09-09T04:42:47Z [1,697ms] [Warning] [carb.windowing-glfw.plugin] GLFW initialization failed.
2026-09-09T04:42:47Z [1,697ms] [Warning] [carb] Failed to startup plugin carb.windowing-glfw.plugin (interfaces: [carb::windowing::IGLContext v1.0],[carb::windowing::IWindowing v1.5]) (impl: carb.windowing-glfw.plugin)
2026-09-09T04:42:47Z [1,698ms] [Warning] [carb.windowing-glfw.plugin] GLFW initialization failed.
2026-09-09T04:42:47Z [1,698ms] [Warning] [carb] Failed to startup plugin carb.windowing-glfw.plugin (interfaces: [carb::windowing::IGLContext v1.0],[carb::windowing::IWindowing v1.5]) (impl: carb.windowing-glfw.plugin)
2026-09-09T04:42:47Z [1,875ms] [Warning] [omni.log] Source: omni.hydra was already registered.
2026-09-09T04:42:47Z [2,157ms] [Warning] [carb] Acquiring non optional plugin interface which is not listed as dependency: [omni::physx::IPhysxBenchmarks v1.0] (plugin: <default plugin>), by client: omni.physics.physx.plugin. Add it to CARB_PLUGIN_IMPL_DEPS() macro of a client.
2026-09-09T04:42:47Z [2,167ms] [Warning] [omni.isaac.dynamic_control] omni.isaac.dynamic_control is deprecated as of Isaac Sim 4.5. No action is needed from end-users.
2026-09-09T04:42:51Z [5,604ms] [Warning] [pxr.Semantics] pxr.Semantics is deprecated - please use Semantics instead
2026-09-09T04:42:51Z [5,701ms] [Warning] [omni.graph.core.plugin] Found duplicate of category 'Replicator' - was 'Annotators', adding 'Fabric Reader'
2026-09-09T04:42:51Z [5,701ms] [Warning] [omni.graph.core.plugin] Category 'Replicator' not accepted on node type 'omni.replicator.core.FabricReader' in extension 'omni.replicator.core'
2026-09-09T04:42:51Z [5,702ms] [Warning] [omni.replicator.core.scripts.extension] No material configuration file, adding configuration to material settings directly.
[INFO][AppLauncher]: Using device: cuda:0
[INFO][AppLauncher]: Loading experience file: /scratch2/dima/IsaacLab/apps/isaaclab.python.headless.rendering.kit
[sim] dt=0.01 decimation=1 -> control_dt=10.0 ms (100 Hz)
[env] gym.make Isaac-Drone-Warehouse-Gates-Vision-Crazyflie-Play-WithSensors-Coll-v0

[36m===================================================================================================================================================================[0m
[36m[1m[INFO][IsaacLab]: Logging to file: /scratch/agustin/xpurt-dev-sync/results/codesign_feedback/strengthen_campaign/tmp/isaaclab/logs/isaaclab_2026-09-08_21-42-59.log[0m
[36m===================================================================================================================================================================[0m

[33m21:42:59 [simulation_context.py] WARNING: The `enable_external_forces_every_iteration` parameter in the PhysxCfg is set to False. If you are experiencing noisy velocities, consider enabling this flag. You may need to slightly increase the number of velocity iterations (setting it to 1 or 2 rather than 0), together with this flag, to improve the accuracy of velocity updates.[0m
[INFO]: Base environment:
	Environment device    : cuda:0
	Environment seed      : None
	Physics step-size     : 0.01
	Rendering step-size   : 0.01
	Environment step-size : 0.01
[INFO]: Time taken for scene creation : 13.059378 seconds
[INFO]: Scene manager:  <class InteractiveScene>
	Number of environments: 1
	Environment spacing   : 40.0
	Source prim name      : /World/envs/env_0
	Global prim paths     : []
	Replicate physics     : True
[INFO]: Starting the simulation. This may take a few seconds. Please wait...
[INFO]: Time taken for simulation start : 23.562318 seconds
[INFO] Command Manager:  <CommandManager> contains 1 active terms.
+---------------------------------------+
|          Active Command Terms         |
+-------+------+------------------------+
| Index | Name |          Type          |
+-------+------+------------------------+
|   0   | goal | FixedGateCourseCommand |
+-------+------+------------------------+

[INFO] Event Manager:  <EventManager> contains 2 active terms.
+------------------------------------+
| Active Event Terms in Mode: 'reset' |
+----------+-------------------------+
|  Index   | Name                    |
+----------+-------------------------+
|    0     | reset_base              |
|    1     | reset_obstacles         |
|    2     | randomize_light         |
+----------+-------------------------+
+-------------------------------------------------+
|      Active Event Terms in Mode: 'interval'     |
+-------+---------------+-------------------------+
| Index | Name          | Interval time range (s) |
+-------+---------------+-------------------------+
|   0   | move_people   |        (0.0, 0.0)       |
|   1   | move_forklift |        (0.0, 0.0)       |
+-------+---------------+-------------------------+

[INFO] Recorder Manager:  <RecorderManager> contains 0 active terms.
+---------------------+
| Active Recorder Terms |
+-----------+---------+
|   Index   | Name    |
+-----------+---------+
+-----------+---------+

[INFO] Action Manager:  <ActionManager> contains 1 active terms.
+-----------------------------------+
|   Active Action Terms (shape: 4)  |
+--------+------------+-------------+
| Index  | Name       |   Dimension |
+--------+------------+-------------+
|   0    | velocity   |           4 |
+--------+------------+-------------+

[INFO] Observation Manager: <ObservationManager> contains 1 groups.
+---------------------------------------------------------+
| Active Observation Terms in Group: 'policy' (shape: (33,)) |
+-----------+---------------------------------+-----------+
|   Index   | Name                            |   Shape   |
+-----------+---------------------------------+-----------+
|     0     | base_lin_vel                    |    (3,)   |
|     1     | base_ang_vel                    |    (3,)   |
|     2     | projected_gravity               |    (3,)   |
|     3     | base_height                     |    (1,)   |
|     4     | goal                            |    (4,)   |
|     5     | obstacles                       |   (15,)   |
|     6     | last_action                     |    (4,)   |
+-----------+---------------------------------+-----------+

[INFO] Termination Manager:  <TerminationManager> contains 3 active terms.
+---------------------------------+
|     Active Termination Terms    |
+-------+--------------+----------+
| Index | Name         | Time Out |
+-------+--------------+----------+
|   0   | time_out     |   True   |
|   1   | crash_ground |  False   |
|   2   | collision    |  False   |
+-------+--------------+----------+

[INFO] Reward Manager:  <RewardManager> contains 5 active terms.
+---------------------------------+
|       Active Reward Terms       |
+-------+----------------+--------+
| Index | Name           | Weight |
+-------+----------------+--------+
|   0   | navigation     |    1.0 |
|   1   | gate_pass      |   20.0 |
|   2   | course_done    |    5.0 |
|   3   | collision      | -100.0 |
|   4   | success_metric |    1.0 |
+-------+----------------+--------+

[INFO] Curriculum Manager:  <CurriculumManager> contains 1 active terms.
+---------------------------+
|  Active Curriculum Terms  |
+--------+------------------+
| Index  | Name             |
+--------+------------------+
|   0    | obstacle_count   |
+--------+------------------+

[INFO]: Completed setting up the environment...
[sched] latency=38.0 ms, control_dt=10.0 ms -> refresh every 4 step(s) (25 Hz effective command rate)
[percep] latency=0.0 ms -> delay 0 step(s) (act on perception 0.0 ms old)
[nav] FusedSensorNet out_dim=2 vision=cnn loaded: /scratch/agustin/projects/DIMA/XPU-RT/sims/models/warehouse/nav_fused_v12_cnn.pt
[ctrl] actor arch inferred from ckpt: [16, 256, 128, 64, 4]
[ctrl] RL/MLP controller loaded: /scratch/agustin/projects/DIMA/XPU-RT/sims/models/warehouse/rl_controller_velctrl_dr4.pt (moment_scale=0.0055)
[yolo] warehouse detector loaded: /scratch/agustin/projects/DIMA/XPU-RT/sims/models/warehouse/yolov8n_gate_person_128x192.pt
[demo] hid 132 roof prims for the overhead view
[demo] overhead K fx=849.3 cx=640.0  pos=[         -8        13.5          13]  quat=[          0       0.707       0.707          -0]
[demo] FIXED iso cam eye=[        -13        -0.5          13] -> center=[         -8        13.5           2] (offset (-5.0, -14.0, 11.0))
[gantt] embedded XPU-RT schedule: /scratch2/agustin/XPU-RT/schedules/scheduled_networks_k1_live_stack_cpsat_profiled.json (333 dispatches, makespan 90.0 ms)
[term] ep00 seed=1000 terms=collision -> crash/clip
[ep00] seed=1000 outcome=crash     gates=1/4 steps=277 crash_type=clip
[term] ep01 seed=1001 terms=collision -> crash/clip
[ep01] seed=1001 outcome=crash     gates=0/4 steps=134 crash_type=clip
[term] ep02 seed=1002 terms=collision -> crash/clip
[ep02] seed=1002 outcome=crash     gates=0/4 steps=562 crash_type=clip
[term] ep03 seed=1003 terms=collision -> crash/clip
[ep03] seed=1003 outcome=crash     gates=1/4 steps=317 crash_type=clip
[term] ep04 seed=1004 terms=collision -> crash/clip
[ep04] seed=1004 outcome=crash     gates=1/4 steps=462 crash_type=clip
[term] ep05 seed=1005 terms=collision -> crash/clip
[ep05] seed=1005 outcome=crash     gates=1/4 steps=181 crash_type=clip
[SWEEP] ms=0.0055 cruise=1.8 walk=0.0 hold=0.0 SUCCESS 0/6 clip=6 ground=0  s1000:cras(1/4,277,clip) s1001:cras(0/4,134,clip) s1002:cras(0/4,562,clip) s1003:cras(1/4,317,clip) s1004:cras(1/4,462,clip) s1005:cras(1/4,181,clip)
[SWEEP-CSV] appended 6 rows -> /scratch/agustin/xpurt-dev-sync/results/codesign_feedback/hil_ablation_courseB.csv
[out] wrote out/v12_crowded_sensor_demo.mp4
