Loading user config located at: '/scratch2/agustin/miniforge3/envs/env_isaaclab/lib/python3.11/site-packages/isaacsim/kit/data/Kit/Isaac-Sim/5.1/user.config.json'
[Info] [carb] Logging to file: /scratch2/agustin/miniforge3/envs/env_isaaclab/lib/python3.11/site-packages/isaacsim/kit/logs/Kit/Isaac-Sim/5.1/kit_20260908_144351.log
2026-09-08T21:43:51Z [295ms] [Warning] [carb.windowing-glfw.plugin] GLFW initialization failed.
2026-09-08T21:43:51Z [295ms] [Warning] [carb] Failed to startup plugin carb.windowing-glfw.plugin (interfaces: [carb::windowing::IGLContext v1.0],[carb::windowing::IWindowing v1.5]) (impl: carb.windowing-glfw.plugin)
2026-09-08T21:43:51Z [340ms] [Warning] [omni.platforminfo.plugin] failed to open the default display.  Can't verify X Server version.

|---------------------------------------------------------------------------------------------|
| Driver Version: 560.35.05     | Graphics API: Vulkan
|=============================================================================================|
| GPU | Name                             | Active | LDA | GPU Memory | Vendor-ID | LUID       |
|     |                                  |        |     |            | Device-ID | UUID       |
|     |                                  |        |     |            | Bus-ID    |            |
|---------------------------------------------------------------------------------------------|
| 0   | NVIDIA TITAN RTX                 | Yes: 0 |     | 24822   MB | 10de      | 0          |
|     |                                  |        |     |            | 1e02      | 61ac89bf.. |
|     |                                  |        |     |            | 41        |            |
|=============================================================================================|
| OS: 24.04.4 LTS (Noble Numbat) ubuntu, Version: 24.04.4, Kernel: 6.8.0-139-generic
| Processor: AMD Ryzen Threadripper PRO 5965WX 24-Cores
| Cores: 24 | Logical Cores: 48
|---------------------------------------------------------------------------------------------|
| Total Memory (MB): 128634 | Free Memory: 83898
| Total Page/Swap (MB): 8191 | Free Page/Swap: 4
|---------------------------------------------------------------------------------------------|
2026-09-08T21:43:52Z [1,265ms] [Warning] [gpu.foundation.plugin] IOMMU is enabled.
2026-09-08T21:43:53Z [2,196ms] [Warning] [carb.windowing-glfw.plugin] GLFW initialization failed.
2026-09-08T21:43:53Z [2,196ms] [Warning] [carb] Failed to startup plugin carb.windowing-glfw.plugin (interfaces: [carb::windowing::IGLContext v1.0],[carb::windowing::IWindowing v1.5]) (impl: carb.windowing-glfw.plugin)
2026-09-08T21:43:53Z [2,214ms] [Warning] [carb.windowing-glfw.plugin] GLFW initialization failed.
2026-09-08T21:43:53Z [2,214ms] [Warning] [carb] Failed to startup plugin carb.windowing-glfw.plugin (interfaces: [carb::windowing::IGLContext v1.0],[carb::windowing::IWindowing v1.5]) (impl: carb.windowing-glfw.plugin)
2026-09-08T21:43:53Z [2,222ms] [Warning] [carb.windowing-glfw.plugin] GLFW initialization failed.
2026-09-08T21:43:53Z [2,222ms] [Warning] [carb] Failed to startup plugin carb.windowing-glfw.plugin (interfaces: [carb::windowing::IGLContext v1.0],[carb::windowing::IWindowing v1.5]) (impl: carb.windowing-glfw.plugin)
2026-09-08T21:43:53Z [2,235ms] [Warning] [carb.windowing-glfw.plugin] GLFW initialization failed.
2026-09-08T21:43:53Z [2,236ms] [Warning] [carb] Failed to startup plugin carb.windowing-glfw.plugin (interfaces: [carb::windowing::IGLContext v1.0],[carb::windowing::IWindowing v1.5]) (impl: carb.windowing-glfw.plugin)
2026-09-08T21:43:53Z [2,237ms] [Warning] [carb.windowing-glfw.plugin] GLFW initialization failed.
2026-09-08T21:43:53Z [2,237ms] [Warning] [carb] Failed to startup plugin carb.windowing-glfw.plugin (interfaces: [carb::windowing::IGLContext v1.0],[carb::windowing::IWindowing v1.5]) (impl: carb.windowing-glfw.plugin)
2026-09-08T21:43:53Z [2,238ms] [Warning] [carb.windowing-glfw.plugin] GLFW initialization failed.
2026-09-08T21:43:53Z [2,238ms] [Warning] [carb] Failed to startup plugin carb.windowing-glfw.plugin (interfaces: [carb::windowing::IGLContext v1.0],[carb::windowing::IWindowing v1.5]) (impl: carb.windowing-glfw.plugin)
2026-09-08T21:43:54Z [2,515ms] [Warning] [omni.log] Source: omni.hydra was already registered.
2026-09-08T21:43:54Z [2,964ms] [Warning] [carb] Acquiring non optional plugin interface which is not listed as dependency: [omni::physx::IPhysxBenchmarks v1.0] (plugin: <default plugin>), by client: omni.physics.physx.plugin. Add it to CARB_PLUGIN_IMPL_DEPS() macro of a client.
2026-09-08T21:43:54Z [2,981ms] [Warning] [omni.isaac.dynamic_control] omni.isaac.dynamic_control is deprecated as of Isaac Sim 4.5. No action is needed from end-users.
2026-09-08T21:43:59Z [8,220ms] [Warning] [pxr.Semantics] pxr.Semantics is deprecated - please use Semantics instead
2026-09-08T21:44:00Z [8,446ms] [Warning] [omni.graph.core.plugin] Found duplicate of category 'Replicator' - was 'Annotators', adding 'Fabric Reader'
2026-09-08T21:44:00Z [8,446ms] [Warning] [omni.graph.core.plugin] Category 'Replicator' not accepted on node type 'omni.replicator.core.FabricReader' in extension 'omni.replicator.core'
2026-09-08T21:44:00Z [8,447ms] [Warning] [omni.replicator.core.scripts.extension] No material configuration file, adding configuration to material settings directly.
[INFO][AppLauncher]: Using device: cuda:0
[INFO][AppLauncher]: Loading experience file: /scratch2/dima/IsaacLab/apps/isaaclab.python.headless.rendering.kit
[sim] dt=0.01 decimation=1 -> control_dt=10.0 ms (100 Hz)
[env] gym.make Isaac-Drone-Warehouse-Gates-Vision-Crazyflie-Play-WithSensors-Coll-v0

[36m===================================================================================================================================================================[0m
[36m[1m[INFO][IsaacLab]: Logging to file: /scratch/agustin/xpurt-dev-sync/results/codesign_feedback/strengthen_campaign/tmp/isaaclab/logs/isaaclab_2026-09-08_14-44-14.log[0m
[36m===================================================================================================================================================================[0m

[33m14:44:14 [simulation_context.py] WARNING: The `enable_external_forces_every_iteration` parameter in the PhysxCfg is set to False. If you are experiencing noisy velocities, consider enabling this flag. You may need to slightly increase the number of velocity iterations (setting it to 1 or 2 rather than 0), together with this flag, to improve the accuracy of velocity updates.[0m
[INFO]: Base environment:
	Environment device    : cuda:0
	Environment seed      : None
	Physics step-size     : 0.01
	Rendering step-size   : 0.01
	Environment step-size : 0.01
[INFO]: Time taken for scene creation : 14.653179 seconds
[INFO]: Scene manager:  <class InteractiveScene>
	Number of environments: 1
	Environment spacing   : 40.0
	Source prim name      : /World/envs/env_0
	Global prim paths     : []
	Replicate physics     : True
[INFO]: Starting the simulation. This may take a few seconds. Please wait...
[INFO]: Time taken for simulation start : 42.119759 seconds
[INFO] Command Manager:  <CommandManager> contains 1 active terms.
+---------------------------------------+
|          Active Command Terms         |
+-------+------+------------------------+
| Index | Name |          Type          |
+-------+------+------------------------+
|   0   | goal | FixedGateCourseCommand |
+-------+------+------------------------+

[INFO] Event Manager:  <EventManager> contains 2 active terms.
+------------------------------------+
| Active Event Terms in Mode: 'reset' |
+----------+-------------------------+
|  Index   | Name                    |
+----------+-------------------------+
|    0     | reset_base              |
|    1     | reset_obstacles         |
|    2     | randomize_light         |
+----------+-------------------------+
+-------------------------------------------------+
|      Active Event Terms in Mode: 'interval'     |
+-------+---------------+-------------------------+
| Index | Name          | Interval time range (s) |
+-------+---------------+-------------------------+
|   0   | move_people   |        (0.0, 0.0)       |
|   1   | move_forklift |        (0.0, 0.0)       |
+-------+---------------+-------------------------+

[INFO] Recorder Manager:  <RecorderManager> contains 0 active terms.
+---------------------+
| Active Recorder Terms |
+-----------+---------+
|   Index   | Name    |
+-----------+---------+
+-----------+---------+

[INFO] Action Manager:  <ActionManager> contains 1 active terms.
+-----------------------------------+
|   Active Action Terms (shape: 4)  |
+--------+------------+-------------+
| Index  | Name       |   Dimension |
+--------+------------+-------------+
|   0    | velocity   |           4 |
+--------+------------+-------------+

[INFO] Observation Manager: <ObservationManager> contains 1 groups.
+---------------------------------------------------------+
| Active Observation Terms in Group: 'policy' (shape: (33,)) |
+-----------+---------------------------------+-----------+
|   Index   | Name                            |   Shape   |
+-----------+---------------------------------+-----------+
|     0     | base_lin_vel                    |    (3,)   |
|     1     | base_ang_vel                    |    (3,)   |
|     2     | projected_gravity               |    (3,)   |
|     3     | base_height                     |    (1,)   |
|     4     | goal                            |    (4,)   |
|     5     | obstacles                       |   (15,)   |
|     6     | last_action                     |    (4,)   |
+-----------+---------------------------------+-----------+

[INFO] Termination Manager:  <TerminationManager> contains 3 active terms.
+---------------------------------+
|     Active Termination Terms    |
+-------+--------------+----------+
| Index | Name         | Time Out |
+-------+--------------+----------+
|   0   | time_out     |   True   |
|   1   | crash_ground |  False   |
|   2   | collision    |  False   |
+-------+--------------+----------+

[INFO] Reward Manager:  <RewardManager> contains 5 active terms.
+---------------------------------+
|       Active Reward Terms       |
+-------+----------------+--------+
| Index | Name           | Weight |
+-------+----------------+--------+
|   0   | navigation     |    1.0 |
|   1   | gate_pass      |   20.0 |
|   2   | course_done    |    5.0 |
|   3   | collision      | -100.0 |
|   4   | success_metric |    1.0 |
+-------+----------------+--------+

[INFO] Curriculum Manager:  <CurriculumManager> contains 1 active terms.
+---------------------------+
|  Active Curriculum Terms  |
+--------+------------------+
| Index  | Name             |
+--------+------------------+
|   0    | obstacle_count   |
+--------+------------------+

[INFO]: Completed setting up the environment...
[sched] latency=8.0 ms, control_dt=10.0 ms -> refresh every 1 step(s) (100 Hz effective command rate)
[percep] latency=0.0 ms -> delay 0 step(s) (act on perception 0.0 ms old)
[nav] FusedSensorNet out_dim=2 vision=cnn loaded: /scratch/agustin/projects/DIMA/XPU-RT/sims/models/warehouse/nav_fused_v12_cnn.pt
[ctrl] actor arch inferred from ckpt: [16, 256, 128, 64, 4]
[ctrl] RL/MLP controller loaded: /scratch/agustin/projects/DIMA/XPU-RT/sims/models/warehouse/rl_controller_velctrl_dr4.pt (moment_scale=0.0055)
[yolo] warehouse detector loaded: /scratch/agustin/projects/DIMA/XPU-RT/sims/models/warehouse/yolov8n_gate_person_128x192.pt
[demo] hid 132 roof prims for the overhead view
[demo] overhead K fx=849.3 cx=640.0  pos=[         -8        13.5          13]  quat=[          0       0.707       0.707          -0]
[demo] FIXED iso cam eye=[        -13        -0.5          13] -> center=[         -8        13.5           2] (offset (-5.0, -14.0, 11.0))
[gantt] embedded XPU-RT schedule: /scratch2/agustin/XPU-RT/schedules/scheduled_networks_k1_live_stack_cpsat_profiled.json (333 dispatches, makespan 90.0 ms)
[ep00] seed=1000 outcome=success   gates=4/4 steps=1414 crash_type=-
[term] ep01 seed=1001 terms=collision -> crash/clip
[ep01] seed=1001 outcome=crash     gates=1/4 steps=450 crash_type=clip
[term] ep02 seed=1002 terms=collision -> crash/clip
[ep02] seed=1002 outcome=crash     gates=1/4 steps=496 crash_type=clip
[ep03] seed=1003 outcome=success   gates=4/4 steps=1457 crash_type=-
[term] ep04 seed=1004 terms=collision -> crash/clip
[ep04] seed=1004 outcome=crash     gates=1/4 steps=385 crash_type=clip
[ep05] seed=1005 outcome=success   gates=4/4 steps=1417 crash_type=-
[term] ep06 seed=1006 terms=collision -> crash/clip
[ep06] seed=1006 outcome=crash     gates=3/4 steps=1147 crash_type=clip
[term] ep07 seed=1007 terms=collision -> crash/clip
[ep07] seed=1007 outcome=crash     gates=2/4 steps=749 crash_type=clip
[ep08] seed=1008 outcome=success   gates=4/4 steps=1361 crash_type=-
[ep09] seed=1009 outcome=success   gates=4/4 steps=1389 crash_type=-
[ep10] seed=1010 outcome=success   gates=4/4 steps=1439 crash_type=-
[ep11] seed=1011 outcome=success   gates=4/4 steps=1439 crash_type=-
[SWEEP] ms=0.0055 cruise=1.0 walk=0.0 hold=0.0 SUCCESS 7/12 clip=5 ground=0  s1000:succ(4/4,1414,-) s1001:cras(1/4,450,clip) s1002:cras(1/4,496,clip) s1003:succ(4/4,1457,-) s1004:cras(1/4,385,clip) s1005:succ(4/4,1417,-) s1006:cras(3/4,1147,clip) s1007:cras(2/4,749,clip) s1008:succ(4/4,1361,-) s1009:succ(4/4,1389,-) s1010:succ(4/4,1439,-) s1011:succ(4/4,1439,-)
[SWEEP-CSV] appended 12 rows -> /scratch/agustin/xpurt-dev-sync/results/codesign_feedback/hil_ablation_v2.csv
[out] wrote out/v12_crowded_sensor_demo.mp4
Loading user config located at: '/scratch2/agustin/miniforge3/envs/env_isaaclab/lib/python3.11/site-packages/isaacsim/kit/data/Kit/Isaac-Sim/5.1/user.config.json'
[Info] [carb] Logging to file: /scratch2/agustin/miniforge3/envs/env_isaaclab/lib/python3.11/site-packages/isaacsim/kit/logs/Kit/Isaac-Sim/5.1/kit_20260908_150750.log
2026-09-08T22:07:52Z [2,198ms] [Warning] [carb.windowing-glfw.plugin] GLFW initialization failed.
2026-09-08T22:07:52Z [2,198ms] [Warning] [carb] Failed to startup plugin carb.windowing-glfw.plugin (interfaces: [carb::windowing::IGLContext v1.0],[carb::windowing::IWindowing v1.5]) (impl: carb.windowing-glfw.plugin)
2026-09-08T22:07:52Z [2,228ms] [Warning] [omni.platforminfo.plugin] failed to open the default display.  Can't verify X Server version.

|---------------------------------------------------------------------------------------------|
| Driver Version: 560.35.05     | Graphics API: Vulkan
|=============================================================================================|
| GPU | Name                             | Active | LDA | GPU Memory | Vendor-ID | LUID       |
|     |                                  |        |     |            | Device-ID | UUID       |
|     |                                  |        |     |            | Bus-ID    |            |
|---------------------------------------------------------------------------------------------|
| 0   | NVIDIA TITAN RTX                 | Yes: 0 |     | 24822   MB | 10de      | 0          |
|     |                                  |        |     |            | 1e02      | 61ac89bf.. |
|     |                                  |        |     |            | 41        |            |
|=============================================================================================|
| OS: 24.04.4 LTS (Noble Numbat) ubuntu, Version: 24.04.4, Kernel: 6.8.0-139-generic
| Processor: AMD Ryzen Threadripper PRO 5965WX 24-Cores
| Cores: 24 | Logical Cores: 48
|---------------------------------------------------------------------------------------------|
| Total Memory (MB): 128634 | Free Memory: 89888
| Total Page/Swap (MB): 8191 | Free Page/Swap: 0
|---------------------------------------------------------------------------------------------|
2026-09-08T22:07:53Z [2,909ms] [Warning] [gpu.foundation.plugin] IOMMU is enabled.
2026-09-08T22:07:54Z [3,638ms] [Warning] [carb.windowing-glfw.plugin] GLFW initialization failed.
2026-09-08T22:07:54Z [3,638ms] [Warning] [carb] Failed to startup plugin carb.windowing-glfw.plugin (interfaces: [carb::windowing::IGLContext v1.0],[carb::windowing::IWindowing v1.5]) (impl: carb.windowing-glfw.plugin)
2026-09-08T22:07:54Z [3,655ms] [Warning] [carb.windowing-glfw.plugin] GLFW initialization failed.
2026-09-08T22:07:54Z [3,655ms] [Warning] [carb] Failed to startup plugin carb.windowing-glfw.plugin (interfaces: [carb::windowing::IGLContext v1.0],[carb::windowing::IWindowing v1.5]) (impl: carb.windowing-glfw.plugin)
2026-09-08T22:07:54Z [3,661ms] [Warning] [carb.windowing-glfw.plugin] GLFW initialization failed.
2026-09-08T22:07:54Z [3,661ms] [Warning] [carb] Failed to startup plugin carb.windowing-glfw.plugin (interfaces: [carb::windowing::IGLContext v1.0],[carb::windowing::IWindowing v1.5]) (impl: carb.windowing-glfw.plugin)
2026-09-08T22:07:54Z [3,674ms] [Warning] [carb.windowing-glfw.plugin] GLFW initialization failed.
2026-09-08T22:07:54Z [3,674ms] [Warning] [carb] Failed to startup plugin carb.windowing-glfw.plugin (interfaces: [carb::windowing::IGLContext v1.0],[carb::windowing::IWindowing v1.5]) (impl: carb.windowing-glfw.plugin)
2026-09-08T22:07:54Z [3,675ms] [Warning] [carb.windowing-glfw.plugin] GLFW initialization failed.
2026-09-08T22:07:54Z [3,675ms] [Warning] [carb] Failed to startup plugin carb.windowing-glfw.plugin (interfaces: [carb::windowing::IGLContext v1.0],[carb::windowing::IWindowing v1.5]) (impl: carb.windowing-glfw.plugin)
2026-09-08T22:07:54Z [3,676ms] [Warning] [carb.windowing-glfw.plugin] GLFW initialization failed.
2026-09-08T22:07:54Z [3,676ms] [Warning] [carb] Failed to startup plugin carb.windowing-glfw.plugin (interfaces: [carb::windowing::IGLContext v1.0],[carb::windowing::IWindowing v1.5]) (impl: carb.windowing-glfw.plugin)
2026-09-08T22:07:54Z [4,149ms] [Warning] [omni.log] Source: omni.hydra was already registered.
2026-09-08T22:07:55Z [4,553ms] [Warning] [carb] Acquiring non optional plugin interface which is not listed as dependency: [omni::physx::IPhysxBenchmarks v1.0] (plugin: <default plugin>), by client: omni.physics.physx.plugin. Add it to CARB_PLUGIN_IMPL_DEPS() macro of a client.
2026-09-08T22:07:55Z [4,566ms] [Warning] [omni.isaac.dynamic_control] omni.isaac.dynamic_control is deprecated as of Isaac Sim 4.5. No action is needed from end-users.
2026-09-08T22:07:59Z [8,269ms] [Warning] [pxr.Semantics] pxr.Semantics is deprecated - please use Semantics instead
2026-09-08T22:07:59Z [8,387ms] [Warning] [omni.graph.core.plugin] Found duplicate of category 'Replicator' - was 'Annotators', adding 'Fabric Reader'
2026-09-08T22:07:59Z [8,387ms] [Warning] [omni.graph.core.plugin] Category 'Replicator' not accepted on node type 'omni.replicator.core.FabricReader' in extension 'omni.replicator.core'
2026-09-08T22:07:59Z [8,388ms] [Warning] [omni.replicator.core.scripts.extension] No material configuration file, adding configuration to material settings directly.
[INFO][AppLauncher]: Using device: cuda:0
[INFO][AppLauncher]: Loading experience file: /scratch2/dima/IsaacLab/apps/isaaclab.python.headless.rendering.kit
[sim] dt=0.01 decimation=1 -> control_dt=10.0 ms (100 Hz)
[env] gym.make Isaac-Drone-Warehouse-Gates-Vision-Crazyflie-Play-WithSensors-Coll-v0

[36m===================================================================================================================================================================[0m
[36m[1m[INFO][IsaacLab]: Logging to file: /scratch/agustin/xpurt-dev-sync/results/codesign_feedback/strengthen_campaign/tmp/isaaclab/logs/isaaclab_2026-09-08_15-08-10.log[0m
[36m===================================================================================================================================================================[0m

[33m15:08:10 [simulation_context.py] WARNING: The `enable_external_forces_every_iteration` parameter in the PhysxCfg is set to False. If you are experiencing noisy velocities, consider enabling this flag. You may need to slightly increase the number of velocity iterations (setting it to 1 or 2 rather than 0), together with this flag, to improve the accuracy of velocity updates.[0m
[INFO]: Base environment:
	Environment device    : cuda:0
	Environment seed      : None
	Physics step-size     : 0.01
	Rendering step-size   : 0.01
	Environment step-size : 0.01
[INFO]: Time taken for scene creation : 18.542284 seconds
[INFO]: Scene manager:  <class InteractiveScene>
	Number of environments: 1
	Environment spacing   : 40.0
	Source prim name      : /World/envs/env_0
	Global prim paths     : []
	Replicate physics     : True
[INFO]: Starting the simulation. This may take a few seconds. Please wait...
[INFO]: Time taken for simulation start : 40.180864 seconds
[INFO] Command Manager:  <CommandManager> contains 1 active terms.
+---------------------------------------+
|          Active Command Terms         |
+-------+------+------------------------+
| Index | Name |          Type          |
+-------+------+------------------------+
|   0   | goal | FixedGateCourseCommand |
+-------+------+------------------------+

[INFO] Event Manager:  <EventManager> contains 2 active terms.
+------------------------------------+
| Active Event Terms in Mode: 'reset' |
+----------+-------------------------+
|  Index   | Name                    |
+----------+-------------------------+
|    0     | reset_base              |
|    1     | reset_obstacles         |
|    2     | randomize_light         |
+----------+-------------------------+
+-------------------------------------------------+
|      Active Event Terms in Mode: 'interval'     |
+-------+---------------+-------------------------+
| Index | Name          | Interval time range (s) |
+-------+---------------+-------------------------+
|   0   | move_people   |        (0.0, 0.0)       |
|   1   | move_forklift |        (0.0, 0.0)       |
+-------+---------------+-------------------------+

[INFO] Recorder Manager:  <RecorderManager> contains 0 active terms.
+---------------------+
| Active Recorder Terms |
+-----------+---------+
|   Index   | Name    |
+-----------+---------+
+-----------+---------+

[INFO] Action Manager:  <ActionManager> contains 1 active terms.
+-----------------------------------+
|   Active Action Terms (shape: 4)  |
+--------+------------+-------------+
| Index  | Name       |   Dimension |
+--------+------------+-------------+
|   0    | velocity   |           4 |
+--------+------------+-------------+

[INFO] Observation Manager: <ObservationManager> contains 1 groups.
+---------------------------------------------------------+
| Active Observation Terms in Group: 'policy' (shape: (33,)) |
+-----------+---------------------------------+-----------+
|   Index   | Name                            |   Shape   |
+-----------+---------------------------------+-----------+
|     0     | base_lin_vel                    |    (3,)   |
|     1     | base_ang_vel                    |    (3,)   |
|     2     | projected_gravity               |    (3,)   |
|     3     | base_height                     |    (1,)   |
|     4     | goal                            |    (4,)   |
|     5     | obstacles                       |   (15,)   |
|     6     | last_action                     |    (4,)   |
+-----------+---------------------------------+-----------+

[INFO] Termination Manager:  <TerminationManager> contains 3 active terms.
+---------------------------------+
|     Active Termination Terms    |
+-------+--------------+----------+
| Index | Name         | Time Out |
+-------+--------------+----------+
|   0   | time_out     |   True   |
|   1   | crash_ground |  False   |
|   2   | collision    |  False   |
+-------+--------------+----------+

[INFO] Reward Manager:  <RewardManager> contains 5 active terms.
+---------------------------------+
|       Active Reward Terms       |
+-------+----------------+--------+
| Index | Name           | Weight |
+-------+----------------+--------+
|   0   | navigation     |    1.0 |
|   1   | gate_pass      |   20.0 |
|   2   | course_done    |    5.0 |
|   3   | collision      | -100.0 |
|   4   | success_metric |    1.0 |
+-------+----------------+--------+

[INFO] Curriculum Manager:  <CurriculumManager> contains 1 active terms.
+---------------------------+
|  Active Curriculum Terms  |
+--------+------------------+
| Index  | Name             |
+--------+------------------+
|   0    | obstacle_count   |
+--------+------------------+

[INFO]: Completed setting up the environment...
[sched] latency=18.0 ms, control_dt=10.0 ms -> refresh every 2 step(s) (50 Hz effective command rate)
[percep] latency=0.0 ms -> delay 0 step(s) (act on perception 0.0 ms old)
[nav] FusedSensorNet out_dim=2 vision=cnn loaded: /scratch/agustin/projects/DIMA/XPU-RT/sims/models/warehouse/nav_fused_v12_cnn.pt
[ctrl] actor arch inferred from ckpt: [16, 256, 128, 64, 4]
[ctrl] RL/MLP controller loaded: /scratch/agustin/projects/DIMA/XPU-RT/sims/models/warehouse/rl_controller_velctrl_dr4.pt (moment_scale=0.0055)
[yolo] warehouse detector loaded: /scratch/agustin/projects/DIMA/XPU-RT/sims/models/warehouse/yolov8n_gate_person_128x192.pt
[demo] hid 132 roof prims for the overhead view
[demo] overhead K fx=849.3 cx=640.0  pos=[         -8        13.5          13]  quat=[          0       0.707       0.707          -0]
[demo] FIXED iso cam eye=[        -13        -0.5          13] -> center=[         -8        13.5           2] (offset (-5.0, -14.0, 11.0))
[gantt] embedded XPU-RT schedule: /scratch2/agustin/XPU-RT/schedules/scheduled_networks_k1_live_stack_cpsat_profiled.json (333 dispatches, makespan 90.0 ms)
[ep00] seed=1000 outcome=success   gates=4/4 steps=1490 crash_type=-
[term] ep01 seed=1001 terms=collision -> crash/clip
[ep01] seed=1001 outcome=crash     gates=1/4 steps=1257 crash_type=clip
[term] ep02 seed=1002 terms=collision -> crash/clip
[ep02] seed=1002 outcome=crash     gates=2/4 steps=911 crash_type=clip
[ep03] seed=1003 outcome=success   gates=4/4 steps=1488 crash_type=-
[term] ep04 seed=1004 terms=collision -> crash/clip
[ep04] seed=1004 outcome=crash     gates=2/4 steps=755 crash_type=clip
[term] ep05 seed=1005 terms=collision -> crash/clip
[ep05] seed=1005 outcome=crash     gates=1/4 steps=785 crash_type=clip
[term] ep06 seed=1006 terms=collision -> crash/clip
[ep06] seed=1006 outcome=crash     gates=3/4 steps=1158 crash_type=clip
[term] ep07 seed=1007 terms=collision -> crash/clip
[ep07] seed=1007 outcome=crash     gates=2/4 steps=760 crash_type=clip
[ep08] seed=1008 outcome=success   gates=4/4 steps=1373 crash_type=-
[ep09] seed=1009 outcome=timeout   gates=2/4 steps=1800 crash_type=-
[ep10] seed=1010 outcome=success   gates=4/4 steps=1411 crash_type=-
Loading user config located at: '/scratch2/agustin/miniforge3/envs/env_isaaclab/lib/python3.11/site-packages/isaacsim/kit/data/Kit/Isaac-Sim/5.1/user.config.json'
[Info] [carb] Logging to file: /scratch2/agustin/miniforge3/envs/env_isaaclab/lib/python3.11/site-packages/isaacsim/kit/logs/Kit/Isaac-Sim/5.1/kit_20260908_153530.log
2026-09-08T22:35:31Z [500ms] [Warning] [carb.windowing-glfw.plugin] GLFW initialization failed.
2026-09-08T22:35:31Z [500ms] [Warning] [carb] Failed to startup plugin carb.windowing-glfw.plugin (interfaces: [carb::windowing::IGLContext v1.0],[carb::windowing::IWindowing v1.5]) (impl: carb.windowing-glfw.plugin)
2026-09-08T22:35:31Z [527ms] [Warning] [omni.platforminfo.plugin] failed to open the default display.  Can't verify X Server version.

|---------------------------------------------------------------------------------------------|
| Driver Version: 560.35.05     | Graphics API: Vulkan
|=============================================================================================|
| GPU | Name                             | Active | LDA | GPU Memory | Vendor-ID | LUID       |
|     |                                  |        |     |            | Device-ID | UUID       |
|     |                                  |        |     |            | Bus-ID    |            |
|---------------------------------------------------------------------------------------------|
| 0   | NVIDIA TITAN RTX                 | Yes: 0 |     | 24822   MB | 10de      | 0          |
|     |                                  |        |     |            | 1e02      | 61ac89bf.. |
|     |                                  |        |     |            | 41        |            |
|=============================================================================================|
| OS: 24.04.4 LTS (Noble Numbat) ubuntu, Version: 24.04.4, Kernel: 6.8.0-139-generic
| Processor: AMD Ryzen Threadripper PRO 5965WX 24-Cores
| Cores: 24 | Logical Cores: 48
|---------------------------------------------------------------------------------------------|
| Total Memory (MB): 128634 | Free Memory: 95959
| Total Page/Swap (MB): 8191 | Free Page/Swap: 61
|---------------------------------------------------------------------------------------------|
2026-09-08T22:35:31Z [1,321ms] [Warning] [gpu.foundation.plugin] IOMMU is enabled.
2026-09-08T22:35:32Z [2,131ms] [Warning] [carb.windowing-glfw.plugin] GLFW initialization failed.
2026-09-08T22:35:32Z [2,131ms] [Warning] [carb] Failed to startup plugin carb.windowing-glfw.plugin (interfaces: [carb::windowing::IGLContext v1.0],[carb::windowing::IWindowing v1.5]) (impl: carb.windowing-glfw.plugin)
2026-09-08T22:35:32Z [2,149ms] [Warning] [carb.windowing-glfw.plugin] GLFW initialization failed.
2026-09-08T22:35:32Z [2,149ms] [Warning] [carb] Failed to startup plugin carb.windowing-glfw.plugin (interfaces: [carb::windowing::IGLContext v1.0],[carb::windowing::IWindowing v1.5]) (impl: carb.windowing-glfw.plugin)
2026-09-08T22:35:32Z [2,156ms] [Warning] [carb.windowing-glfw.plugin] GLFW initialization failed.
2026-09-08T22:35:32Z [2,156ms] [Warning] [carb] Failed to startup plugin carb.windowing-glfw.plugin (interfaces: [carb::windowing::IGLContext v1.0],[carb::windowing::IWindowing v1.5]) (impl: carb.windowing-glfw.plugin)
2026-09-08T22:35:32Z [2,168ms] [Warning] [carb.windowing-glfw.plugin] GLFW initialization failed.
2026-09-08T22:35:32Z [2,168ms] [Warning] [carb] Failed to startup plugin carb.windowing-glfw.plugin (interfaces: [carb::windowing::IGLContext v1.0],[carb::windowing::IWindowing v1.5]) (impl: carb.windowing-glfw.plugin)
2026-09-08T22:35:32Z [2,169ms] [Warning] [carb.windowing-glfw.plugin] GLFW initialization failed.
2026-09-08T22:35:32Z [2,169ms] [Warning] [carb] Failed to startup plugin carb.windowing-glfw.plugin (interfaces: [carb::windowing::IGLContext v1.0],[carb::windowing::IWindowing v1.5]) (impl: carb.windowing-glfw.plugin)
2026-09-08T22:35:32Z [2,170ms] [Warning] [carb.windowing-glfw.plugin] GLFW initialization failed.
2026-09-08T22:35:32Z [2,170ms] [Warning] [carb] Failed to startup plugin carb.windowing-glfw.plugin (interfaces: [carb::windowing::IGLContext v1.0],[carb::windowing::IWindowing v1.5]) (impl: carb.windowing-glfw.plugin)
2026-09-08T22:35:32Z [2,424ms] [Warning] [omni.log] Source: omni.hydra was already registered.
2026-09-08T22:35:33Z [2,915ms] [Warning] [carb] Acquiring non optional plugin interface which is not listed as dependency: [omni::physx::IPhysxBenchmarks v1.0] (plugin: <default plugin>), by client: omni.physics.physx.plugin. Add it to CARB_PLUGIN_IMPL_DEPS() macro of a client.
2026-09-08T22:35:33Z [2,932ms] [Warning] [omni.isaac.dynamic_control] omni.isaac.dynamic_control is deprecated as of Isaac Sim 4.5. No action is needed from end-users.
2026-09-08T22:35:37Z [7,336ms] [Warning] [pxr.Semantics] pxr.Semantics is deprecated - please use Semantics instead
2026-09-08T22:35:38Z [7,533ms] [Warning] [omni.graph.core.plugin] Found duplicate of category 'Replicator' - was 'Annotators', adding 'Fabric Reader'
2026-09-08T22:35:38Z [7,533ms] [Warning] [omni.graph.core.plugin] Category 'Replicator' not accepted on node type 'omni.replicator.core.FabricReader' in extension 'omni.replicator.core'
2026-09-08T22:35:38Z [7,534ms] [Warning] [omni.replicator.core.scripts.extension] No material configuration file, adding configuration to material settings directly.
[INFO][AppLauncher]: Using device: cuda:0
[INFO][AppLauncher]: Loading experience file: /scratch2/dima/IsaacLab/apps/isaaclab.python.headless.rendering.kit
[sim] dt=0.01 decimation=1 -> control_dt=10.0 ms (100 Hz)
[env] gym.make Isaac-Drone-Warehouse-Gates-Vision-Crazyflie-Play-WithSensors-Coll-v0

[36m===================================================================================================================================================================[0m
[36m[1m[INFO][IsaacLab]: Logging to file: /scratch/agustin/xpurt-dev-sync/results/codesign_feedback/strengthen_campaign/tmp/isaaclab/logs/isaaclab_2026-09-08_15-35-48.log[0m
[36m===================================================================================================================================================================[0m

[33m15:35:48 [simulation_context.py] WARNING: The `enable_external_forces_every_iteration` parameter in the PhysxCfg is set to False. If you are experiencing noisy velocities, consider enabling this flag. You may need to slightly increase the number of velocity iterations (setting it to 1 or 2 rather than 0), together with this flag, to improve the accuracy of velocity updates.[0m
[INFO]: Base environment:
	Environment device    : cuda:0
	Environment seed      : None
	Physics step-size     : 0.01
	Rendering step-size   : 0.01
	Environment step-size : 0.01
[INFO]: Time taken for scene creation : 12.670928 seconds
[INFO]: Scene manager:  <class InteractiveScene>
	Number of environments: 1
	Environment spacing   : 40.0
	Source prim name      : /World/envs/env_0
	Global prim paths     : []
	Replicate physics     : True
[INFO]: Starting the simulation. This may take a few seconds. Please wait...
[INFO]: Time taken for simulation start : 27.500857 seconds
[INFO] Command Manager:  <CommandManager> contains 1 active terms.
+---------------------------------------+
|          Active Command Terms         |
+-------+------+------------------------+
| Index | Name |          Type          |
+-------+------+------------------------+
|   0   | goal | FixedGateCourseCommand |
+-------+------+------------------------+

[INFO] Event Manager:  <EventManager> contains 2 active terms.
+------------------------------------+
| Active Event Terms in Mode: 'reset' |
+----------+-------------------------+
|  Index   | Name                    |
+----------+-------------------------+
|    0     | reset_base              |
|    1     | reset_obstacles         |
|    2     | randomize_light         |
+----------+-------------------------+
+-------------------------------------------------+
|      Active Event Terms in Mode: 'interval'     |
+-------+---------------+-------------------------+
| Index | Name          | Interval time range (s) |
+-------+---------------+-------------------------+
|   0   | move_people   |        (0.0, 0.0)       |
|   1   | move_forklift |        (0.0, 0.0)       |
+-------+---------------+-------------------------+

[INFO] Recorder Manager:  <RecorderManager> contains 0 active terms.
+---------------------+
| Active Recorder Terms |
+-----------+---------+
|   Index   | Name    |
+-----------+---------+
+-----------+---------+

[INFO] Action Manager:  <ActionManager> contains 1 active terms.
+-----------------------------------+
|   Active Action Terms (shape: 4)  |
+--------+------------+-------------+
| Index  | Name       |   Dimension |
+--------+------------+-------------+
|   0    | velocity   |           4 |
+--------+------------+-------------+

[INFO] Observation Manager: <ObservationManager> contains 1 groups.
+---------------------------------------------------------+
| Active Observation Terms in Group: 'policy' (shape: (33,)) |
+-----------+---------------------------------+-----------+
|   Index   | Name                            |   Shape   |
+-----------+---------------------------------+-----------+
|     0     | base_lin_vel                    |    (3,)   |
|     1     | base_ang_vel                    |    (3,)   |
|     2     | projected_gravity               |    (3,)   |
|     3     | base_height                     |    (1,)   |
|     4     | goal                            |    (4,)   |
|     5     | obstacles                       |   (15,)   |
|     6     | last_action                     |    (4,)   |
+-----------+---------------------------------+-----------+

[INFO] Termination Manager:  <TerminationManager> contains 3 active terms.
+---------------------------------+
|     Active Termination Terms    |
+-------+--------------+----------+
| Index | Name         | Time Out |
+-------+--------------+----------+
|   0   | time_out     |   True   |
|   1   | crash_ground |  False   |
|   2   | collision    |  False   |
+-------+--------------+----------+

[INFO] Reward Manager:  <RewardManager> contains 5 active terms.
+---------------------------------+
|       Active Reward Terms       |
+-------+----------------+--------+
| Index | Name           | Weight |
+-------+----------------+--------+
|   0   | navigation     |    1.0 |
|   1   | gate_pass      |   20.0 |
|   2   | course_done    |    5.0 |
|   3   | collision      | -100.0 |
|   4   | success_metric |    1.0 |
+-------+----------------+--------+

[INFO] Curriculum Manager:  <CurriculumManager> contains 1 active terms.
+---------------------------+
|  Active Curriculum Terms  |
+--------+------------------+
| Index  | Name             |
+--------+------------------+
|   0    | obstacle_count   |
+--------+------------------+

[INFO]: Completed setting up the environment...
[sched] latency=18.0 ms, control_dt=10.0 ms -> refresh every 2 step(s) (50 Hz effective command rate)
[percep] latency=0.0 ms -> delay 0 step(s) (act on perception 0.0 ms old)
[nav] FusedSensorNet out_dim=2 vision=cnn loaded: /scratch/agustin/projects/DIMA/XPU-RT/sims/models/warehouse/nav_fused_v12_cnn.pt
[ctrl] actor arch inferred from ckpt: [16, 256, 128, 64, 4]
[ctrl] RL/MLP controller loaded: /scratch/agustin/projects/DIMA/XPU-RT/sims/models/warehouse/rl_controller_velctrl_dr4.pt (moment_scale=0.0055)
[yolo] warehouse detector loaded: /scratch/agustin/projects/DIMA/XPU-RT/sims/models/warehouse/yolov8n_gate_person_128x192.pt
[demo] hid 132 roof prims for the overhead view
[demo] overhead K fx=849.3 cx=640.0  pos=[         -8        13.5          13]  quat=[          0       0.707       0.707          -0]
[demo] FIXED iso cam eye=[        -13        -0.5          13] -> center=[         -8        13.5           2] (offset (-5.0, -14.0, 11.0))
[gantt] embedded XPU-RT schedule: /scratch2/agustin/XPU-RT/schedules/scheduled_networks_k1_live_stack_cpsat_profiled.json (333 dispatches, makespan 90.0 ms)
[ep00] seed=1000 outcome=success   gates=4/4 steps=1469 crash_type=-
[ep01] seed=1001 outcome=success   gates=4/4 steps=1402 crash_type=-
[term] ep02 seed=1002 terms=collision -> crash/clip
[ep02] seed=1002 outcome=crash     gates=2/4 steps=876 crash_type=clip
[ep03] seed=1003 outcome=success   gates=4/4 steps=1454 crash_type=-
[term] ep04 seed=1004 terms=collision -> crash/clip
[ep04] seed=1004 outcome=crash     gates=3/4 steps=1157 crash_type=clip
[ep05] seed=1005 outcome=success   gates=4/4 steps=1463 crash_type=-
[ep06] seed=1006 outcome=success   gates=4/4 steps=1472 crash_type=-
2026-09-08T22:35:42Z [11,971ms] [Warning] [omni.fabric.plugin] Warning: attribute viewportHandle not found for bucket id 7

2026-09-08T22:35:48Z [17,558ms] [Warning] [isaaclab.envs.manager_based_env] Seed not set for the environment. The environment creation may not be deterministic.
2026-09-08T22:36:10Z [39,605ms] [Warning] [carb] Client omni.hydratexture.plugin has acquired [carb::settings::ISettings v1.0] 100 times. Consider accessing this interface with carb::getCachedInterface() (Performance warning)
2026-09-08T22:36:10Z [39,617ms] [Warning] [carb] Client omni.hydratexture.plugin has acquired [carb::dictionary::IDictionary v1.1] 100 times. Consider accessing this interface with carb::getCachedInterface() (Performance warning)
2026-09-08T22:36:25Z [55,025ms] [Warning] [rtx.postprocessing.plugin] DLSS increasing input dimensions: Render resolution of (186, 139) is below minimal input resolution of 300.
2026-09-08T22:36:25Z [55,032ms] [Warning] [rtx.postprocessing.plugin] DLSS Skipped: Target resolution below 64x64.
2026-09-08T22:36:32Z [61,955ms] [Warning] [carb] Client gpu.foundation.plugin has acquired [gpu::unstable::IMemoryBudgetManagerFactory v0.1] 100 times. Consider accessing this interface with carb::getCachedInterface() (Performance warning)
2026-09-08T22:48:40Z [790,214ms] [Error] [omni.syntheticdata.plugin] OgnSdOnNewFrame : frames [10059|30, 10059|30] discarded
[ep07] seed=1007 outcome=success   gates=4/4 steps=1459 crash_type=-
[term] ep08 seed=1008 terms=collision -> crash/clip
[ep08] seed=1008 outcome=crash     gates=2/4 steps=970 crash_type=clip
[ep09] seed=1009 outcome=success   gates=4/4 steps=1385 crash_type=-
[term] ep10 seed=1010 terms=collision -> crash/clip
[ep10] seed=1010 outcome=crash     gates=1/4 steps=468 crash_type=clip
[ep11] seed=1011 outcome=success   gates=4/4 steps=1505 crash_type=-
[SWEEP] ms=0.0055 cruise=1.0 walk=0.0 hold=0.0 SUCCESS 8/12 clip=4 ground=0  s1000:succ(4/4,1469,-) s1001:succ(4/4,1402,-) s1002:cras(2/4,876,clip) s1003:succ(4/4,1454,-) s1004:cras(3/4,1157,clip) s1005:succ(4/4,1463,-) s1006:succ(4/4,1472,-) s1007:succ(4/4,1459,-) s1008:cras(2/4,970,clip) s1009:succ(4/4,1385,-) s1010:cras(1/4,468,clip) s1011:succ(4/4,1505,-)
[SWEEP-CSV] appended 12 rows -> /scratch/agustin/xpurt-dev-sync/results/codesign_feedback/hil_ablation_v2.csv
[out] wrote out/v12_crowded_sensor_demo.mp4
Loading user config located at: '/scratch2/agustin/miniforge3/envs/env_isaaclab/lib/python3.11/site-packages/isaacsim/kit/data/Kit/Isaac-Sim/5.1/user.config.json'
[Info] [carb] Logging to file: /scratch2/agustin/miniforge3/envs/env_isaaclab/lib/python3.11/site-packages/isaacsim/kit/logs/Kit/Isaac-Sim/5.1/kit_20260908_155455.log
2026-09-08T22:54:55Z [266ms] [Warning] [carb.windowing-glfw.plugin] GLFW initialization failed.
2026-09-08T22:54:55Z [266ms] [Warning] [carb] Failed to startup plugin carb.windowing-glfw.plugin (interfaces: [carb::windowing::IGLContext v1.0],[carb::windowing::IWindowing v1.5]) (impl: carb.windowing-glfw.plugin)
2026-09-08T22:54:55Z [292ms] [Warning] [omni.platforminfo.plugin] failed to open the default display.  Can't verify X Server version.

|---------------------------------------------------------------------------------------------|
| Driver Version: 560.35.05     | Graphics API: Vulkan
|=============================================================================================|
| GPU | Name                             | Active | LDA | GPU Memory | Vendor-ID | LUID       |
|     |                                  |        |     |            | Device-ID | UUID       |
|     |                                  |        |     |            | Bus-ID    |            |
|---------------------------------------------------------------------------------------------|
| 0   | NVIDIA TITAN RTX                 | Yes: 0 |     | 24822   MB | 10de      | 0          |
|     |                                  |        |     |            | 1e02      | 61ac89bf.. |
|     |                                  |        |     |            | 41        |            |
|=============================================================================================|
| OS: 24.04.4 LTS (Noble Numbat) ubuntu, Version: 24.04.4, Kernel: 6.8.0-139-generic
| Processor: AMD Ryzen Threadripper PRO 5965WX 24-Cores
| Cores: 24 | Logical Cores: 48
|---------------------------------------------------------------------------------------------|
| Total Memory (MB): 128634 | Free Memory: 94735
| Total Page/Swap (MB): 8191 | Free Page/Swap: 31
|---------------------------------------------------------------------------------------------|
2026-09-08T22:54:56Z [1,062ms] [Warning] [gpu.foundation.plugin] IOMMU is enabled.
2026-09-08T22:54:57Z [1,869ms] [Warning] [carb.windowing-glfw.plugin] GLFW initialization failed.
2026-09-08T22:54:57Z [1,869ms] [Warning] [carb] Failed to startup plugin carb.windowing-glfw.plugin (interfaces: [carb::windowing::IGLContext v1.0],[carb::windowing::IWindowing v1.5]) (impl: carb.windowing-glfw.plugin)
2026-09-08T22:54:57Z [1,885ms] [Warning] [carb.windowing-glfw.plugin] GLFW initialization failed.
2026-09-08T22:54:57Z [1,885ms] [Warning] [carb] Failed to startup plugin carb.windowing-glfw.plugin (interfaces: [carb::windowing::IGLContext v1.0],[carb::windowing::IWindowing v1.5]) (impl: carb.windowing-glfw.plugin)
2026-09-08T22:54:57Z [1,892ms] [Warning] [carb.windowing-glfw.plugin] GLFW initialization failed.
2026-09-08T22:54:57Z [1,892ms] [Warning] [carb] Failed to startup plugin carb.windowing-glfw.plugin (interfaces: [carb::windowing::IGLContext v1.0],[carb::windowing::IWindowing v1.5]) (impl: carb.windowing-glfw.plugin)
2026-09-08T22:54:57Z [1,904ms] [Warning] [carb.windowing-glfw.plugin] GLFW initialization failed.
2026-09-08T22:54:57Z [1,904ms] [Warning] [carb] Failed to startup plugin carb.windowing-glfw.plugin (interfaces: [carb::windowing::IGLContext v1.0],[carb::windowing::IWindowing v1.5]) (impl: carb.windowing-glfw.plugin)
2026-09-08T22:54:57Z [1,905ms] [Warning] [carb.windowing-glfw.plugin] GLFW initialization failed.
2026-09-08T22:54:57Z [1,905ms] [Warning] [carb] Failed to startup plugin carb.windowing-glfw.plugin (interfaces: [carb::windowing::IGLContext v1.0],[carb::windowing::IWindowing v1.5]) (impl: carb.windowing-glfw.plugin)
2026-09-08T22:54:57Z [1,906ms] [Warning] [carb.windowing-glfw.plugin] GLFW initialization failed.
2026-09-08T22:54:57Z [1,906ms] [Warning] [carb] Failed to startup plugin carb.windowing-glfw.plugin (interfaces: [carb::windowing::IGLContext v1.0],[carb::windowing::IWindowing v1.5]) (impl: carb.windowing-glfw.plugin)
2026-09-08T22:54:57Z [2,142ms] [Warning] [omni.log] Source: omni.hydra was already registered.
2026-09-08T22:54:57Z [2,569ms] [Warning] [carb] Acquiring non optional plugin interface which is not listed as dependency: [omni::physx::IPhysxBenchmarks v1.0] (plugin: <default plugin>), by client: omni.physics.physx.plugin. Add it to CARB_PLUGIN_IMPL_DEPS() macro of a client.
2026-09-08T22:54:57Z [2,582ms] [Warning] [omni.isaac.dynamic_control] omni.isaac.dynamic_control is deprecated as of Isaac Sim 4.5. No action is needed from end-users.
2026-09-08T22:55:01Z [6,334ms] [Warning] [pxr.Semantics] pxr.Semantics is deprecated - please use Semantics instead
2026-09-08T22:55:01Z [6,477ms] [Warning] [omni.graph.core.plugin] Found duplicate of category 'Replicator' - was 'Annotators', adding 'Fabric Reader'
2026-09-08T22:55:01Z [6,477ms] [Warning] [omni.graph.core.plugin] Category 'Replicator' not accepted on node type 'omni.replicator.core.FabricReader' in extension 'omni.replicator.core'
2026-09-08T22:55:01Z [6,478ms] [Warning] [omni.replicator.core.scripts.extension] No material configuration file, adding configuration to material settings directly.
[INFO][AppLauncher]: Using device: cuda:0
[INFO][AppLauncher]: Loading experience file: /scratch2/dima/IsaacLab/apps/isaaclab.python.headless.rendering.kit
[sim] dt=0.01 decimation=1 -> control_dt=10.0 ms (100 Hz)
[env] gym.make Isaac-Drone-Warehouse-Gates-Vision-Crazyflie-Play-WithSensors-Coll-v0

[36m===================================================================================================================================================================[0m
[36m[1m[INFO][IsaacLab]: Logging to file: /scratch/agustin/xpurt-dev-sync/results/codesign_feedback/strengthen_campaign/tmp/isaaclab/logs/isaaclab_2026-09-08_15-55-11.log[0m
[36m===================================================================================================================================================================[0m

[33m15:55:11 [simulation_context.py] WARNING: The `enable_external_forces_every_iteration` parameter in the PhysxCfg is set to False. If you are experiencing noisy velocities, consider enabling this flag. You may need to slightly increase the number of velocity iterations (setting it to 1 or 2 rather than 0), together with this flag, to improve the accuracy of velocity updates.[0m
[INFO]: Base environment:
	Environment device    : cuda:0
	Environment seed      : None
	Physics step-size     : 0.01
	Rendering step-size   : 0.01
	Environment step-size : 0.01
[INFO]: Time taken for scene creation : 13.251675 seconds
[INFO]: Scene manager:  <class InteractiveScene>
	Number of environments: 1
	Environment spacing   : 40.0
	Source prim name      : /World/envs/env_0
	Global prim paths     : []
	Replicate physics     : True
[INFO]: Starting the simulation. This may take a few seconds. Please wait...
[INFO]: Time taken for simulation start : 26.254586 seconds
[INFO] Command Manager:  <CommandManager> contains 1 active terms.
+---------------------------------------+
|          Active Command Terms         |
+-------+------+------------------------+
| Index | Name |          Type          |
+-------+------+------------------------+
|   0   | goal | FixedGateCourseCommand |
+-------+------+------------------------+

[INFO] Event Manager:  <EventManager> contains 2 active terms.
+------------------------------------+
| Active Event Terms in Mode: 'reset' |
+----------+-------------------------+
|  Index   | Name                    |
+----------+-------------------------+
|    0     | reset_base              |
|    1     | reset_obstacles         |
|    2     | randomize_light         |
+----------+-------------------------+
+-------------------------------------------------+
|      Active Event Terms in Mode: 'interval'     |
+-------+---------------+-------------------------+
| Index | Name          | Interval time range (s) |
+-------+---------------+-------------------------+
|   0   | move_people   |        (0.0, 0.0)       |
|   1   | move_forklift |        (0.0, 0.0)       |
+-------+---------------+-------------------------+

[INFO] Recorder Manager:  <RecorderManager> contains 0 active terms.
+---------------------+
| Active Recorder Terms |
+-----------+---------+
|   Index   | Name    |
+-----------+---------+
+-----------+---------+

[INFO] Action Manager:  <ActionManager> contains 1 active terms.
+-----------------------------------+
|   Active Action Terms (shape: 4)  |
+--------+------------+-------------+
| Index  | Name       |   Dimension |
+--------+------------+-------------+
|   0    | velocity   |           4 |
+--------+------------+-------------+

[INFO] Observation Manager: <ObservationManager> contains 1 groups.
+---------------------------------------------------------+
| Active Observation Terms in Group: 'policy' (shape: (33,)) |
+-----------+---------------------------------+-----------+
|   Index   | Name                            |   Shape   |
+-----------+---------------------------------+-----------+
|     0     | base_lin_vel                    |    (3,)   |
|     1     | base_ang_vel                    |    (3,)   |
|     2     | projected_gravity               |    (3,)   |
|     3     | base_height                     |    (1,)   |
|     4     | goal                            |    (4,)   |
|     5     | obstacles                       |   (15,)   |
|     6     | last_action                     |    (4,)   |
+-----------+---------------------------------+-----------+

[INFO] Termination Manager:  <TerminationManager> contains 3 active terms.
+---------------------------------+
|     Active Termination Terms    |
+-------+--------------+----------+
| Index | Name         | Time Out |
+-------+--------------+----------+
|   0   | time_out     |   True   |
|   1   | crash_ground |  False   |
|   2   | collision    |  False   |
+-------+--------------+----------+

[INFO] Reward Manager:  <RewardManager> contains 5 active terms.
+---------------------------------+
|       Active Reward Terms       |
+-------+----------------+--------+
| Index | Name           | Weight |
+-------+----------------+--------+
|   0   | navigation     |    1.0 |
|   1   | gate_pass      |   20.0 |
|   2   | course_done    |    5.0 |
|   3   | collision      | -100.0 |
|   4   | success_metric |    1.0 |
+-------+----------------+--------+

[INFO] Curriculum Manager:  <CurriculumManager> contains 1 active terms.
+---------------------------+
|  Active Curriculum Terms  |
+--------+------------------+
| Index  | Name             |
+--------+------------------+
|   0    | obstacle_count   |
+--------+------------------+

[INFO]: Completed setting up the environment...
[sched] latency=28.0 ms, control_dt=10.0 ms -> refresh every 3 step(s) (33 Hz effective command rate)
[percep] latency=0.0 ms -> delay 0 step(s) (act on perception 0.0 ms old)
[nav] FusedSensorNet out_dim=2 vision=cnn loaded: /scratch/agustin/projects/DIMA/XPU-RT/sims/models/warehouse/nav_fused_v12_cnn.pt
[ctrl] actor arch inferred from ckpt: [16, 256, 128, 64, 4]
[ctrl] RL/MLP controller loaded: /scratch/agustin/projects/DIMA/XPU-RT/sims/models/warehouse/rl_controller_velctrl_dr4.pt (moment_scale=0.0055)
[yolo] warehouse detector loaded: /scratch/agustin/projects/DIMA/XPU-RT/sims/models/warehouse/yolov8n_gate_person_128x192.pt
[demo] hid 132 roof prims for the overhead view
[demo] overhead K fx=849.3 cx=640.0  pos=[         -8        13.5          13]  quat=[          0       0.707       0.707          -0]
[demo] FIXED iso cam eye=[        -13        -0.5          13] -> center=[         -8        13.5           2] (offset (-5.0, -14.0, 11.0))
[gantt] embedded XPU-RT schedule: /scratch2/agustin/XPU-RT/schedules/scheduled_networks_k1_live_stack_cpsat_profiled.json (333 dispatches, makespan 90.0 ms)
[term] ep00 seed=1000 terms=collision -> crash/clip
[ep00] seed=1000 outcome=crash     gates=3/4 steps=1328 crash_type=clip
[ep01] seed=1001 outcome=timeout   gates=1/4 steps=1800 crash_type=-
[term] ep02 seed=1002 terms=collision -> crash/clip
[ep02] seed=1002 outcome=crash     gates=1/4 steps=789 crash_type=clip
[term] ep03 seed=1003 terms=collision -> crash/clip
[ep03] seed=1003 outcome=crash     gates=2/4 steps=1173 crash_type=clip
[term] ep04 seed=1004 terms=collision -> crash/clip
[ep04] seed=1004 outcome=crash     gates=1/4 steps=587 crash_type=clip
[ep05] seed=1005 outcome=timeout   gates=1/4 steps=1800 crash_type=-
[term] ep06 seed=1006 terms=collision -> crash/clip
[ep06] seed=1006 outcome=crash     gates=1/4 steps=585 crash_type=clip
[ep07] seed=1007 outcome=success   gates=4/4 steps=1583 crash_type=-
[term] ep08 seed=1008 terms=collision -> crash/clip
[ep08] seed=1008 outcome=crash     gates=1/4 steps=967 crash_type=clip
[term] ep09 seed=1009 terms=collision -> crash/clip
[ep09] seed=1009 outcome=crash     gates=3/4 steps=1294 crash_type=clip
[term] ep10 seed=1010 terms=collision -> crash/clip
[ep10] seed=1010 outcome=crash     gates=1/4 steps=987 crash_type=clip
[ep11] seed=1011 outcome=timeout   gates=3/4 steps=1800 crash_type=-
[SWEEP] ms=0.0055 cruise=1.0 walk=0.0 hold=0.0 SUCCESS 1/12 clip=8 ground=0  s1000:cras(3/4,1328,clip) s1001:time(1/4,1800,-) s1002:cras(1/4,789,clip) s1003:cras(2/4,1173,clip) s1004:cras(1/4,587,clip) s1005:time(1/4,1800,-) s1006:cras(1/4,585,clip) s1007:succ(4/4,1583,-) s1008:cras(1/4,967,clip) s1009:cras(3/4,1294,clip) s1010:cras(1/4,987,clip) s1011:time(3/4,1800,-)
[SWEEP-CSV] appended 12 rows -> /scratch/agustin/xpurt-dev-sync/results/codesign_feedback/hil_ablation_v2.csv
[out] wrote out/v12_crowded_sensor_demo.mp4
Loading user config located at: '/scratch2/agustin/miniforge3/envs/env_isaaclab/lib/python3.11/site-packages/isaacsim/kit/data/Kit/Isaac-Sim/5.1/user.config.json'
[Info] [carb] Logging to file: /scratch2/agustin/miniforge3/envs/env_isaaclab/lib/python3.11/site-packages/isaacsim/kit/logs/Kit/Isaac-Sim/5.1/kit_20260908_161327.log
2026-09-08T23:13:27Z [241ms] [Warning] [carb.windowing-glfw.plugin] GLFW initialization failed.
2026-09-08T23:13:27Z [241ms] [Warning] [carb] Failed to startup plugin carb.windowing-glfw.plugin (interfaces: [carb::windowing::IGLContext v1.0],[carb::windowing::IWindowing v1.5]) (impl: carb.windowing-glfw.plugin)
2026-09-08T23:13:27Z [269ms] [Warning] [omni.platforminfo.plugin] failed to open the default display.  Can't verify X Server version.

|---------------------------------------------------------------------------------------------|
| Driver Version: 560.35.05     | Graphics API: Vulkan
|=============================================================================================|
| GPU | Name                             | Active | LDA | GPU Memory | Vendor-ID | LUID       |
|     |                                  |        |     |            | Device-ID | UUID       |
|     |                                  |        |     |            | Bus-ID    |            |
|---------------------------------------------------------------------------------------------|
| 0   | NVIDIA TITAN RTX                 | Yes: 0 |     | 24822   MB | 10de      | 0          |
|     |                                  |        |     |            | 1e02      | 61ac89bf.. |
|     |                                  |        |     |            | 41        |            |
|=============================================================================================|
| OS: 24.04.4 LTS (Noble Numbat) ubuntu, Version: 24.04.4, Kernel: 6.8.0-139-generic
| Processor: AMD Ryzen Threadripper PRO 5965WX 24-Cores
| Cores: 24 | Logical Cores: 48
|---------------------------------------------------------------------------------------------|
| Total Memory (MB): 128634 | Free Memory: 92397
| Total Page/Swap (MB): 8191 | Free Page/Swap: 47
|---------------------------------------------------------------------------------------------|
2026-09-08T23:13:28Z [1,136ms] [Warning] [gpu.foundation.plugin] IOMMU is enabled.
2026-09-08T23:13:29Z [1,954ms] [Warning] [carb.windowing-glfw.plugin] GLFW initialization failed.
2026-09-08T23:13:29Z [1,954ms] [Warning] [carb] Failed to startup plugin carb.windowing-glfw.plugin (interfaces: [carb::windowing::IGLContext v1.0],[carb::windowing::IWindowing v1.5]) (impl: carb.windowing-glfw.plugin)
2026-09-08T23:13:29Z [1,970ms] [Warning] [carb.windowing-glfw.plugin] GLFW initialization failed.
2026-09-08T23:13:29Z [1,970ms] [Warning] [carb] Failed to startup plugin carb.windowing-glfw.plugin (interfaces: [carb::windowing::IGLContext v1.0],[carb::windowing::IWindowing v1.5]) (impl: carb.windowing-glfw.plugin)
2026-09-08T23:13:29Z [1,978ms] [Warning] [carb.windowing-glfw.plugin] GLFW initialization failed.
2026-09-08T23:13:29Z [1,978ms] [Warning] [carb] Failed to startup plugin carb.windowing-glfw.plugin (interfaces: [carb::windowing::IGLContext v1.0],[carb::windowing::IWindowing v1.5]) (impl: carb.windowing-glfw.plugin)
2026-09-08T23:13:29Z [1,989ms] [Warning] [carb.windowing-glfw.plugin] GLFW initialization failed.
2026-09-08T23:13:29Z [1,989ms] [Warning] [carb] Failed to startup plugin carb.windowing-glfw.plugin (interfaces: [carb::windowing::IGLContext v1.0],[carb::windowing::IWindowing v1.5]) (impl: carb.windowing-glfw.plugin)
2026-09-08T23:13:29Z [1,990ms] [Warning] [carb.windowing-glfw.plugin] GLFW initialization failed.
2026-09-08T23:13:29Z [1,990ms] [Warning] [carb] Failed to startup plugin carb.windowing-glfw.plugin (interfaces: [carb::windowing::IGLContext v1.0],[carb::windowing::IWindowing v1.5]) (impl: carb.windowing-glfw.plugin)
2026-09-08T23:13:29Z [1,991ms] [Warning] [carb.windowing-glfw.plugin] GLFW initialization failed.
2026-09-08T23:13:29Z [1,991ms] [Warning] [carb] Failed to startup plugin carb.windowing-glfw.plugin (interfaces: [carb::windowing::IGLContext v1.0],[carb::windowing::IWindowing v1.5]) (impl: carb.windowing-glfw.plugin)
2026-09-08T23:13:29Z [2,216ms] [Warning] [omni.log] Source: omni.hydra was already registered.
2026-09-08T23:13:29Z [2,662ms] [Warning] [carb] Acquiring non optional plugin interface which is not listed as dependency: [omni::physx::IPhysxBenchmarks v1.0] (plugin: <default plugin>), by client: omni.physics.physx.plugin. Add it to CARB_PLUGIN_IMPL_DEPS() macro of a client.
2026-09-08T23:13:29Z [2,675ms] [Warning] [omni.isaac.dynamic_control] omni.isaac.dynamic_control is deprecated as of Isaac Sim 4.5. No action is needed from end-users.
2026-09-08T23:13:33Z [6,077ms] [Warning] [pxr.Semantics] pxr.Semantics is deprecated - please use Semantics instead
2026-09-08T23:13:33Z [6,252ms] [Warning] [omni.graph.core.plugin] Found duplicate of category 'Replicator' - was 'Annotators', adding 'Fabric Reader'
2026-09-08T23:13:33Z [6,252ms] [Warning] [omni.graph.core.plugin] Category 'Replicator' not accepted on node type 'omni.replicator.core.FabricReader' in extension 'omni.replicator.core'
2026-09-08T23:13:33Z [6,253ms] [Warning] [omni.replicator.core.scripts.extension] No material configuration file, adding configuration to material settings directly.
[INFO][AppLauncher]: Using device: cuda:0
[INFO][AppLauncher]: Loading experience file: /scratch2/dima/IsaacLab/apps/isaaclab.python.headless.rendering.kit
[sim] dt=0.01 decimation=1 -> control_dt=10.0 ms (100 Hz)
[env] gym.make Isaac-Drone-Warehouse-Gates-Vision-Crazyflie-Play-WithSensors-Coll-v0

[36m===================================================================================================================================================================[0m
[36m[1m[INFO][IsaacLab]: Logging to file: /scratch/agustin/xpurt-dev-sync/results/codesign_feedback/strengthen_campaign/tmp/isaaclab/logs/isaaclab_2026-09-08_16-13-42.log[0m
[36m===================================================================================================================================================================[0m

[33m16:13:42 [simulation_context.py] WARNING: The `enable_external_forces_every_iteration` parameter in the PhysxCfg is set to False. If you are experiencing noisy velocities, consider enabling this flag. You may need to slightly increase the number of velocity iterations (setting it to 1 or 2 rather than 0), together with this flag, to improve the accuracy of velocity updates.[0m
[INFO]: Base environment:
	Environment device    : cuda:0
	Environment seed      : None
	Physics step-size     : 0.01
	Rendering step-size   : 0.01
	Environment step-size : 0.01
[INFO]: Time taken for scene creation : 12.748630 seconds
[INFO]: Scene manager:  <class InteractiveScene>
	Number of environments: 1
	Environment spacing   : 40.0
	Source prim name      : /World/envs/env_0
	Global prim paths     : []
	Replicate physics     : True
[INFO]: Starting the simulation. This may take a few seconds. Please wait...
[INFO]: Time taken for simulation start : 25.199533 seconds
[INFO] Command Manager:  <CommandManager> contains 1 active terms.
+---------------------------------------+
|          Active Command Terms         |
+-------+------+------------------------+
| Index | Name |          Type          |
+-------+------+------------------------+
|   0   | goal | FixedGateCourseCommand |
+-------+------+------------------------+

[INFO] Event Manager:  <EventManager> contains 2 active terms.
+------------------------------------+
| Active Event Terms in Mode: 'reset' |
+----------+-------------------------+
|  Index   | Name                    |
+----------+-------------------------+
|    0     | reset_base              |
|    1     | reset_obstacles         |
|    2     | randomize_light         |
+----------+-------------------------+
+-------------------------------------------------+
|      Active Event Terms in Mode: 'interval'     |
+-------+---------------+-------------------------+
| Index | Name          | Interval time range (s) |
+-------+---------------+-------------------------+
|   0   | move_people   |        (0.0, 0.0)       |
|   1   | move_forklift |        (0.0, 0.0)       |
+-------+---------------+-------------------------+

[INFO] Recorder Manager:  <RecorderManager> contains 0 active terms.
+---------------------+
| Active Recorder Terms |
+-----------+---------+
|   Index   | Name    |
+-----------+---------+
+-----------+---------+

[INFO] Action Manager:  <ActionManager> contains 1 active terms.
+-----------------------------------+
|   Active Action Terms (shape: 4)  |
+--------+------------+-------------+
| Index  | Name       |   Dimension |
+--------+------------+-------------+
|   0    | velocity   |           4 |
+--------+------------+-------------+

[INFO] Observation Manager: <ObservationManager> contains 1 groups.
+---------------------------------------------------------+
| Active Observation Terms in Group: 'policy' (shape: (33,)) |
+-----------+---------------------------------+-----------+
|   Index   | Name                            |   Shape   |
+-----------+---------------------------------+-----------+
|     0     | base_lin_vel                    |    (3,)   |
|     1     | base_ang_vel                    |    (3,)   |
|     2     | projected_gravity               |    (3,)   |
|     3     | base_height                     |    (1,)   |
|     4     | goal                            |    (4,)   |
|     5     | obstacles                       |   (15,)   |
|     6     | last_action                     |    (4,)   |
+-----------+---------------------------------+-----------+

[INFO] Termination Manager:  <TerminationManager> contains 3 active terms.
+---------------------------------+
|     Active Termination Terms    |
+-------+--------------+----------+
| Index | Name         | Time Out |
+-------+--------------+----------+
|   0   | time_out     |   True   |
|   1   | crash_ground |  False   |
|   2   | collision    |  False   |
+-------+--------------+----------+

[INFO] Reward Manager:  <RewardManager> contains 5 active terms.
+---------------------------------+
|       Active Reward Terms       |
+-------+----------------+--------+
| Index | Name           | Weight |
+-------+----------------+--------+
|   0   | navigation     |    1.0 |
|   1   | gate_pass      |   20.0 |
|   2   | course_done    |    5.0 |
|   3   | collision      | -100.0 |
|   4   | success_metric |    1.0 |
+-------+----------------+--------+

[INFO] Curriculum Manager:  <CurriculumManager> contains 1 active terms.
+---------------------------+
|  Active Curriculum Terms  |
+--------+------------------+
| Index  | Name             |
+--------+------------------+
|   0    | obstacle_count   |
+--------+------------------+

[INFO]: Completed setting up the environment...
[sched] latency=38.0 ms, control_dt=10.0 ms -> refresh every 4 step(s) (25 Hz effective command rate)
[percep] latency=0.0 ms -> delay 0 step(s) (act on perception 0.0 ms old)
[nav] FusedSensorNet out_dim=2 vision=cnn loaded: /scratch/agustin/projects/DIMA/XPU-RT/sims/models/warehouse/nav_fused_v12_cnn.pt
[ctrl] actor arch inferred from ckpt: [16, 256, 128, 64, 4]
[ctrl] RL/MLP controller loaded: /scratch/agustin/projects/DIMA/XPU-RT/sims/models/warehouse/rl_controller_velctrl_dr4.pt (moment_scale=0.0055)
[yolo] warehouse detector loaded: /scratch/agustin/projects/DIMA/XPU-RT/sims/models/warehouse/yolov8n_gate_person_128x192.pt
[demo] hid 132 roof prims for the overhead view
[demo] overhead K fx=849.3 cx=640.0  pos=[         -8        13.5          13]  quat=[          0       0.707       0.707          -0]
[demo] FIXED iso cam eye=[        -13        -0.5          13] -> center=[         -8        13.5           2] (offset (-5.0, -14.0, 11.0))
[gantt] embedded XPU-RT schedule: /scratch2/agustin/XPU-RT/schedules/scheduled_networks_k1_live_stack_cpsat_profiled.json (333 dispatches, makespan 90.0 ms)
[term] ep00 seed=1000 terms=collision -> crash/clip
[ep00] seed=1000 outcome=crash     gates=2/4 steps=803 crash_type=clip
[term] ep01 seed=1001 terms=collision -> crash/clip
[ep01] seed=1001 outcome=crash     gates=1/4 steps=343 crash_type=clip
[term] ep02 seed=1002 terms=collision -> crash/clip
[ep02] seed=1002 outcome=crash     gates=1/4 steps=944 crash_type=clip
[term] ep03 seed=1003 terms=collision -> crash/clip
[ep03] seed=1003 outcome=crash     gates=1/4 steps=591 crash_type=clip
[term] ep04 seed=1004 terms=collision -> crash/clip
[ep04] seed=1004 outcome=crash     gates=1/4 steps=559 crash_type=clip
[term] ep05 seed=1005 terms=collision -> crash/clip
[ep05] seed=1005 outcome=crash     gates=1/4 steps=804 crash_type=clip
[term] ep06 seed=1006 terms=collision -> crash/clip
[ep06] seed=1006 outcome=crash     gates=1/4 steps=839 crash_type=clip
[ep07] seed=1007 outcome=timeout   gates=1/4 steps=1800 crash_type=-
[term] ep08 seed=1008 terms=collision -> crash/clip
[ep08] seed=1008 outcome=crash     gates=1/4 steps=863 crash_type=clip
[term] ep09 seed=1009 terms=collision -> crash/clip
[ep09] seed=1009 outcome=crash     gates=1/4 steps=1068 crash_type=clip
[term] ep10 seed=1010 terms=collision -> crash/clip
[ep10] seed=1010 outcome=crash     gates=1/4 steps=1603 crash_type=clip
[term] ep11 seed=1011 terms=collision -> crash/clip
[ep11] seed=1011 outcome=crash     gates=0/4 steps=243 crash_type=clip
[SWEEP] ms=0.0055 cruise=1.0 walk=0.0 hold=0.0 SUCCESS 0/12 clip=11 ground=0  s1000:cras(2/4,803,clip) s1001:cras(1/4,343,clip) s1002:cras(1/4,944,clip) s1003:cras(1/4,591,clip) s1004:cras(1/4,559,clip) s1005:cras(1/4,804,clip) s1006:cras(1/4,839,clip) s1007:time(1/4,1800,-) s1008:cras(1/4,863,clip) s1009:cras(1/4,1068,clip) s1010:cras(1/4,1603,clip) s1011:cras(0/4,243,clip)
[SWEEP-CSV] appended 12 rows -> /scratch/agustin/xpurt-dev-sync/results/codesign_feedback/hil_ablation_v2.csv
[out] wrote out/v12_crowded_sensor_demo.mp4
Loading user config located at: '/scratch2/agustin/miniforge3/envs/env_isaaclab/lib/python3.11/site-packages/isaacsim/kit/data/Kit/Isaac-Sim/5.1/user.config.json'
[Info] [carb] Logging to file: /scratch2/agustin/miniforge3/envs/env_isaaclab/lib/python3.11/site-packages/isaacsim/kit/logs/Kit/Isaac-Sim/5.1/kit_20260908_162625.log
2026-09-08T23:26:25Z [513ms] [Warning] [carb.windowing-glfw.plugin] GLFW initialization failed.
2026-09-08T23:26:25Z [513ms] [Warning] [carb] Failed to startup plugin carb.windowing-glfw.plugin (interfaces: [carb::windowing::IGLContext v1.0],[carb::windowing::IWindowing v1.5]) (impl: carb.windowing-glfw.plugin)
2026-09-08T23:26:25Z [542ms] [Warning] [omni.platforminfo.plugin] failed to open the default display.  Can't verify X Server version.

|---------------------------------------------------------------------------------------------|
| Driver Version: 560.35.05     | Graphics API: Vulkan
|=============================================================================================|
| GPU | Name                             | Active | LDA | GPU Memory | Vendor-ID | LUID       |
|     |                                  |        |     |            | Device-ID | UUID       |
|     |                                  |        |     |            | Bus-ID    |            |
|---------------------------------------------------------------------------------------------|
| 0   | NVIDIA TITAN RTX                 | Yes: 0 |     | 24822   MB | 10de      | 0          |
|     |                                  |        |     |            | 1e02      | 61ac89bf.. |
|     |                                  |        |     |            | 41        |            |
|=============================================================================================|
| OS: 24.04.4 LTS (Noble Numbat) ubuntu, Version: 24.04.4, Kernel: 6.8.0-139-generic
| Processor: AMD Ryzen Threadripper PRO 5965WX 24-Cores
| Cores: 24 | Logical Cores: 48
|---------------------------------------------------------------------------------------------|
| Total Memory (MB): 128634 | Free Memory: 87176
| Total Page/Swap (MB): 8191 | Free Page/Swap: 9
|---------------------------------------------------------------------------------------------|
2026-09-08T23:26:26Z [1,308ms] [Warning] [gpu.foundation.plugin] IOMMU is enabled.
2026-09-08T23:26:27Z [2,119ms] [Warning] [carb.windowing-glfw.plugin] GLFW initialization failed.
2026-09-08T23:26:27Z [2,119ms] [Warning] [carb] Failed to startup plugin carb.windowing-glfw.plugin (interfaces: [carb::windowing::IGLContext v1.0],[carb::windowing::IWindowing v1.5]) (impl: carb.windowing-glfw.plugin)
2026-09-08T23:26:27Z [2,138ms] [Warning] [carb.windowing-glfw.plugin] GLFW initialization failed.
2026-09-08T23:26:27Z [2,138ms] [Warning] [carb] Failed to startup plugin carb.windowing-glfw.plugin (interfaces: [carb::windowing::IGLContext v1.0],[carb::windowing::IWindowing v1.5]) (impl: carb.windowing-glfw.plugin)
2026-09-08T23:26:27Z [2,146ms] [Warning] [carb.windowing-glfw.plugin] GLFW initialization failed.
2026-09-08T23:26:27Z [2,146ms] [Warning] [carb] Failed to startup plugin carb.windowing-glfw.plugin (interfaces: [carb::windowing::IGLContext v1.0],[carb::windowing::IWindowing v1.5]) (impl: carb.windowing-glfw.plugin)
2026-09-08T23:26:27Z [2,157ms] [Warning] [carb.windowing-glfw.plugin] GLFW initialization failed.
2026-09-08T23:26:27Z [2,157ms] [Warning] [carb] Failed to startup plugin carb.windowing-glfw.plugin (interfaces: [carb::windowing::IGLContext v1.0],[carb::windowing::IWindowing v1.5]) (impl: carb.windowing-glfw.plugin)
2026-09-08T23:26:27Z [2,158ms] [Warning] [carb.windowing-glfw.plugin] GLFW initialization failed.
2026-09-08T23:26:27Z [2,158ms] [Warning] [carb] Failed to startup plugin carb.windowing-glfw.plugin (interfaces: [carb::windowing::IGLContext v1.0],[carb::windowing::IWindowing v1.5]) (impl: carb.windowing-glfw.plugin)
2026-09-08T23:26:27Z [2,159ms] [Warning] [carb.windowing-glfw.plugin] GLFW initialization failed.
2026-09-08T23:26:27Z [2,159ms] [Warning] [carb] Failed to startup plugin carb.windowing-glfw.plugin (interfaces: [carb::windowing::IGLContext v1.0],[carb::windowing::IWindowing v1.5]) (impl: carb.windowing-glfw.plugin)
2026-09-08T23:26:27Z [2,387ms] [Warning] [omni.log] Source: omni.hydra was already registered.
2026-09-08T23:26:28Z [2,839ms] [Warning] [carb] Acquiring non optional plugin interface which is not listed as dependency: [omni::physx::IPhysxBenchmarks v1.0] (plugin: <default plugin>), by client: omni.physics.physx.plugin. Add it to CARB_PLUGIN_IMPL_DEPS() macro of a client.
2026-09-08T23:26:28Z [2,857ms] [Warning] [omni.isaac.dynamic_control] omni.isaac.dynamic_control is deprecated as of Isaac Sim 4.5. No action is needed from end-users.
2026-09-08T23:26:31Z [6,662ms] [Warning] [pxr.Semantics] pxr.Semantics is deprecated - please use Semantics instead
2026-09-08T23:26:32Z [6,850ms] [Warning] [omni.graph.core.plugin] Found duplicate of category 'Replicator' - was 'Annotators', adding 'Fabric Reader'
2026-09-08T23:26:32Z [6,850ms] [Warning] [omni.graph.core.plugin] Category 'Replicator' not accepted on node type 'omni.replicator.core.FabricReader' in extension 'omni.replicator.core'
2026-09-08T23:26:32Z [6,851ms] [Warning] [omni.replicator.core.scripts.extension] No material configuration file, adding configuration to material settings directly.
[INFO][AppLauncher]: Using device: cuda:0
[INFO][AppLauncher]: Loading experience file: /scratch2/dima/IsaacLab/apps/isaaclab.python.headless.rendering.kit
[sim] dt=0.01 decimation=1 -> control_dt=10.0 ms (100 Hz)
[env] gym.make Isaac-Drone-Warehouse-Gates-Vision-Crazyflie-Play-WithSensors-Coll-v0

[36m===================================================================================================================================================================[0m
[36m[1m[INFO][IsaacLab]: Logging to file: /scratch/agustin/xpurt-dev-sync/results/codesign_feedback/strengthen_campaign/tmp/isaaclab/logs/isaaclab_2026-09-08_16-26-41.log[0m
[36m===================================================================================================================================================================[0m

[33m16:26:41 [simulation_context.py] WARNING: The `enable_external_forces_every_iteration` parameter in the PhysxCfg is set to False. If you are experiencing noisy velocities, consider enabling this flag. You may need to slightly increase the number of velocity iterations (setting it to 1 or 2 rather than 0), together with this flag, to improve the accuracy of velocity updates.[0m
[INFO]: Base environment:
	Environment device    : cuda:0
	Environment seed      : None
	Physics step-size     : 0.01
	Rendering step-size   : 0.01
	Environment step-size : 0.01
[INFO]: Time taken for scene creation : 18.936635 seconds
[INFO]: Scene manager:  <class InteractiveScene>
	Number of environments: 1
	Environment spacing   : 40.0
	Source prim name      : /World/envs/env_0
	Global prim paths     : []
	Replicate physics     : True
[INFO]: Starting the simulation. This may take a few seconds. Please wait...
[INFO]: Time taken for simulation start : 25.552648 seconds
[INFO] Command Manager:  <CommandManager> contains 1 active terms.
+---------------------------------------+
|          Active Command Terms         |
+-------+------+------------------------+
| Index | Name |          Type          |
+-------+------+------------------------+
|   0   | goal | FixedGateCourseCommand |
+-------+------+------------------------+

[INFO] Event Manager:  <EventManager> contains 2 active terms.
+------------------------------------+
| Active Event Terms in Mode: 'reset' |
+----------+-------------------------+
|  Index   | Name                    |
+----------+-------------------------+
|    0     | reset_base              |
|    1     | reset_obstacles         |
|    2     | randomize_light         |
+----------+-------------------------+
+-------------------------------------------------+
|      Active Event Terms in Mode: 'interval'     |
+-------+---------------+-------------------------+
| Index | Name          | Interval time range (s) |
+-------+---------------+-------------------------+
|   0   | move_people   |        (0.0, 0.0)       |
|   1   | move_forklift |        (0.0, 0.0)       |
+-------+---------------+-------------------------+

[INFO] Recorder Manager:  <RecorderManager> contains 0 active terms.
+---------------------+
| Active Recorder Terms |
+-----------+---------+
|   Index   | Name    |
+-----------+---------+
+-----------+---------+

[INFO] Action Manager:  <ActionManager> contains 1 active terms.
+-----------------------------------+
|   Active Action Terms (shape: 4)  |
+--------+------------+-------------+
| Index  | Name       |   Dimension |
+--------+------------+-------------+
|   0    | velocity   |           4 |
+--------+------------+-------------+

[INFO] Observation Manager: <ObservationManager> contains 1 groups.
+---------------------------------------------------------+
| Active Observation Terms in Group: 'policy' (shape: (33,)) |
+-----------+---------------------------------+-----------+
|   Index   | Name                            |   Shape   |
+-----------+---------------------------------+-----------+
|     0     | base_lin_vel                    |    (3,)   |
|     1     | base_ang_vel                    |    (3,)   |
|     2     | projected_gravity               |    (3,)   |
|     3     | base_height                     |    (1,)   |
|     4     | goal                            |    (4,)   |
|     5     | obstacles                       |   (15,)   |
|     6     | last_action                     |    (4,)   |
+-----------+---------------------------------+-----------+

[INFO] Termination Manager:  <TerminationManager> contains 3 active terms.
+---------------------------------+
|     Active Termination Terms    |
+-------+--------------+----------+
| Index | Name         | Time Out |
+-------+--------------+----------+
|   0   | time_out     |   True   |
|   1   | crash_ground |  False   |
|   2   | collision    |  False   |
+-------+--------------+----------+

[INFO] Reward Manager:  <RewardManager> contains 5 active terms.
+---------------------------------+
|       Active Reward Terms       |
+-------+----------------+--------+
| Index | Name           | Weight |
+-------+----------------+--------+
|   0   | navigation     |    1.0 |
|   1   | gate_pass      |   20.0 |
|   2   | course_done    |    5.0 |
|   3   | collision      | -100.0 |
|   4   | success_metric |    1.0 |
+-------+----------------+--------+

[INFO] Curriculum Manager:  <CurriculumManager> contains 1 active terms.
+---------------------------+
|  Active Curriculum Terms  |
+--------+------------------+
| Index  | Name             |
+--------+------------------+
|   0    | obstacle_count   |
+--------+------------------+

[INFO]: Completed setting up the environment...
[sched] latency=8.0 ms, control_dt=10.0 ms -> refresh every 1 step(s) (100 Hz effective command rate)
[percep] latency=0.0 ms -> delay 0 step(s) (act on perception 0.0 ms old)
[nav] FusedSensorNet out_dim=2 vision=cnn loaded: /scratch/agustin/projects/DIMA/XPU-RT/sims/models/warehouse/nav_fused_v12_cnn.pt
[ctrl] actor arch inferred from ckpt: [16, 256, 128, 64, 4]
[ctrl] RL/MLP controller loaded: /scratch/agustin/projects/DIMA/XPU-RT/sims/models/warehouse/rl_controller_velctrl_dr4.pt (moment_scale=0.0055)
[yolo] warehouse detector loaded: /scratch/agustin/projects/DIMA/XPU-RT/sims/models/warehouse/yolov8n_gate_person_128x192.pt
[demo] hid 132 roof prims for the overhead view
[demo] overhead K fx=849.3 cx=640.0  pos=[         -8        13.5          13]  quat=[          0       0.707       0.707          -0]
[demo] FIXED iso cam eye=[        -13        -0.5          13] -> center=[         -8        13.5           2] (offset (-5.0, -14.0, 11.0))
[gantt] embedded XPU-RT schedule: /scratch2/agustin/XPU-RT/schedules/scheduled_networks_k1_live_stack_cpsat_profiled.json (333 dispatches, makespan 90.0 ms)
[ep00] seed=1000 outcome=success   gates=4/4 steps=1216 crash_type=-
[term] ep01 seed=1001 terms=collision -> crash/clip
[ep01] seed=1001 outcome=crash     gates=3/4 steps=1126 crash_type=clip
[term] ep02 seed=1002 terms=collision -> crash/clip
[ep02] seed=1002 outcome=crash     gates=2/4 steps=774 crash_type=clip
[ep03] seed=1003 outcome=timeout   gates=2/4 steps=1800 crash_type=-
[ep04] seed=1004 outcome=success   gates=4/4 steps=1235 crash_type=-
[term] ep05 seed=1005 terms=collision -> crash/clip
[ep05] seed=1005 outcome=crash     gates=1/4 steps=516 crash_type=clip
[ep06] seed=1006 outcome=success   gates=4/4 steps=1228 crash_type=-
[term] ep07 seed=1007 terms=collision -> crash/clip
[ep07] seed=1007 outcome=crash     gates=3/4 steps=1094 crash_type=clip
[ep08] seed=1008 outcome=success   gates=4/4 steps=1197 crash_type=-
[term] ep09 seed=1009 terms=collision -> crash/clip
[ep09] seed=1009 outcome=crash     gates=2/4 steps=1116 crash_type=clip
[term] ep10 seed=1010 terms=collision -> crash/clip
[ep10] seed=1010 outcome=crash     gates=2/4 steps=553 crash_type=clip
[term] ep11 seed=1011 terms=collision -> crash/clip
[ep11] seed=1011 outcome=crash     gates=1/4 steps=271 crash_type=clip
[SWEEP] ms=0.0055 cruise=1.2 walk=0.0 hold=0.0 SUCCESS 4/12 clip=7 ground=0  s1000:succ(4/4,1216,-) s1001:cras(3/4,1126,clip) s1002:cras(2/4,774,clip) s1003:time(2/4,1800,-) s1004:succ(4/4,1235,-) s1005:cras(1/4,516,clip) s1006:succ(4/4,1228,-) s1007:cras(3/4,1094,clip) s1008:succ(4/4,1197,-) s1009:cras(2/4,1116,clip) s1010:cras(2/4,553,clip) s1011:cras(1/4,271,clip)
[SWEEP-CSV] appended 12 rows -> /scratch/agustin/xpurt-dev-sync/results/codesign_feedback/hil_ablation_v2.csv
[out] wrote out/v12_crowded_sensor_demo.mp4
Loading user config located at: '/scratch2/agustin/miniforge3/envs/env_isaaclab/lib/python3.11/site-packages/isaacsim/kit/data/Kit/Isaac-Sim/5.1/user.config.json'
[Info] [carb] Logging to file: /scratch2/agustin/miniforge3/envs/env_isaaclab/lib/python3.11/site-packages/isaacsim/kit/logs/Kit/Isaac-Sim/5.1/kit_20260908_164139.log
2026-09-08T23:41:39Z [240ms] [Warning] [carb.windowing-glfw.plugin] GLFW initialization failed.
2026-09-08T23:41:39Z [240ms] [Warning] [carb] Failed to startup plugin carb.windowing-glfw.plugin (interfaces: [carb::windowing::IGLContext v1.0],[carb::windowing::IWindowing v1.5]) (impl: carb.windowing-glfw.plugin)
2026-09-08T23:41:39Z [268ms] [Warning] [omni.platforminfo.plugin] failed to open the default display.  Can't verify X Server version.

|---------------------------------------------------------------------------------------------|
| Driver Version: 560.35.05     | Graphics API: Vulkan
|=============================================================================================|
| GPU | Name                             | Active | LDA | GPU Memory | Vendor-ID | LUID       |
|     |                                  |        |     |            | Device-ID | UUID       |
|     |                                  |        |     |            | Bus-ID    |            |
|---------------------------------------------------------------------------------------------|
| 0   | NVIDIA TITAN RTX                 | Yes: 0 |     | 24822   MB | 10de      | 0          |
|     |                                  |        |     |            | 1e02      | 61ac89bf.. |
|     |                                  |        |     |            | 41        |            |
|=============================================================================================|
| OS: 24.04.4 LTS (Noble Numbat) ubuntu, Version: 24.04.4, Kernel: 6.8.0-139-generic
| Processor: AMD Ryzen Threadripper PRO 5965WX 24-Cores
| Cores: 24 | Logical Cores: 48
|---------------------------------------------------------------------------------------------|
| Total Memory (MB): 128634 | Free Memory: 99346
| Total Page/Swap (MB): 8191 | Free Page/Swap: 0
|---------------------------------------------------------------------------------------------|
2026-09-08T23:41:40Z [1,112ms] [Warning] [gpu.foundation.plugin] IOMMU is enabled.
2026-09-08T23:41:41Z [1,794ms] [Warning] [carb.windowing-glfw.plugin] GLFW initialization failed.
2026-09-08T23:41:41Z [1,794ms] [Warning] [carb] Failed to startup plugin carb.windowing-glfw.plugin (interfaces: [carb::windowing::IGLContext v1.0],[carb::windowing::IWindowing v1.5]) (impl: carb.windowing-glfw.plugin)
2026-09-08T23:41:41Z [1,811ms] [Warning] [carb.windowing-glfw.plugin] GLFW initialization failed.
2026-09-08T23:41:41Z [1,811ms] [Warning] [carb] Failed to startup plugin carb.windowing-glfw.plugin (interfaces: [carb::windowing::IGLContext v1.0],[carb::windowing::IWindowing v1.5]) (impl: carb.windowing-glfw.plugin)
2026-09-08T23:41:41Z [1,818ms] [Warning] [carb.windowing-glfw.plugin] GLFW initialization failed.
2026-09-08T23:41:41Z [1,818ms] [Warning] [carb] Failed to startup plugin carb.windowing-glfw.plugin (interfaces: [carb::windowing::IGLContext v1.0],[carb::windowing::IWindowing v1.5]) (impl: carb.windowing-glfw.plugin)
2026-09-08T23:41:41Z [1,828ms] [Warning] [carb.windowing-glfw.plugin] GLFW initialization failed.
2026-09-08T23:41:41Z [1,828ms] [Warning] [carb] Failed to startup plugin carb.windowing-glfw.plugin (interfaces: [carb::windowing::IGLContext v1.0],[carb::windowing::IWindowing v1.5]) (impl: carb.windowing-glfw.plugin)
2026-09-08T23:41:41Z [1,829ms] [Warning] [carb.windowing-glfw.plugin] GLFW initialization failed.
2026-09-08T23:41:41Z [1,829ms] [Warning] [carb] Failed to startup plugin carb.windowing-glfw.plugin (interfaces: [carb::windowing::IGLContext v1.0],[carb::windowing::IWindowing v1.5]) (impl: carb.windowing-glfw.plugin)
2026-09-08T23:41:41Z [1,830ms] [Warning] [carb.windowing-glfw.plugin] GLFW initialization failed.
2026-09-08T23:41:41Z [1,830ms] [Warning] [carb] Failed to startup plugin carb.windowing-glfw.plugin (interfaces: [carb::windowing::IGLContext v1.0],[carb::windowing::IWindowing v1.5]) (impl: carb.windowing-glfw.plugin)
2026-09-08T23:41:41Z [2,041ms] [Warning] [omni.log] Source: omni.hydra was already registered.
2026-09-08T23:41:41Z [2,415ms] [Warning] [carb] Acquiring non optional plugin interface which is not listed as dependency: [omni::physx::IPhysxBenchmarks v1.0] (plugin: <default plugin>), by client: omni.physics.physx.plugin. Add it to CARB_PLUGIN_IMPL_DEPS() macro of a client.
2026-09-08T23:41:41Z [2,426ms] [Warning] [omni.isaac.dynamic_control] omni.isaac.dynamic_control is deprecated as of Isaac Sim 4.5. No action is needed from end-users.
2026-09-08T23:41:45Z [5,813ms] [Warning] [pxr.Semantics] pxr.Semantics is deprecated - please use Semantics instead
2026-09-08T23:41:45Z [5,921ms] [Warning] [omni.graph.core.plugin] Found duplicate of category 'Replicator' - was 'Annotators', adding 'Fabric Reader'
2026-09-08T23:41:45Z [5,921ms] [Warning] [omni.graph.core.plugin] Category 'Replicator' not accepted on node type 'omni.replicator.core.FabricReader' in extension 'omni.replicator.core'
2026-09-08T23:41:45Z [5,922ms] [Warning] [omni.replicator.core.scripts.extension] No material configuration file, adding configuration to material settings directly.
[INFO][AppLauncher]: Using device: cuda:0
[INFO][AppLauncher]: Loading experience file: /scratch2/dima/IsaacLab/apps/isaaclab.python.headless.rendering.kit
[sim] dt=0.01 decimation=1 -> control_dt=10.0 ms (100 Hz)
[env] gym.make Isaac-Drone-Warehouse-Gates-Vision-Crazyflie-Play-WithSensors-Coll-v0

[36m===================================================================================================================================================================[0m
[36m[1m[INFO][IsaacLab]: Logging to file: /scratch/agustin/xpurt-dev-sync/results/codesign_feedback/strengthen_campaign/tmp/isaaclab/logs/isaaclab_2026-09-08_16-41-53.log[0m
[36m===================================================================================================================================================================[0m

[33m16:41:53 [simulation_context.py] WARNING: The `enable_external_forces_every_iteration` parameter in the PhysxCfg is set to False. If you are experiencing noisy velocities, consider enabling this flag. You may need to slightly increase the number of velocity iterations (setting it to 1 or 2 rather than 0), together with this flag, to improve the accuracy of velocity updates.[0m
[INFO]: Base environment:
	Environment device    : cuda:0
	Environment seed      : None
	Physics step-size     : 0.01
	Rendering step-size   : 0.01
	Environment step-size : 0.01
[INFO]: Time taken for scene creation : 12.830632 seconds
[INFO]: Scene manager:  <class InteractiveScene>
	Number of environments: 1
	Environment spacing   : 40.0
	Source prim name      : /World/envs/env_0
	Global prim paths     : []
	Replicate physics     : True
[INFO]: Starting the simulation. This may take a few seconds. Please wait...
[INFO]: Time taken for simulation start : 25.851159 seconds
[INFO] Command Manager:  <CommandManager> contains 1 active terms.
+---------------------------------------+
|          Active Command Terms         |
+-------+------+------------------------+
| Index | Name |          Type          |
+-------+------+------------------------+
|   0   | goal | FixedGateCourseCommand |
+-------+------+------------------------+

[INFO] Event Manager:  <EventManager> contains 2 active terms.
+------------------------------------+
| Active Event Terms in Mode: 'reset' |
+----------+-------------------------+
|  Index   | Name                    |
+----------+-------------------------+
|    0     | reset_base              |
|    1     | reset_obstacles         |
|    2     | randomize_light         |
+----------+-------------------------+
+-------------------------------------------------+
|      Active Event Terms in Mode: 'interval'     |
+-------+---------------+-------------------------+
| Index | Name          | Interval time range (s) |
+-------+---------------+-------------------------+
|   0   | move_people   |        (0.0, 0.0)       |
|   1   | move_forklift |        (0.0, 0.0)       |
+-------+---------------+-------------------------+

[INFO] Recorder Manager:  <RecorderManager> contains 0 active terms.
+---------------------+
| Active Recorder Terms |
+-----------+---------+
|   Index   | Name    |
+-----------+---------+
+-----------+---------+

[INFO] Action Manager:  <ActionManager> contains 1 active terms.
+-----------------------------------+
|   Active Action Terms (shape: 4)  |
+--------+------------+-------------+
| Index  | Name       |   Dimension |
+--------+------------+-------------+
|   0    | velocity   |           4 |
+--------+------------+-------------+

[INFO] Observation Manager: <ObservationManager> contains 1 groups.
+---------------------------------------------------------+
| Active Observation Terms in Group: 'policy' (shape: (33,)) |
+-----------+---------------------------------+-----------+
|   Index   | Name                            |   Shape   |
+-----------+---------------------------------+-----------+
|     0     | base_lin_vel                    |    (3,)   |
|     1     | base_ang_vel                    |    (3,)   |
|     2     | projected_gravity               |    (3,)   |
|     3     | base_height                     |    (1,)   |
|     4     | goal                            |    (4,)   |
|     5     | obstacles                       |   (15,)   |
|     6     | last_action                     |    (4,)   |
+-----------+---------------------------------+-----------+

[INFO] Termination Manager:  <TerminationManager> contains 3 active terms.
+---------------------------------+
|     Active Termination Terms    |
+-------+--------------+----------+
| Index | Name         | Time Out |
+-------+--------------+----------+
|   0   | time_out     |   True   |
|   1   | crash_ground |  False   |
|   2   | collision    |  False   |
+-------+--------------+----------+

[INFO] Reward Manager:  <RewardManager> contains 5 active terms.
+---------------------------------+
|       Active Reward Terms       |
+-------+----------------+--------+
| Index | Name           | Weight |
+-------+----------------+--------+
|   0   | navigation     |    1.0 |
|   1   | gate_pass      |   20.0 |
|   2   | course_done    |    5.0 |
|   3   | collision      | -100.0 |
|   4   | success_metric |    1.0 |
+-------+----------------+--------+

[INFO] Curriculum Manager:  <CurriculumManager> contains 1 active terms.
+---------------------------+
|  Active Curriculum Terms  |
+--------+------------------+
| Index  | Name             |
+--------+------------------+
|   0    | obstacle_count   |
+--------+------------------+

[INFO]: Completed setting up the environment...
[sched] latency=18.0 ms, control_dt=10.0 ms -> refresh every 2 step(s) (50 Hz effective command rate)
[percep] latency=0.0 ms -> delay 0 step(s) (act on perception 0.0 ms old)
[nav] FusedSensorNet out_dim=2 vision=cnn loaded: /scratch/agustin/projects/DIMA/XPU-RT/sims/models/warehouse/nav_fused_v12_cnn.pt
[ctrl] actor arch inferred from ckpt: [16, 256, 128, 64, 4]
[ctrl] RL/MLP controller loaded: /scratch/agustin/projects/DIMA/XPU-RT/sims/models/warehouse/rl_controller_velctrl_dr4.pt (moment_scale=0.0055)
[yolo] warehouse detector loaded: /scratch/agustin/projects/DIMA/XPU-RT/sims/models/warehouse/yolov8n_gate_person_128x192.pt
[demo] hid 132 roof prims for the overhead view
[demo] overhead K fx=849.3 cx=640.0  pos=[         -8        13.5          13]  quat=[          0       0.707       0.707          -0]
[demo] FIXED iso cam eye=[        -13        -0.5          13] -> center=[         -8        13.5           2] (offset (-5.0, -14.0, 11.0))
[gantt] embedded XPU-RT schedule: /scratch2/agustin/XPU-RT/schedules/scheduled_networks_k1_live_stack_cpsat_profiled.json (333 dispatches, makespan 90.0 ms)
[term] ep00 seed=1000 terms=collision -> crash/clip
[ep00] seed=1000 outcome=crash     gates=3/4 steps=948 crash_type=clip
[term] ep01 seed=1001 terms=collision -> crash/clip
[ep01] seed=1001 outcome=crash     gates=1/4 steps=492 crash_type=clip
[ep02] seed=1002 outcome=timeout   gates=1/4 steps=1800 crash_type=-
[term] ep03 seed=1003 terms=collision -> crash/clip
[ep03] seed=1003 outcome=crash     gates=1/4 steps=450 crash_type=clip
[ep04] seed=1004 outcome=success   gates=4/4 steps=1224 crash_type=-
[term] ep05 seed=1005 terms=collision -> crash/clip
[ep05] seed=1005 outcome=crash     gates=3/4 steps=1074 crash_type=clip
[term] ep06 seed=1006 terms=collision -> crash/clip
[ep06] seed=1006 outcome=crash     gates=2/4 steps=1700 crash_type=clip
[term] ep07 seed=1007 terms=collision -> crash/clip
[ep07] seed=1007 outcome=crash     gates=0/4 steps=395 crash_type=clip
[term] ep08 seed=1008 terms=collision -> crash/clip
[ep08] seed=1008 outcome=crash     gates=1/4 steps=412 crash_type=clip
[term] ep09 seed=1009 terms=collision -> crash/clip
[ep09] seed=1009 outcome=crash     gates=1/4 steps=229 crash_type=clip
[term] ep10 seed=1010 terms=collision -> crash/clip
[ep10] seed=1010 outcome=crash     gates=0/4 steps=416 crash_type=clip
[ep11] seed=1011 outcome=success   gates=4/4 steps=1269 crash_type=-
[SWEEP] ms=0.0055 cruise=1.2 walk=0.0 hold=0.0 SUCCESS 2/12 clip=9 ground=0  s1000:cras(3/4,948,clip) s1001:cras(1/4,492,clip) s1002:time(1/4,1800,-) s1003:cras(1/4,450,clip) s1004:succ(4/4,1224,-) s1005:cras(3/4,1074,clip) s1006:cras(2/4,1700,clip) s1007:cras(0/4,395,clip) s1008:cras(1/4,412,clip) s1009:cras(1/4,229,clip) s1010:cras(0/4,416,clip) s1011:succ(4/4,1269,-)
[SWEEP-CSV] appended 12 rows -> /scratch/agustin/xpurt-dev-sync/results/codesign_feedback/hil_ablation_v2.csv
[out] wrote out/v12_crowded_sensor_demo.mp4
Loading user config located at: '/scratch2/agustin/miniforge3/envs/env_isaaclab/lib/python3.11/site-packages/isaacsim/kit/data/Kit/Isaac-Sim/5.1/user.config.json'
[Info] [carb] Logging to file: /scratch2/agustin/miniforge3/envs/env_isaaclab/lib/python3.11/site-packages/isaacsim/kit/logs/Kit/Isaac-Sim/5.1/kit_20260908_165442.log
2026-09-08T23:54:42Z [296ms] [Warning] [carb.windowing-glfw.plugin] GLFW initialization failed.
2026-09-08T23:54:42Z [296ms] [Warning] [carb] Failed to startup plugin carb.windowing-glfw.plugin (interfaces: [carb::windowing::IGLContext v1.0],[carb::windowing::IWindowing v1.5]) (impl: carb.windowing-glfw.plugin)
2026-09-08T23:54:42Z [325ms] [Warning] [omni.platforminfo.plugin] failed to open the default display.  Can't verify X Server version.

|---------------------------------------------------------------------------------------------|
| Driver Version: 560.35.05     | Graphics API: Vulkan
|=============================================================================================|
| GPU | Name                             | Active | LDA | GPU Memory | Vendor-ID | LUID       |
|     |                                  |        |     |            | Device-ID | UUID       |
|     |                                  |        |     |            | Bus-ID    |            |
|---------------------------------------------------------------------------------------------|
| 0   | NVIDIA TITAN RTX                 | Yes: 0 |     | 24822   MB | 10de      | 0          |
|     |                                  |        |     |            | 1e02      | 61ac89bf.. |
|     |                                  |        |     |            | 41        |            |
|=============================================================================================|
| OS: 24.04.4 LTS (Noble Numbat) ubuntu, Version: 24.04.4, Kernel: 6.8.0-139-generic
| Processor: AMD Ryzen Threadripper PRO 5965WX 24-Cores
| Cores: 24 | Logical Cores: 48
|---------------------------------------------------------------------------------------------|
| Total Memory (MB): 128634 | Free Memory: 98976
| Total Page/Swap (MB): 8191 | Free Page/Swap: 0
|---------------------------------------------------------------------------------------------|
2026-09-08T23:54:43Z [1,166ms] [Warning] [gpu.foundation.plugin] IOMMU is enabled.
2026-09-08T23:54:44Z [1,909ms] [Warning] [carb.windowing-glfw.plugin] GLFW initialization failed.
2026-09-08T23:54:44Z [1,909ms] [Warning] [carb] Failed to startup plugin carb.windowing-glfw.plugin (interfaces: [carb::windowing::IGLContext v1.0],[carb::windowing::IWindowing v1.5]) (impl: carb.windowing-glfw.plugin)
2026-09-08T23:54:44Z [1,925ms] [Warning] [carb.windowing-glfw.plugin] GLFW initialization failed.
2026-09-08T23:54:44Z [1,926ms] [Warning] [carb] Failed to startup plugin carb.windowing-glfw.plugin (interfaces: [carb::windowing::IGLContext v1.0],[carb::windowing::IWindowing v1.5]) (impl: carb.windowing-glfw.plugin)
2026-09-08T23:54:44Z [1,933ms] [Warning] [carb.windowing-glfw.plugin] GLFW initialization failed.
2026-09-08T23:54:44Z [1,933ms] [Warning] [carb] Failed to startup plugin carb.windowing-glfw.plugin (interfaces: [carb::windowing::IGLContext v1.0],[carb::windowing::IWindowing v1.5]) (impl: carb.windowing-glfw.plugin)
2026-09-08T23:54:44Z [1,945ms] [Warning] [carb.windowing-glfw.plugin] GLFW initialization failed.
2026-09-08T23:54:44Z [1,945ms] [Warning] [carb] Failed to startup plugin carb.windowing-glfw.plugin (interfaces: [carb::windowing::IGLContext v1.0],[carb::windowing::IWindowing v1.5]) (impl: carb.windowing-glfw.plugin)
2026-09-08T23:54:44Z [1,946ms] [Warning] [carb.windowing-glfw.plugin] GLFW initialization failed.
2026-09-08T23:54:44Z [1,946ms] [Warning] [carb] Failed to startup plugin carb.windowing-glfw.plugin (interfaces: [carb::windowing::IGLContext v1.0],[carb::windowing::IWindowing v1.5]) (impl: carb.windowing-glfw.plugin)
2026-09-08T23:54:44Z [1,947ms] [Warning] [carb.windowing-glfw.plugin] GLFW initialization failed.
2026-09-08T23:54:44Z [1,947ms] [Warning] [carb] Failed to startup plugin carb.windowing-glfw.plugin (interfaces: [carb::windowing::IGLContext v1.0],[carb::windowing::IWindowing v1.5]) (impl: carb.windowing-glfw.plugin)
2026-09-08T23:54:44Z [2,174ms] [Warning] [omni.log] Source: omni.hydra was already registered.
2026-09-08T23:54:45Z [2,593ms] [Warning] [carb] Acquiring non optional plugin interface which is not listed as dependency: [omni::physx::IPhysxBenchmarks v1.0] (plugin: <default plugin>), by client: omni.physics.physx.plugin. Add it to CARB_PLUGIN_IMPL_DEPS() macro of a client.
2026-09-08T23:54:45Z [2,607ms] [Warning] [omni.isaac.dynamic_control] omni.isaac.dynamic_control is deprecated as of Isaac Sim 4.5. No action is needed from end-users.
2026-09-08T23:54:48Z [6,279ms] [Warning] [pxr.Semantics] pxr.Semantics is deprecated - please use Semantics instead
2026-09-08T23:54:49Z [6,389ms] [Warning] [omni.graph.core.plugin] Found duplicate of category 'Replicator' - was 'Annotators', adding 'Fabric Reader'
2026-09-08T23:54:49Z [6,389ms] [Warning] [omni.graph.core.plugin] Category 'Replicator' not accepted on node type 'omni.replicator.core.FabricReader' in extension 'omni.replicator.core'
2026-09-08T23:54:49Z [6,390ms] [Warning] [omni.replicator.core.scripts.extension] No material configuration file, adding configuration to material settings directly.
[INFO][AppLauncher]: Using device: cuda:0
[INFO][AppLauncher]: Loading experience file: /scratch2/dima/IsaacLab/apps/isaaclab.python.headless.rendering.kit
[sim] dt=0.01 decimation=1 -> control_dt=10.0 ms (100 Hz)
[env] gym.make Isaac-Drone-Warehouse-Gates-Vision-Crazyflie-Play-WithSensors-Coll-v0

[36m===================================================================================================================================================================[0m
[36m[1m[INFO][IsaacLab]: Logging to file: /scratch/agustin/xpurt-dev-sync/results/codesign_feedback/strengthen_campaign/tmp/isaaclab/logs/isaaclab_2026-09-08_16-54-58.log[0m
[36m===================================================================================================================================================================[0m

[33m16:54:58 [simulation_context.py] WARNING: The `enable_external_forces_every_iteration` parameter in the PhysxCfg is set to False. If you are experiencing noisy velocities, consider enabling this flag. You may need to slightly increase the number of velocity iterations (setting it to 1 or 2 rather than 0), together with this flag, to improve the accuracy of velocity updates.[0m
[INFO]: Base environment:
	Environment device    : cuda:0
	Environment seed      : None
	Physics step-size     : 0.01
	Rendering step-size   : 0.01
	Environment step-size : 0.01
[INFO]: Time taken for scene creation : 13.247408 seconds
[INFO]: Scene manager:  <class InteractiveScene>
	Number of environments: 1
	Environment spacing   : 40.0
	Source prim name      : /World/envs/env_0
	Global prim paths     : []
	Replicate physics     : True
[INFO]: Starting the simulation. This may take a few seconds. Please wait...
[INFO]: Time taken for simulation start : 26.805073 seconds
[INFO] Command Manager:  <CommandManager> contains 1 active terms.
+---------------------------------------+
|          Active Command Terms         |
+-------+------+------------------------+
| Index | Name |          Type          |
+-------+------+------------------------+
|   0   | goal | FixedGateCourseCommand |
+-------+------+------------------------+

[INFO] Event Manager:  <EventManager> contains 2 active terms.
+------------------------------------+
| Active Event Terms in Mode: 'reset' |
+----------+-------------------------+
|  Index   | Name                    |
+----------+-------------------------+
|    0     | reset_base              |
|    1     | reset_obstacles         |
|    2     | randomize_light         |
+----------+-------------------------+
+-------------------------------------------------+
|      Active Event Terms in Mode: 'interval'     |
+-------+---------------+-------------------------+
| Index | Name          | Interval time range (s) |
+-------+---------------+-------------------------+
|   0   | move_people   |        (0.0, 0.0)       |
|   1   | move_forklift |        (0.0, 0.0)       |
+-------+---------------+-------------------------+

[INFO] Recorder Manager:  <RecorderManager> contains 0 active terms.
+---------------------+
| Active Recorder Terms |
+-----------+---------+
|   Index   | Name    |
+-----------+---------+
+-----------+---------+

[INFO] Action Manager:  <ActionManager> contains 1 active terms.
+-----------------------------------+
|   Active Action Terms (shape: 4)  |
+--------+------------+-------------+
| Index  | Name       |   Dimension |
+--------+------------+-------------+
|   0    | velocity   |           4 |
+--------+------------+-------------+

[INFO] Observation Manager: <ObservationManager> contains 1 groups.
+---------------------------------------------------------+
| Active Observation Terms in Group: 'policy' (shape: (33,)) |
+-----------+---------------------------------+-----------+
|   Index   | Name                            |   Shape   |
+-----------+---------------------------------+-----------+
|     0     | base_lin_vel                    |    (3,)   |
|     1     | base_ang_vel                    |    (3,)   |
|     2     | projected_gravity               |    (3,)   |
|     3     | base_height                     |    (1,)   |
|     4     | goal                            |    (4,)   |
|     5     | obstacles                       |   (15,)   |
|     6     | last_action                     |    (4,)   |
+-----------+---------------------------------+-----------+

[INFO] Termination Manager:  <TerminationManager> contains 3 active terms.
+---------------------------------+
|     Active Termination Terms    |
+-------+--------------+----------+
| Index | Name         | Time Out |
+-------+--------------+----------+
|   0   | time_out     |   True   |
|   1   | crash_ground |  False   |
|   2   | collision    |  False   |
+-------+--------------+----------+

[INFO] Reward Manager:  <RewardManager> contains 5 active terms.
+---------------------------------+
|       Active Reward Terms       |
+-------+----------------+--------+
| Index | Name           | Weight |
+-------+----------------+--------+
|   0   | navigation     |    1.0 |
|   1   | gate_pass      |   20.0 |
|   2   | course_done    |    5.0 |
|   3   | collision      | -100.0 |
|   4   | success_metric |    1.0 |
+-------+----------------+--------+

[INFO] Curriculum Manager:  <CurriculumManager> contains 1 active terms.
+---------------------------+
|  Active Curriculum Terms  |
+--------+------------------+
| Index  | Name             |
+--------+------------------+
|   0    | obstacle_count   |
+--------+------------------+

[INFO]: Completed setting up the environment...
[sched] latency=28.0 ms, control_dt=10.0 ms -> refresh every 3 step(s) (33 Hz effective command rate)
[percep] latency=0.0 ms -> delay 0 step(s) (act on perception 0.0 ms old)
[nav] FusedSensorNet out_dim=2 vision=cnn loaded: /scratch/agustin/projects/DIMA/XPU-RT/sims/models/warehouse/nav_fused_v12_cnn.pt
[ctrl] actor arch inferred from ckpt: [16, 256, 128, 64, 4]
[ctrl] RL/MLP controller loaded: /scratch/agustin/projects/DIMA/XPU-RT/sims/models/warehouse/rl_controller_velctrl_dr4.pt (moment_scale=0.0055)
[yolo] warehouse detector loaded: /scratch/agustin/projects/DIMA/XPU-RT/sims/models/warehouse/yolov8n_gate_person_128x192.pt
[demo] hid 132 roof prims for the overhead view
[demo] overhead K fx=849.3 cx=640.0  pos=[         -8        13.5          13]  quat=[          0       0.707       0.707          -0]
[demo] FIXED iso cam eye=[        -13        -0.5          13] -> center=[         -8        13.5           2] (offset (-5.0, -14.0, 11.0))
[gantt] embedded XPU-RT schedule: /scratch2/agustin/XPU-RT/schedules/scheduled_networks_k1_live_stack_cpsat_profiled.json (333 dispatches, makespan 90.0 ms)
[term] ep00 seed=1000 terms=collision -> crash/clip
[ep00] seed=1000 outcome=crash     gates=2/4 steps=779 crash_type=clip
[ep01] seed=1001 outcome=success   gates=4/4 steps=1278 crash_type=-
[ep02] seed=1002 outcome=success   gates=4/4 steps=1287 crash_type=-
[ep03] seed=1003 outcome=success   gates=4/4 steps=1328 crash_type=-
[ep04] seed=1004 outcome=success   gates=4/4 steps=1329 crash_type=-
[term] ep05 seed=1005 terms=collision -> crash/clip
[ep05] seed=1005 outcome=crash     gates=1/4 steps=487 crash_type=clip
[term] ep06 seed=1006 terms=collision -> crash/clip
[ep06] seed=1006 outcome=crash     gates=1/4 steps=524 crash_type=clip
[term] ep07 seed=1007 terms=collision -> crash/clip
[ep07] seed=1007 outcome=crash     gates=1/4 steps=444 crash_type=clip
[ep08] seed=1008 outcome=success   gates=4/4 steps=1253 crash_type=-
[term] ep09 seed=1009 terms=collision -> crash/clip
[ep09] seed=1009 outcome=crash     gates=1/4 steps=247 crash_type=clip
[term] ep10 seed=1010 terms=collision -> crash/clip
[ep10] seed=1010 outcome=crash     gates=3/4 steps=1108 crash_type=clip
[ep11] seed=1011 outcome=success   gates=4/4 steps=1290 crash_type=-
[SWEEP] ms=0.0055 cruise=1.2 walk=0.0 hold=0.0 SUCCESS 6/12 clip=6 ground=0  s1000:cras(2/4,779,clip) s1001:succ(4/4,1278,-) s1002:succ(4/4,1287,-) s1003:succ(4/4,1328,-) s1004:succ(4/4,1329,-) s1005:cras(1/4,487,clip) s1006:cras(1/4,524,clip) s1007:cras(1/4,444,clip) s1008:succ(4/4,1253,-) s1009:cras(1/4,247,clip) s1010:cras(3/4,1108,clip) s1011:succ(4/4,1290,-)
[SWEEP-CSV] appended 12 rows -> /scratch/agustin/xpurt-dev-sync/results/codesign_feedback/hil_ablation_v2.csv
[out] wrote out/v12_crowded_sensor_demo.mp4
Loading user config located at: '/scratch2/agustin/miniforge3/envs/env_isaaclab/lib/python3.11/site-packages/isaacsim/kit/data/Kit/Isaac-Sim/5.1/user.config.json'
[Info] [carb] Logging to file: /scratch2/agustin/miniforge3/envs/env_isaaclab/lib/python3.11/site-packages/isaacsim/kit/logs/Kit/Isaac-Sim/5.1/kit_20260908_170916.log
2026-09-09T00:09:16Z [545ms] [Warning] [carb.windowing-glfw.plugin] GLFW initialization failed.
2026-09-09T00:09:16Z [545ms] [Warning] [carb] Failed to startup plugin carb.windowing-glfw.plugin (interfaces: [carb::windowing::IGLContext v1.0],[carb::windowing::IWindowing v1.5]) (impl: carb.windowing-glfw.plugin)
2026-09-09T00:09:16Z [573ms] [Warning] [omni.platforminfo.plugin] failed to open the default display.  Can't verify X Server version.

|---------------------------------------------------------------------------------------------|
| Driver Version: 560.35.05     | Graphics API: Vulkan
|=============================================================================================|
| GPU | Name                             | Active | LDA | GPU Memory | Vendor-ID | LUID       |
|     |                                  |        |     |            | Device-ID | UUID       |
|     |                                  |        |     |            | Bus-ID    |            |
|---------------------------------------------------------------------------------------------|
| 0   | NVIDIA TITAN RTX                 | Yes: 0 |     | 24822   MB | 10de      | 0          |
|     |                                  |        |     |            | 1e02      | 61ac89bf.. |
|     |                                  |        |     |            | 41        |            |
|=============================================================================================|
| OS: 24.04.4 LTS (Noble Numbat) ubuntu, Version: 24.04.4, Kernel: 6.8.0-139-generic
| Processor: AMD Ryzen Threadripper PRO 5965WX 24-Cores
| Cores: 24 | Logical Cores: 48
|---------------------------------------------------------------------------------------------|
| Total Memory (MB): 128634 | Free Memory: 98942
| Total Page/Swap (MB): 8191 | Free Page/Swap: 0
|---------------------------------------------------------------------------------------------|
2026-09-09T00:09:17Z [1,367ms] [Warning] [gpu.foundation.plugin] IOMMU is enabled.
2026-09-09T00:09:18Z [2,210ms] [Warning] [carb.windowing-glfw.plugin] GLFW initialization failed.
2026-09-09T00:09:18Z [2,210ms] [Warning] [carb] Failed to startup plugin carb.windowing-glfw.plugin (interfaces: [carb::windowing::IGLContext v1.0],[carb::windowing::IWindowing v1.5]) (impl: carb.windowing-glfw.plugin)
2026-09-09T00:09:18Z [2,231ms] [Warning] [carb.windowing-glfw.plugin] GLFW initialization failed.
2026-09-09T00:09:18Z [2,231ms] [Warning] [carb] Failed to startup plugin carb.windowing-glfw.plugin (interfaces: [carb::windowing::IGLContext v1.0],[carb::windowing::IWindowing v1.5]) (impl: carb.windowing-glfw.plugin)
2026-09-09T00:09:18Z [2,239ms] [Warning] [carb.windowing-glfw.plugin] GLFW initialization failed.
2026-09-09T00:09:18Z [2,239ms] [Warning] [carb] Failed to startup plugin carb.windowing-glfw.plugin (interfaces: [carb::windowing::IGLContext v1.0],[carb::windowing::IWindowing v1.5]) (impl: carb.windowing-glfw.plugin)
2026-09-09T00:09:18Z [2,253ms] [Warning] [carb.windowing-glfw.plugin] GLFW initialization failed.
2026-09-09T00:09:18Z [2,253ms] [Warning] [carb] Failed to startup plugin carb.windowing-glfw.plugin (interfaces: [carb::windowing::IGLContext v1.0],[carb::windowing::IWindowing v1.5]) (impl: carb.windowing-glfw.plugin)
2026-09-09T00:09:18Z [2,254ms] [Warning] [carb.windowing-glfw.plugin] GLFW initialization failed.
2026-09-09T00:09:18Z [2,254ms] [Warning] [carb] Failed to startup plugin carb.windowing-glfw.plugin (interfaces: [carb::windowing::IGLContext v1.0],[carb::windowing::IWindowing v1.5]) (impl: carb.windowing-glfw.plugin)
2026-09-09T00:09:18Z [2,255ms] [Warning] [carb.windowing-glfw.plugin] GLFW initialization failed.
2026-09-09T00:09:18Z [2,255ms] [Warning] [carb] Failed to startup plugin carb.windowing-glfw.plugin (interfaces: [carb::windowing::IGLContext v1.0],[carb::windowing::IWindowing v1.5]) (impl: carb.windowing-glfw.plugin)
2026-09-09T00:09:18Z [2,516ms] [Warning] [omni.log] Source: omni.hydra was already registered.
2026-09-09T00:09:19Z [3,000ms] [Warning] [carb] Acquiring non optional plugin interface which is not listed as dependency: [omni::physx::IPhysxBenchmarks v1.0] (plugin: <default plugin>), by client: omni.physics.physx.plugin. Add it to CARB_PLUGIN_IMPL_DEPS() macro of a client.
2026-09-09T00:09:19Z [3,016ms] [Warning] [omni.isaac.dynamic_control] omni.isaac.dynamic_control is deprecated as of Isaac Sim 4.5. No action is needed from end-users.
2026-09-09T00:09:23Z [7,324ms] [Warning] [pxr.Semantics] pxr.Semantics is deprecated - please use Semantics instead
2026-09-09T00:09:23Z [7,505ms] [Warning] [omni.graph.core.plugin] Found duplicate of category 'Replicator' - was 'Annotators', adding 'Fabric Reader'
2026-09-09T00:09:23Z [7,505ms] [Warning] [omni.graph.core.plugin] Category 'Replicator' not accepted on node type 'omni.replicator.core.FabricReader' in extension 'omni.replicator.core'
2026-09-09T00:09:23Z [7,506ms] [Warning] [omni.replicator.core.scripts.extension] No material configuration file, adding configuration to material settings directly.
[INFO][AppLauncher]: Using device: cuda:0
[INFO][AppLauncher]: Loading experience file: /scratch2/dima/IsaacLab/apps/isaaclab.python.headless.rendering.kit
[sim] dt=0.01 decimation=1 -> control_dt=10.0 ms (100 Hz)
[env] gym.make Isaac-Drone-Warehouse-Gates-Vision-Crazyflie-Play-WithSensors-Coll-v0

[36m===================================================================================================================================================================[0m
[36m[1m[INFO][IsaacLab]: Logging to file: /scratch/agustin/xpurt-dev-sync/results/codesign_feedback/strengthen_campaign/tmp/isaaclab/logs/isaaclab_2026-09-08_17-09-33.log[0m
[36m===================================================================================================================================================================[0m

[33m17:09:33 [simulation_context.py] WARNING: The `enable_external_forces_every_iteration` parameter in the PhysxCfg is set to False. If you are experiencing noisy velocities, consider enabling this flag. You may need to slightly increase the number of velocity iterations (setting it to 1 or 2 rather than 0), together with this flag, to improve the accuracy of velocity updates.[0m
[INFO]: Base environment:
	Environment device    : cuda:0
	Environment seed      : None
	Physics step-size     : 0.01
	Rendering step-size   : 0.01
	Environment step-size : 0.01
[INFO]: Time taken for scene creation : 12.802335 seconds
[INFO]: Scene manager:  <class InteractiveScene>
	Number of environments: 1
	Environment spacing   : 40.0
	Source prim name      : /World/envs/env_0
	Global prim paths     : []
	Replicate physics     : True
[INFO]: Starting the simulation. This may take a few seconds. Please wait...
[INFO]: Time taken for simulation start : 26.891591 seconds
[INFO] Command Manager:  <CommandManager> contains 1 active terms.
+---------------------------------------+
|          Active Command Terms         |
+-------+------+------------------------+
| Index | Name |          Type          |
+-------+------+------------------------+
|   0   | goal | FixedGateCourseCommand |
+-------+------+------------------------+

[INFO] Event Manager:  <EventManager> contains 2 active terms.
+------------------------------------+
| Active Event Terms in Mode: 'reset' |
+----------+-------------------------+
|  Index   | Name                    |
+----------+-------------------------+
|    0     | reset_base              |
|    1     | reset_obstacles         |
|    2     | randomize_light         |
+----------+-------------------------+
+-------------------------------------------------+
|      Active Event Terms in Mode: 'interval'     |
+-------+---------------+-------------------------+
| Index | Name          | Interval time range (s) |
+-------+---------------+-------------------------+
|   0   | move_people   |        (0.0, 0.0)       |
|   1   | move_forklift |        (0.0, 0.0)       |
+-------+---------------+-------------------------+

[INFO] Recorder Manager:  <RecorderManager> contains 0 active terms.
+---------------------+
| Active Recorder Terms |
+-----------+---------+
|   Index   | Name    |
+-----------+---------+
+-----------+---------+

[INFO] Action Manager:  <ActionManager> contains 1 active terms.
+-----------------------------------+
|   Active Action Terms (shape: 4)  |
+--------+------------+-------------+
| Index  | Name       |   Dimension |
+--------+------------+-------------+
|   0    | velocity   |           4 |
+--------+------------+-------------+

[INFO] Observation Manager: <ObservationManager> contains 1 groups.
+---------------------------------------------------------+
| Active Observation Terms in Group: 'policy' (shape: (33,)) |
+-----------+---------------------------------+-----------+
|   Index   | Name                            |   Shape   |
+-----------+---------------------------------+-----------+
|     0     | base_lin_vel                    |    (3,)   |
|     1     | base_ang_vel                    |    (3,)   |
|     2     | projected_gravity               |    (3,)   |
|     3     | base_height                     |    (1,)   |
|     4     | goal                            |    (4,)   |
|     5     | obstacles                       |   (15,)   |
|     6     | last_action                     |    (4,)   |
+-----------+---------------------------------+-----------+

[INFO] Termination Manager:  <TerminationManager> contains 3 active terms.
+---------------------------------+
|     Active Termination Terms    |
+-------+--------------+----------+
| Index | Name         | Time Out |
+-------+--------------+----------+
|   0   | time_out     |   True   |
|   1   | crash_ground |  False   |
|   2   | collision    |  False   |
+-------+--------------+----------+

[INFO] Reward Manager:  <RewardManager> contains 5 active terms.
+---------------------------------+
|       Active Reward Terms       |
+-------+----------------+--------+
| Index | Name           | Weight |
+-------+----------------+--------+
|   0   | navigation     |    1.0 |
|   1   | gate_pass      |   20.0 |
|   2   | course_done    |    5.0 |
|   3   | collision      | -100.0 |
|   4   | success_metric |    1.0 |
+-------+----------------+--------+

[INFO] Curriculum Manager:  <CurriculumManager> contains 1 active terms.
+---------------------------+
|  Active Curriculum Terms  |
+--------+------------------+
| Index  | Name             |
+--------+------------------+
|   0    | obstacle_count   |
+--------+------------------+

[INFO]: Completed setting up the environment...
[sched] latency=38.0 ms, control_dt=10.0 ms -> refresh every 4 step(s) (25 Hz effective command rate)
[percep] latency=0.0 ms -> delay 0 step(s) (act on perception 0.0 ms old)
[nav] FusedSensorNet out_dim=2 vision=cnn loaded: /scratch/agustin/projects/DIMA/XPU-RT/sims/models/warehouse/nav_fused_v12_cnn.pt
[ctrl] actor arch inferred from ckpt: [16, 256, 128, 64, 4]
[ctrl] RL/MLP controller loaded: /scratch/agustin/projects/DIMA/XPU-RT/sims/models/warehouse/rl_controller_velctrl_dr4.pt (moment_scale=0.0055)
[yolo] warehouse detector loaded: /scratch/agustin/projects/DIMA/XPU-RT/sims/models/warehouse/yolov8n_gate_person_128x192.pt
[demo] hid 132 roof prims for the overhead view
[demo] overhead K fx=849.3 cx=640.0  pos=[         -8        13.5          13]  quat=[          0       0.707       0.707          -0]
[demo] FIXED iso cam eye=[        -13        -0.5          13] -> center=[         -8        13.5           2] (offset (-5.0, -14.0, 11.0))
[gantt] embedded XPU-RT schedule: /scratch2/agustin/XPU-RT/schedules/scheduled_networks_k1_live_stack_cpsat_profiled.json (333 dispatches, makespan 90.0 ms)
[term] ep00 seed=1000 terms=collision -> crash/clip
[ep00] seed=1000 outcome=crash     gates=3/4 steps=1111 crash_type=clip
[term] ep01 seed=1001 terms=collision -> crash/clip
[ep01] seed=1001 outcome=crash     gates=1/4 steps=284 crash_type=clip
[ep02] seed=1002 outcome=success   gates=4/4 steps=1347 crash_type=-
[term] ep03 seed=1003 terms=collision -> crash/clip
[ep03] seed=1003 outcome=crash     gates=2/4 steps=687 crash_type=clip
[term] ep04 seed=1004 terms=collision -> crash/clip
[ep04] seed=1004 outcome=crash     gates=1/4 steps=468 crash_type=clip
[term] ep05 seed=1005 terms=collision -> crash/clip
[ep05] seed=1005 outcome=crash     gates=1/4 steps=482 crash_type=clip
[term] ep06 seed=1006 terms=collision -> crash/clip
[ep06] seed=1006 outcome=crash     gates=2/4 steps=705 crash_type=clip
[term] ep07 seed=1007 terms=collision -> crash/clip
[ep07] seed=1007 outcome=crash     gates=2/4 steps=661 crash_type=clip
[term] ep08 seed=1008 terms=collision -> crash/clip
[ep08] seed=1008 outcome=crash     gates=3/4 steps=1110 crash_type=clip
[term] ep09 seed=1009 terms=collision -> crash/clip
[ep09] seed=1009 outcome=crash     gates=1/4 steps=369 crash_type=clip
[term] ep10 seed=1010 terms=collision -> crash/clip
[ep10] seed=1010 outcome=crash     gates=1/4 steps=1315 crash_type=clip
[term] ep11 seed=1011 terms=collision -> crash/clip
[ep11] seed=1011 outcome=crash     gates=2/4 steps=661 crash_type=clip
[SWEEP] ms=0.0055 cruise=1.2 walk=0.0 hold=0.0 SUCCESS 1/12 clip=11 ground=0  s1000:cras(3/4,1111,clip) s1001:cras(1/4,284,clip) s1002:succ(4/4,1347,-) s1003:cras(2/4,687,clip) s1004:cras(1/4,468,clip) s1005:cras(1/4,482,clip) s1006:cras(2/4,705,clip) s1007:cras(2/4,661,clip) s1008:cras(3/4,1110,clip) s1009:cras(1/4,369,clip) s1010:cras(1/4,1315,clip) s1011:cras(2/4,661,clip)
[SWEEP-CSV] appended 12 rows -> /scratch/agustin/xpurt-dev-sync/results/codesign_feedback/hil_ablation_v2.csv
[out] wrote out/v12_crowded_sensor_demo.mp4
Loading user config located at: '/scratch2/agustin/miniforge3/envs/env_isaaclab/lib/python3.11/site-packages/isaacsim/kit/data/Kit/Isaac-Sim/5.1/user.config.json'
[Info] [carb] Logging to file: /scratch2/agustin/miniforge3/envs/env_isaaclab/lib/python3.11/site-packages/isaacsim/kit/logs/Kit/Isaac-Sim/5.1/kit_20260908_172127.log
2026-09-09T00:21:28Z [214ms] [Warning] [carb.windowing-glfw.plugin] GLFW initialization failed.
2026-09-09T00:21:28Z [214ms] [Warning] [carb] Failed to startup plugin carb.windowing-glfw.plugin (interfaces: [carb::windowing::IGLContext v1.0],[carb::windowing::IWindowing v1.5]) (impl: carb.windowing-glfw.plugin)
2026-09-09T00:21:28Z [242ms] [Warning] [omni.platforminfo.plugin] failed to open the default display.  Can't verify X Server version.

|---------------------------------------------------------------------------------------------|
| Driver Version: 560.35.05     | Graphics API: Vulkan
|=============================================================================================|
| GPU | Name                             | Active | LDA | GPU Memory | Vendor-ID | LUID       |
|     |                                  |        |     |            | Device-ID | UUID       |
|     |                                  |        |     |            | Bus-ID    |            |
|---------------------------------------------------------------------------------------------|
| 0   | NVIDIA TITAN RTX                 | Yes: 0 |     | 24822   MB | 10de      | 0          |
|     |                                  |        |     |            | 1e02      | 61ac89bf.. |
|     |                                  |        |     |            | 41        |            |
|=============================================================================================|
| OS: 24.04.4 LTS (Noble Numbat) ubuntu, Version: 24.04.4, Kernel: 6.8.0-139-generic
| Processor: AMD Ryzen Threadripper PRO 5965WX 24-Cores
| Cores: 24 | Logical Cores: 48
|---------------------------------------------------------------------------------------------|
| Total Memory (MB): 128634 | Free Memory: 102843
| Total Page/Swap (MB): 8191 | Free Page/Swap: 0
|---------------------------------------------------------------------------------------------|
2026-09-09T00:21:28Z [1,030ms] [Warning] [gpu.foundation.plugin] IOMMU is enabled.
2026-09-09T00:21:29Z [1,728ms] [Warning] [carb.windowing-glfw.plugin] GLFW initialization failed.
2026-09-09T00:21:29Z [1,728ms] [Warning] [carb] Failed to startup plugin carb.windowing-glfw.plugin (interfaces: [carb::windowing::IGLContext v1.0],[carb::windowing::IWindowing v1.5]) (impl: carb.windowing-glfw.plugin)
2026-09-09T00:21:29Z [1,744ms] [Warning] [carb.windowing-glfw.plugin] GLFW initialization failed.
2026-09-09T00:21:29Z [1,744ms] [Warning] [carb] Failed to startup plugin carb.windowing-glfw.plugin (interfaces: [carb::windowing::IGLContext v1.0],[carb::windowing::IWindowing v1.5]) (impl: carb.windowing-glfw.plugin)
2026-09-09T00:21:29Z [1,751ms] [Warning] [carb.windowing-glfw.plugin] GLFW initialization failed.
2026-09-09T00:21:29Z [1,751ms] [Warning] [carb] Failed to startup plugin carb.windowing-glfw.plugin (interfaces: [carb::windowing::IGLContext v1.0],[carb::windowing::IWindowing v1.5]) (impl: carb.windowing-glfw.plugin)
2026-09-09T00:21:29Z [1,762ms] [Warning] [carb.windowing-glfw.plugin] GLFW initialization failed.
2026-09-09T00:21:29Z [1,762ms] [Warning] [carb] Failed to startup plugin carb.windowing-glfw.plugin (interfaces: [carb::windowing::IGLContext v1.0],[carb::windowing::IWindowing v1.5]) (impl: carb.windowing-glfw.plugin)
2026-09-09T00:21:29Z [1,763ms] [Warning] [carb.windowing-glfw.plugin] GLFW initialization failed.
2026-09-09T00:21:29Z [1,763ms] [Warning] [carb] Failed to startup plugin carb.windowing-glfw.plugin (interfaces: [carb::windowing::IGLContext v1.0],[carb::windowing::IWindowing v1.5]) (impl: carb.windowing-glfw.plugin)
2026-09-09T00:21:29Z [1,764ms] [Warning] [carb.windowing-glfw.plugin] GLFW initialization failed.
2026-09-09T00:21:29Z [1,764ms] [Warning] [carb] Failed to startup plugin carb.windowing-glfw.plugin (interfaces: [carb::windowing::IGLContext v1.0],[carb::windowing::IWindowing v1.5]) (impl: carb.windowing-glfw.plugin)
2026-09-09T00:21:29Z [1,968ms] [Warning] [omni.log] Source: omni.hydra was already registered.
2026-09-09T00:21:30Z [2,295ms] [Warning] [carb] Acquiring non optional plugin interface which is not listed as dependency: [omni::physx::IPhysxBenchmarks v1.0] (plugin: <default plugin>), by client: omni.physics.physx.plugin. Add it to CARB_PLUGIN_IMPL_DEPS() macro of a client.
2026-09-09T00:21:30Z [2,306ms] [Warning] [omni.isaac.dynamic_control] omni.isaac.dynamic_control is deprecated as of Isaac Sim 4.5. No action is needed from end-users.
2026-09-09T00:21:33Z [5,715ms] [Warning] [pxr.Semantics] pxr.Semantics is deprecated - please use Semantics instead
2026-09-09T00:21:33Z [5,859ms] [Warning] [omni.graph.core.plugin] Found duplicate of category 'Replicator' - was 'Annotators', adding 'Fabric Reader'
2026-09-09T00:21:33Z [5,859ms] [Warning] [omni.graph.core.plugin] Category 'Replicator' not accepted on node type 'omni.replicator.core.FabricReader' in extension 'omni.replicator.core'
2026-09-09T00:21:33Z [5,860ms] [Warning] [omni.replicator.core.scripts.extension] No material configuration file, adding configuration to material settings directly.
[INFO][AppLauncher]: Using device: cuda:0
[INFO][AppLauncher]: Loading experience file: /scratch2/dima/IsaacLab/apps/isaaclab.python.headless.rendering.kit
[sim] dt=0.01 decimation=1 -> control_dt=10.0 ms (100 Hz)
[env] gym.make Isaac-Drone-Warehouse-Gates-Vision-Crazyflie-Play-WithSensors-Coll-v0

[36m===================================================================================================================================================================[0m
[36m[1m[INFO][IsaacLab]: Logging to file: /scratch/agustin/xpurt-dev-sync/results/codesign_feedback/strengthen_campaign/tmp/isaaclab/logs/isaaclab_2026-09-08_17-21-42.log[0m
[36m===================================================================================================================================================================[0m

[33m17:21:42 [simulation_context.py] WARNING: The `enable_external_forces_every_iteration` parameter in the PhysxCfg is set to False. If you are experiencing noisy velocities, consider enabling this flag. You may need to slightly increase the number of velocity iterations (setting it to 1 or 2 rather than 0), together with this flag, to improve the accuracy of velocity updates.[0m
[INFO]: Base environment:
	Environment device    : cuda:0
	Environment seed      : None
	Physics step-size     : 0.01
	Rendering step-size   : 0.01
	Environment step-size : 0.01
[INFO]: Time taken for scene creation : 13.184853 seconds
[INFO]: Scene manager:  <class InteractiveScene>
	Number of environments: 1
	Environment spacing   : 40.0
	Source prim name      : /World/envs/env_0
	Global prim paths     : []
	Replicate physics     : True
[INFO]: Starting the simulation. This may take a few seconds. Please wait...
[INFO]: Time taken for simulation start : 28.527703 seconds
[INFO] Command Manager:  <CommandManager> contains 1 active terms.
+---------------------------------------+
|          Active Command Terms         |
+-------+------+------------------------+
| Index | Name |          Type          |
+-------+------+------------------------+
|   0   | goal | FixedGateCourseCommand |
+-------+------+------------------------+

[INFO] Event Manager:  <EventManager> contains 2 active terms.
+------------------------------------+
| Active Event Terms in Mode: 'reset' |
+----------+-------------------------+
|  Index   | Name                    |
+----------+-------------------------+
|    0     | reset_base              |
|    1     | reset_obstacles         |
|    2     | randomize_light         |
+----------+-------------------------+
+-------------------------------------------------+
|      Active Event Terms in Mode: 'interval'     |
+-------+---------------+-------------------------+
| Index | Name          | Interval time range (s) |
+-------+---------------+-------------------------+
|   0   | move_people   |        (0.0, 0.0)       |
|   1   | move_forklift |        (0.0, 0.0)       |
+-------+---------------+-------------------------+

[INFO] Recorder Manager:  <RecorderManager> contains 0 active terms.
+---------------------+
| Active Recorder Terms |
+-----------+---------+
|   Index   | Name    |
+-----------+---------+
+-----------+---------+

[INFO] Action Manager:  <ActionManager> contains 1 active terms.
+-----------------------------------+
|   Active Action Terms (shape: 4)  |
+--------+------------+-------------+
| Index  | Name       |   Dimension |
+--------+------------+-------------+
|   0    | velocity   |           4 |
+--------+------------+-------------+

[INFO] Observation Manager: <ObservationManager> contains 1 groups.
+---------------------------------------------------------+
| Active Observation Terms in Group: 'policy' (shape: (33,)) |
+-----------+---------------------------------+-----------+
|   Index   | Name                            |   Shape   |
+-----------+---------------------------------+-----------+
|     0     | base_lin_vel                    |    (3,)   |
|     1     | base_ang_vel                    |    (3,)   |
|     2     | projected_gravity               |    (3,)   |
|     3     | base_height                     |    (1,)   |
|     4     | goal                            |    (4,)   |
|     5     | obstacles                       |   (15,)   |
|     6     | last_action                     |    (4,)   |
+-----------+---------------------------------+-----------+

[INFO] Termination Manager:  <TerminationManager> contains 3 active terms.
+---------------------------------+
|     Active Termination Terms    |
+-------+--------------+----------+
| Index | Name         | Time Out |
+-------+--------------+----------+
|   0   | time_out     |   True   |
|   1   | crash_ground |  False   |
|   2   | collision    |  False   |
+-------+--------------+----------+

[INFO] Reward Manager:  <RewardManager> contains 5 active terms.
+---------------------------------+
|       Active Reward Terms       |
+-------+----------------+--------+
| Index | Name           | Weight |
+-------+----------------+--------+
|   0   | navigation     |    1.0 |
|   1   | gate_pass      |   20.0 |
|   2   | course_done    |    5.0 |
|   3   | collision      | -100.0 |
|   4   | success_metric |    1.0 |
+-------+----------------+--------+

[INFO] Curriculum Manager:  <CurriculumManager> contains 1 active terms.
+---------------------------+
|  Active Curriculum Terms  |
+--------+------------------+
| Index  | Name             |
+--------+------------------+
|   0    | obstacle_count   |
+--------+------------------+

[INFO]: Completed setting up the environment...
[sched] latency=8.0 ms, control_dt=10.0 ms -> refresh every 1 step(s) (100 Hz effective command rate)
[percep] latency=0.0 ms -> delay 0 step(s) (act on perception 0.0 ms old)
[nav] FusedSensorNet out_dim=2 vision=cnn loaded: /scratch/agustin/projects/DIMA/XPU-RT/sims/models/warehouse/nav_fused_v12_cnn.pt
[ctrl] actor arch inferred from ckpt: [16, 256, 128, 64, 4]
[ctrl] RL/MLP controller loaded: /scratch/agustin/projects/DIMA/XPU-RT/sims/models/warehouse/rl_controller_velctrl_dr4.pt (moment_scale=0.0055)
[yolo] warehouse detector loaded: /scratch/agustin/projects/DIMA/XPU-RT/sims/models/warehouse/yolov8n_gate_person_128x192.pt
[demo] hid 132 roof prims for the overhead view
[demo] overhead K fx=849.3 cx=640.0  pos=[         -8        13.5          13]  quat=[          0       0.707       0.707          -0]
[demo] FIXED iso cam eye=[        -13        -0.5          13] -> center=[         -8        13.5           2] (offset (-5.0, -14.0, 11.0))
[gantt] embedded XPU-RT schedule: /scratch2/agustin/XPU-RT/schedules/scheduled_networks_k1_live_stack_cpsat_profiled.json (333 dispatches, makespan 90.0 ms)
[term] ep00 seed=1000 terms=collision -> crash/clip
[ep00] seed=1000 outcome=crash     gates=3/4 steps=814 crash_type=clip
[ep01] seed=1001 outcome=success   gates=4/4 steps=1014 crash_type=-
[ep02] seed=1002 outcome=success   gates=4/4 steps=1027 crash_type=-
[term] ep03 seed=1003 terms=collision -> crash/clip
[ep03] seed=1003 outcome=crash     gates=1/4 steps=408 crash_type=clip
[term] ep04 seed=1004 terms=collision -> crash/clip
[ep04] seed=1004 outcome=crash     gates=1/4 steps=403 crash_type=clip
[term] ep05 seed=1005 terms=collision -> crash/clip
[ep05] seed=1005 outcome=crash     gates=3/4 steps=938 crash_type=clip
[term] ep06 seed=1006 terms=collision -> crash/clip
[ep06] seed=1006 outcome=crash     gates=1/4 steps=399 crash_type=clip
[ep07] seed=1007 outcome=success   gates=4/4 steps=1039 crash_type=-
[term] ep08 seed=1008 terms=collision -> crash/clip
[ep08] seed=1008 outcome=crash     gates=1/4 steps=309 crash_type=clip
[ep09] seed=1009 outcome=success   gates=4/4 steps=990 crash_type=-
[term] ep10 seed=1010 terms=collision -> crash/clip
[ep10] seed=1010 outcome=crash     gates=3/4 steps=878 crash_type=clip
[ep11] seed=1011 outcome=success   gates=4/4 steps=1047 crash_type=-
[SWEEP] ms=0.0055 cruise=1.4 walk=0.0 hold=0.0 SUCCESS 5/12 clip=7 ground=0  s1000:cras(3/4,814,clip) s1001:succ(4/4,1014,-) s1002:succ(4/4,1027,-) s1003:cras(1/4,408,clip) s1004:cras(1/4,403,clip) s1005:cras(3/4,938,clip) s1006:cras(1/4,399,clip) s1007:succ(4/4,1039,-) s1008:cras(1/4,309,clip) s1009:succ(4/4,990,-) s1010:cras(3/4,878,clip) s1011:succ(4/4,1047,-)
[SWEEP-CSV] appended 12 rows -> /scratch/agustin/xpurt-dev-sync/results/codesign_feedback/hil_ablation_v2.csv
[out] wrote out/v12_crowded_sensor_demo.mp4
Loading user config located at: '/scratch2/agustin/miniforge3/envs/env_isaaclab/lib/python3.11/site-packages/isaacsim/kit/data/Kit/Isaac-Sim/5.1/user.config.json'
[Info] [carb] Logging to file: /scratch2/agustin/miniforge3/envs/env_isaaclab/lib/python3.11/site-packages/isaacsim/kit/logs/Kit/Isaac-Sim/5.1/kit_20260908_173401.log
2026-09-09T00:34:01Z [283ms] [Warning] [carb.windowing-glfw.plugin] GLFW initialization failed.
2026-09-09T00:34:01Z [283ms] [Warning] [carb] Failed to startup plugin carb.windowing-glfw.plugin (interfaces: [carb::windowing::IGLContext v1.0],[carb::windowing::IWindowing v1.5]) (impl: carb.windowing-glfw.plugin)
2026-09-09T00:34:01Z [311ms] [Warning] [omni.platforminfo.plugin] failed to open the default display.  Can't verify X Server version.

|---------------------------------------------------------------------------------------------|
| Driver Version: 560.35.05     | Graphics API: Vulkan
|=============================================================================================|
| GPU | Name                             | Active | LDA | GPU Memory | Vendor-ID | LUID       |
|     |                                  |        |     |            | Device-ID | UUID       |
|     |                                  |        |     |            | Bus-ID    |            |
|---------------------------------------------------------------------------------------------|
| 0   | NVIDIA TITAN RTX                 | Yes: 0 |     | 24822   MB | 10de      | 0          |
|     |                                  |        |     |            | 1e02      | 61ac89bf.. |
|     |                                  |        |     |            | 41        |            |
|=============================================================================================|
| OS: 24.04.4 LTS (Noble Numbat) ubuntu, Version: 24.04.4, Kernel: 6.8.0-139-generic
| Processor: AMD Ryzen Threadripper PRO 5965WX 24-Cores
| Cores: 24 | Logical Cores: 48
|---------------------------------------------------------------------------------------------|
| Total Memory (MB): 128634 | Free Memory: 96743
| Total Page/Swap (MB): 8191 | Free Page/Swap: 0
|---------------------------------------------------------------------------------------------|
2026-09-09T00:34:02Z [1,139ms] [Warning] [gpu.foundation.plugin] IOMMU is enabled.
2026-09-09T00:34:03Z [1,945ms] [Warning] [carb.windowing-glfw.plugin] GLFW initialization failed.
2026-09-09T00:34:03Z [1,945ms] [Warning] [carb] Failed to startup plugin carb.windowing-glfw.plugin (interfaces: [carb::windowing::IGLContext v1.0],[carb::windowing::IWindowing v1.5]) (impl: carb.windowing-glfw.plugin)
2026-09-09T00:34:03Z [1,961ms] [Warning] [carb.windowing-glfw.plugin] GLFW initialization failed.
2026-09-09T00:34:03Z [1,961ms] [Warning] [carb] Failed to startup plugin carb.windowing-glfw.plugin (interfaces: [carb::windowing::IGLContext v1.0],[carb::windowing::IWindowing v1.5]) (impl: carb.windowing-glfw.plugin)
2026-09-09T00:34:03Z [1,971ms] [Warning] [carb.windowing-glfw.plugin] GLFW initialization failed.
2026-09-09T00:34:03Z [1,971ms] [Warning] [carb] Failed to startup plugin carb.windowing-glfw.plugin (interfaces: [carb::windowing::IGLContext v1.0],[carb::windowing::IWindowing v1.5]) (impl: carb.windowing-glfw.plugin)
2026-09-09T00:34:03Z [1,987ms] [Warning] [carb.windowing-glfw.plugin] GLFW initialization failed.
2026-09-09T00:34:03Z [1,987ms] [Warning] [carb] Failed to startup plugin carb.windowing-glfw.plugin (interfaces: [carb::windowing::IGLContext v1.0],[carb::windowing::IWindowing v1.5]) (impl: carb.windowing-glfw.plugin)
2026-09-09T00:34:03Z [1,989ms] [Warning] [carb.windowing-glfw.plugin] GLFW initialization failed.
2026-09-09T00:34:03Z [1,989ms] [Warning] [carb] Failed to startup plugin carb.windowing-glfw.plugin (interfaces: [carb::windowing::IGLContext v1.0],[carb::windowing::IWindowing v1.5]) (impl: carb.windowing-glfw.plugin)
2026-09-09T00:34:03Z [1,990ms] [Warning] [carb.windowing-glfw.plugin] GLFW initialization failed.
2026-09-09T00:34:03Z [1,990ms] [Warning] [carb] Failed to startup plugin carb.windowing-glfw.plugin (interfaces: [carb::windowing::IGLContext v1.0],[carb::windowing::IWindowing v1.5]) (impl: carb.windowing-glfw.plugin)
2026-09-09T00:34:03Z [2,223ms] [Warning] [omni.log] Source: omni.hydra was already registered.
2026-09-09T00:34:04Z [2,532ms] [Warning] [carb] Acquiring non optional plugin interface which is not listed as dependency: [omni::physx::IPhysxBenchmarks v1.0] (plugin: <default plugin>), by client: omni.physics.physx.plugin. Add it to CARB_PLUGIN_IMPL_DEPS() macro of a client.
2026-09-09T00:34:04Z [2,548ms] [Warning] [omni.isaac.dynamic_control] omni.isaac.dynamic_control is deprecated as of Isaac Sim 4.5. No action is needed from end-users.
2026-09-09T00:34:07Z [6,112ms] [Warning] [pxr.Semantics] pxr.Semantics is deprecated - please use Semantics instead
2026-09-09T00:34:07Z [6,249ms] [Warning] [omni.graph.core.plugin] Found duplicate of category 'Replicator' - was 'Annotators', adding 'Fabric Reader'
2026-09-09T00:34:07Z [6,249ms] [Warning] [omni.graph.core.plugin] Category 'Replicator' not accepted on node type 'omni.replicator.core.FabricReader' in extension 'omni.replicator.core'
2026-09-09T00:34:07Z [6,250ms] [Warning] [omni.replicator.core.scripts.extension] No material configuration file, adding configuration to material settings directly.
[INFO][AppLauncher]: Using device: cuda:0
[INFO][AppLauncher]: Loading experience file: /scratch2/dima/IsaacLab/apps/isaaclab.python.headless.rendering.kit
[sim] dt=0.01 decimation=1 -> control_dt=10.0 ms (100 Hz)
[env] gym.make Isaac-Drone-Warehouse-Gates-Vision-Crazyflie-Play-WithSensors-Coll-v0

[36m===================================================================================================================================================================[0m
[36m[1m[INFO][IsaacLab]: Logging to file: /scratch/agustin/xpurt-dev-sync/results/codesign_feedback/strengthen_campaign/tmp/isaaclab/logs/isaaclab_2026-09-08_17-34-17.log[0m
[36m===================================================================================================================================================================[0m

[33m17:34:17 [simulation_context.py] WARNING: The `enable_external_forces_every_iteration` parameter in the PhysxCfg is set to False. If you are experiencing noisy velocities, consider enabling this flag. You may need to slightly increase the number of velocity iterations (setting it to 1 or 2 rather than 0), together with this flag, to improve the accuracy of velocity updates.[0m
[INFO]: Base environment:
	Environment device    : cuda:0
	Environment seed      : None
	Physics step-size     : 0.01
	Rendering step-size   : 0.01
	Environment step-size : 0.01
[INFO]: Time taken for scene creation : 13.010459 seconds
[INFO]: Scene manager:  <class InteractiveScene>
	Number of environments: 1
	Environment spacing   : 40.0
	Source prim name      : /World/envs/env_0
	Global prim paths     : []
	Replicate physics     : True
[INFO]: Starting the simulation. This may take a few seconds. Please wait...
[INFO]: Time taken for simulation start : 31.129113 seconds
[INFO] Command Manager:  <CommandManager> contains 1 active terms.
+---------------------------------------+
|          Active Command Terms         |
+-------+------+------------------------+
| Index | Name |          Type          |
+-------+------+------------------------+
|   0   | goal | FixedGateCourseCommand |
+-------+------+------------------------+

[INFO] Event Manager:  <EventManager> contains 2 active terms.
+------------------------------------+
| Active Event Terms in Mode: 'reset' |
+----------+-------------------------+
|  Index   | Name                    |
+----------+-------------------------+
|    0     | reset_base              |
|    1     | reset_obstacles         |
|    2     | randomize_light         |
+----------+-------------------------+
+-------------------------------------------------+
|      Active Event Terms in Mode: 'interval'     |
+-------+---------------+-------------------------+
| Index | Name          | Interval time range (s) |
+-------+---------------+-------------------------+
|   0   | move_people   |        (0.0, 0.0)       |
|   1   | move_forklift |        (0.0, 0.0)       |
+-------+---------------+-------------------------+

[INFO] Recorder Manager:  <RecorderManager> contains 0 active terms.
+---------------------+
| Active Recorder Terms |
+-----------+---------+
|   Index   | Name    |
+-----------+---------+
+-----------+---------+

[INFO] Action Manager:  <ActionManager> contains 1 active terms.
+-----------------------------------+
|   Active Action Terms (shape: 4)  |
+--------+------------+-------------+
| Index  | Name       |   Dimension |
+--------+------------+-------------+
|   0    | velocity   |           4 |
+--------+------------+-------------+

[INFO] Observation Manager: <ObservationManager> contains 1 groups.
+---------------------------------------------------------+
| Active Observation Terms in Group: 'policy' (shape: (33,)) |
+-----------+---------------------------------+-----------+
|   Index   | Name                            |   Shape   |
+-----------+---------------------------------+-----------+
|     0     | base_lin_vel                    |    (3,)   |
|     1     | base_ang_vel                    |    (3,)   |
|     2     | projected_gravity               |    (3,)   |
|     3     | base_height                     |    (1,)   |
|     4     | goal                            |    (4,)   |
|     5     | obstacles                       |   (15,)   |
|     6     | last_action                     |    (4,)   |
+-----------+---------------------------------+-----------+

[INFO] Termination Manager:  <TerminationManager> contains 3 active terms.
+---------------------------------+
|     Active Termination Terms    |
+-------+--------------+----------+
| Index | Name         | Time Out |
+-------+--------------+----------+
|   0   | time_out     |   True   |
|   1   | crash_ground |  False   |
|   2   | collision    |  False   |
+-------+--------------+----------+

[INFO] Reward Manager:  <RewardManager> contains 5 active terms.
+---------------------------------+
|       Active Reward Terms       |
+-------+----------------+--------+
| Index | Name           | Weight |
+-------+----------------+--------+
|   0   | navigation     |    1.0 |
|   1   | gate_pass      |   20.0 |
|   2   | course_done    |    5.0 |
|   3   | collision      | -100.0 |
|   4   | success_metric |    1.0 |
+-------+----------------+--------+

[INFO] Curriculum Manager:  <CurriculumManager> contains 1 active terms.
+---------------------------+
|  Active Curriculum Terms  |
+--------+------------------+
| Index  | Name             |
+--------+------------------+
|   0    | obstacle_count   |
+--------+------------------+

[INFO]: Completed setting up the environment...
[sched] latency=18.0 ms, control_dt=10.0 ms -> refresh every 2 step(s) (50 Hz effective command rate)
[percep] latency=0.0 ms -> delay 0 step(s) (act on perception 0.0 ms old)
[nav] FusedSensorNet out_dim=2 vision=cnn loaded: /scratch/agustin/projects/DIMA/XPU-RT/sims/models/warehouse/nav_fused_v12_cnn.pt
[ctrl] actor arch inferred from ckpt: [16, 256, 128, 64, 4]
[ctrl] RL/MLP controller loaded: /scratch/agustin/projects/DIMA/XPU-RT/sims/models/warehouse/rl_controller_velctrl_dr4.pt (moment_scale=0.0055)
[yolo] warehouse detector loaded: /scratch/agustin/projects/DIMA/XPU-RT/sims/models/warehouse/yolov8n_gate_person_128x192.pt
[demo] hid 132 roof prims for the overhead view
[demo] overhead K fx=849.3 cx=640.0  pos=[         -8        13.5          13]  quat=[          0       0.707       0.707          -0]
[demo] FIXED iso cam eye=[        -13        -0.5          13] -> center=[         -8        13.5           2] (offset (-5.0, -14.0, 11.0))
[gantt] embedded XPU-RT schedule: /scratch2/agustin/XPU-RT/schedules/scheduled_networks_k1_live_stack_cpsat_profiled.json (333 dispatches, makespan 90.0 ms)
[term] ep00 seed=1000 terms=collision -> crash/clip
[ep00] seed=1000 outcome=crash     gates=3/4 steps=813 crash_type=clip
[ep01] seed=1001 outcome=success   gates=4/4 steps=1016 crash_type=-
[ep02] seed=1002 outcome=success   gates=4/4 steps=1035 crash_type=-
[ep03] seed=1003 outcome=success   gates=4/4 steps=1053 crash_type=-
[term] ep04 seed=1004 terms=collision -> crash/clip
[ep04] seed=1004 outcome=crash     gates=2/4 steps=637 crash_type=clip
[ep05] seed=1005 outcome=timeout   gates=3/4 steps=1800 crash_type=-
[ep06] seed=1006 outcome=success   gates=4/4 steps=1059 crash_type=-
[term] ep07 seed=1007 terms=collision -> crash/clip
[ep07] seed=1007 outcome=crash     gates=2/4 steps=546 crash_type=clip
[term] ep08 seed=1008 terms=collision -> crash/clip
[ep08] seed=1008 outcome=crash     gates=2/4 steps=477 crash_type=clip
[term] ep09 seed=1009 terms=collision -> crash/clip
[ep09] seed=1009 outcome=crash     gates=1/4 steps=344 crash_type=clip
[ep10] seed=1010 outcome=success   gates=4/4 steps=1020 crash_type=-
[term] ep11 seed=1011 terms=collision -> crash/clip
[ep11] seed=1011 outcome=crash     gates=2/4 steps=615 crash_type=clip
[SWEEP] ms=0.0055 cruise=1.4 walk=0.0 hold=0.0 SUCCESS 5/12 clip=6 ground=0  s1000:cras(3/4,813,clip) s1001:succ(4/4,1016,-) s1002:succ(4/4,1035,-) s1003:succ(4/4,1053,-) s1004:cras(2/4,637,clip) s1005:time(3/4,1800,-) s1006:succ(4/4,1059,-) s1007:cras(2/4,546,clip) s1008:cras(2/4,477,clip) s1009:cras(1/4,344,clip) s1010:succ(4/4,1020,-) s1011:cras(2/4,615,clip)
[SWEEP-CSV] appended 12 rows -> /scratch/agustin/xpurt-dev-sync/results/codesign_feedback/hil_ablation_v2.csv
[out] wrote out/v12_crowded_sensor_demo.mp4
Loading user config located at: '/scratch2/agustin/miniforge3/envs/env_isaaclab/lib/python3.11/site-packages/isaacsim/kit/data/Kit/Isaac-Sim/5.1/user.config.json'
[Info] [carb] Logging to file: /scratch2/agustin/miniforge3/envs/env_isaaclab/lib/python3.11/site-packages/isaacsim/kit/logs/Kit/Isaac-Sim/5.1/kit_20260908_174803.log
2026-09-09T00:48:04Z [831ms] [Warning] [carb.windowing-glfw.plugin] GLFW initialization failed.
2026-09-09T00:48:04Z [831ms] [Warning] [carb] Failed to startup plugin carb.windowing-glfw.plugin (interfaces: [carb::windowing::IGLContext v1.0],[carb::windowing::IWindowing v1.5]) (impl: carb.windowing-glfw.plugin)
2026-09-09T00:48:04Z [865ms] [Warning] [omni.platforminfo.plugin] failed to open the default display.  Can't verify X Server version.

|---------------------------------------------------------------------------------------------|
| Driver Version: 560.35.05     | Graphics API: Vulkan
|=============================================================================================|
| GPU | Name                             | Active | LDA | GPU Memory | Vendor-ID | LUID       |
|     |                                  |        |     |            | Device-ID | UUID       |
|     |                                  |        |     |            | Bus-ID    |            |
|---------------------------------------------------------------------------------------------|
| 0   | NVIDIA TITAN RTX                 | Yes: 0 |     | 24822   MB | 10de      | 0          |
|     |                                  |        |     |            | 1e02      | 61ac89bf.. |
|     |                                  |        |     |            | 41        |            |
|=============================================================================================|
| OS: 24.04.4 LTS (Noble Numbat) ubuntu, Version: 24.04.4, Kernel: 6.8.0-139-generic
| Processor: AMD Ryzen Threadripper PRO 5965WX 24-Cores
| Cores: 24 | Logical Cores: 48
|---------------------------------------------------------------------------------------------|
| Total Memory (MB): 128634 | Free Memory: 30826
| Total Page/Swap (MB): 8191 | Free Page/Swap: 0
|---------------------------------------------------------------------------------------------|
2026-09-09T00:48:05Z [2,000ms] [Warning] [gpu.foundation.plugin] IOMMU is enabled.
2026-09-09T00:48:07Z [3,688ms] [Warning] [carb.windowing-glfw.plugin] GLFW initialization failed.
2026-09-09T00:48:07Z [3,688ms] [Warning] [carb] Failed to startup plugin carb.windowing-glfw.plugin (interfaces: [carb::windowing::IGLContext v1.0],[carb::windowing::IWindowing v1.5]) (impl: carb.windowing-glfw.plugin)
2026-09-09T00:48:07Z [3,712ms] [Warning] [carb.windowing-glfw.plugin] GLFW initialization failed.
2026-09-09T00:48:07Z [3,712ms] [Warning] [carb] Failed to startup plugin carb.windowing-glfw.plugin (interfaces: [carb::windowing::IGLContext v1.0],[carb::windowing::IWindowing v1.5]) (impl: carb.windowing-glfw.plugin)
2026-09-09T00:48:07Z [3,719ms] [Warning] [carb.windowing-glfw.plugin] GLFW initialization failed.
2026-09-09T00:48:07Z [3,720ms] [Warning] [carb] Failed to startup plugin carb.windowing-glfw.plugin (interfaces: [carb::windowing::IGLContext v1.0],[carb::windowing::IWindowing v1.5]) (impl: carb.windowing-glfw.plugin)
2026-09-09T00:48:07Z [3,746ms] [Warning] [carb.windowing-glfw.plugin] GLFW initialization failed.
2026-09-09T00:48:07Z [3,746ms] [Warning] [carb] Failed to startup plugin carb.windowing-glfw.plugin (interfaces: [carb::windowing::IGLContext v1.0],[carb::windowing::IWindowing v1.5]) (impl: carb.windowing-glfw.plugin)
2026-09-09T00:48:07Z [3,748ms] [Warning] [carb.windowing-glfw.plugin] GLFW initialization failed.
2026-09-09T00:48:07Z [3,748ms] [Warning] [carb] Failed to startup plugin carb.windowing-glfw.plugin (interfaces: [carb::windowing::IGLContext v1.0],[carb::windowing::IWindowing v1.5]) (impl: carb.windowing-glfw.plugin)
2026-09-09T00:48:07Z [3,750ms] [Warning] [carb.windowing-glfw.plugin] GLFW initialization failed.
2026-09-09T00:48:07Z [3,750ms] [Warning] [carb] Failed to startup plugin carb.windowing-glfw.plugin (interfaces: [carb::windowing::IGLContext v1.0],[carb::windowing::IWindowing v1.5]) (impl: carb.windowing-glfw.plugin)
2026-09-09T00:48:07Z [4,294ms] [Warning] [omni.log] Source: omni.hydra was already registered.
2026-09-09T00:48:08Z [5,005ms] [Warning] [carb] Acquiring non optional plugin interface which is not listed as dependency: [omni::physx::IPhysxBenchmarks v1.0] (plugin: <default plugin>), by client: omni.physics.physx.plugin. Add it to CARB_PLUGIN_IMPL_DEPS() macro of a client.
2026-09-09T00:48:08Z [5,025ms] [Warning] [omni.isaac.dynamic_control] omni.isaac.dynamic_control is deprecated as of Isaac Sim 4.5. No action is needed from end-users.
2026-09-09T00:48:13Z [10,182ms] [Warning] [pxr.Semantics] pxr.Semantics is deprecated - please use Semantics instead
2026-09-09T00:48:14Z [10,940ms] [Warning] [omni.graph.core.plugin] Found duplicate of category 'Replicator' - was 'Annotators', adding 'Fabric Reader'
2026-09-09T00:48:14Z [10,940ms] [Warning] [omni.graph.core.plugin] Category 'Replicator' not accepted on node type 'omni.replicator.core.FabricReader' in extension 'omni.replicator.core'
2026-09-09T00:48:14Z [10,944ms] [Warning] [omni.replicator.core.scripts.extension] No material configuration file, adding configuration to material settings directly.
[INFO][AppLauncher]: Using device: cuda:0
[INFO][AppLauncher]: Loading experience file: /scratch2/dima/IsaacLab/apps/isaaclab.python.headless.rendering.kit
[sim] dt=0.01 decimation=1 -> control_dt=10.0 ms (100 Hz)
[env] gym.make Isaac-Drone-Warehouse-Gates-Vision-Crazyflie-Play-WithSensors-Coll-v0

[36m===================================================================================================================================================================[0m
[36m[1m[INFO][IsaacLab]: Logging to file: /scratch/agustin/xpurt-dev-sync/results/codesign_feedback/strengthen_campaign/tmp/isaaclab/logs/isaaclab_2026-09-08_17-48-25.log[0m
[36m===================================================================================================================================================================[0m

[33m17:48:25 [simulation_context.py] WARNING: The `enable_external_forces_every_iteration` parameter in the PhysxCfg is set to False. If you are experiencing noisy velocities, consider enabling this flag. You may need to slightly increase the number of velocity iterations (setting it to 1 or 2 rather than 0), together with this flag, to improve the accuracy of velocity updates.[0m
[INFO]: Base environment:
	Environment device    : cuda:0
	Environment seed      : None
	Physics step-size     : 0.01
	Rendering step-size   : 0.01
	Environment step-size : 0.01
[INFO]: Time taken for scene creation : 13.336948 seconds
[INFO]: Scene manager:  <class InteractiveScene>
	Number of environments: 1
	Environment spacing   : 40.0
	Source prim name      : /World/envs/env_0
	Global prim paths     : []
	Replicate physics     : True
[INFO]: Starting the simulation. This may take a few seconds. Please wait...
[INFO]: Time taken for simulation start : 28.766804 seconds
[INFO] Command Manager:  <CommandManager> contains 1 active terms.
+---------------------------------------+
|          Active Command Terms         |
+-------+------+------------------------+
| Index | Name |          Type          |
+-------+------+------------------------+
|   0   | goal | FixedGateCourseCommand |
+-------+------+------------------------+

[INFO] Event Manager:  <EventManager> contains 2 active terms.
+------------------------------------+
| Active Event Terms in Mode: 'reset' |
+----------+-------------------------+
|  Index   | Name                    |
+----------+-------------------------+
|    0     | reset_base              |
|    1     | reset_obstacles         |
|    2     | randomize_light         |
+----------+-------------------------+
+-------------------------------------------------+
|      Active Event Terms in Mode: 'interval'     |
+-------+---------------+-------------------------+
| Index | Name          | Interval time range (s) |
+-------+---------------+-------------------------+
|   0   | move_people   |        (0.0, 0.0)       |
|   1   | move_forklift |        (0.0, 0.0)       |
+-------+---------------+-------------------------+

[INFO] Recorder Manager:  <RecorderManager> contains 0 active terms.
+---------------------+
| Active Recorder Terms |
+-----------+---------+
|   Index   | Name    |
+-----------+---------+
+-----------+---------+

[INFO] Action Manager:  <ActionManager> contains 1 active terms.
+-----------------------------------+
|   Active Action Terms (shape: 4)  |
+--------+------------+-------------+
| Index  | Name       |   Dimension |
+--------+------------+-------------+
|   0    | velocity   |           4 |
+--------+------------+-------------+

[INFO] Observation Manager: <ObservationManager> contains 1 groups.
+---------------------------------------------------------+
| Active Observation Terms in Group: 'policy' (shape: (33,)) |
+-----------+---------------------------------+-----------+
|   Index   | Name                            |   Shape   |
+-----------+---------------------------------+-----------+
|     0     | base_lin_vel                    |    (3,)   |
|     1     | base_ang_vel                    |    (3,)   |
|     2     | projected_gravity               |    (3,)   |
|     3     | base_height                     |    (1,)   |
|     4     | goal                            |    (4,)   |
|     5     | obstacles                       |   (15,)   |
|     6     | last_action                     |    (4,)   |
+-----------+---------------------------------+-----------+

[INFO] Termination Manager:  <TerminationManager> contains 3 active terms.
+---------------------------------+
|     Active Termination Terms    |
+-------+--------------+----------+
| Index | Name         | Time Out |
+-------+--------------+----------+
|   0   | time_out     |   True   |
|   1   | crash_ground |  False   |
|   2   | collision    |  False   |
+-------+--------------+----------+

[INFO] Reward Manager:  <RewardManager> contains 5 active terms.
+---------------------------------+
|       Active Reward Terms       |
+-------+----------------+--------+
| Index | Name           | Weight |
+-------+----------------+--------+
|   0   | navigation     |    1.0 |
|   1   | gate_pass      |   20.0 |
|   2   | course_done    |    5.0 |
|   3   | collision      | -100.0 |
|   4   | success_metric |    1.0 |
+-------+----------------+--------+

[INFO] Curriculum Manager:  <CurriculumManager> contains 1 active terms.
+---------------------------+
|  Active Curriculum Terms  |
+--------+------------------+
| Index  | Name             |
+--------+------------------+
|   0    | obstacle_count   |
+--------+------------------+

[INFO]: Completed setting up the environment...
[sched] latency=28.0 ms, control_dt=10.0 ms -> refresh every 3 step(s) (33 Hz effective command rate)
[percep] latency=0.0 ms -> delay 0 step(s) (act on perception 0.0 ms old)
[nav] FusedSensorNet out_dim=2 vision=cnn loaded: /scratch/agustin/projects/DIMA/XPU-RT/sims/models/warehouse/nav_fused_v12_cnn.pt
[ctrl] actor arch inferred from ckpt: [16, 256, 128, 64, 4]
[ctrl] RL/MLP controller loaded: /scratch/agustin/projects/DIMA/XPU-RT/sims/models/warehouse/rl_controller_velctrl_dr4.pt (moment_scale=0.0055)
[yolo] warehouse detector loaded: /scratch/agustin/projects/DIMA/XPU-RT/sims/models/warehouse/yolov8n_gate_person_128x192.pt
[demo] hid 132 roof prims for the overhead view
[demo] overhead K fx=849.3 cx=640.0  pos=[         -8        13.5          13]  quat=[          0       0.707       0.707          -0]
[demo] FIXED iso cam eye=[        -13        -0.5          13] -> center=[         -8        13.5           2] (offset (-5.0, -14.0, 11.0))
[gantt] embedded XPU-RT schedule: /scratch2/agustin/XPU-RT/schedules/scheduled_networks_k1_live_stack_cpsat_profiled.json (333 dispatches, makespan 90.0 ms)
[ep00] seed=1000 outcome=success   gates=4/4 steps=1102 crash_type=-
[ep01] seed=1001 outcome=success   gates=4/4 steps=1095 crash_type=-
[term] ep02 seed=1002 terms=collision -> crash/clip
[ep02] seed=1002 outcome=crash     gates=1/4 steps=437 crash_type=clip
[term] ep03 seed=1003 terms=collision -> crash/clip
[ep03] seed=1003 outcome=crash     gates=2/4 steps=578 crash_type=clip
[term] ep04 seed=1004 terms=collision -> crash/clip
[ep04] seed=1004 outcome=crash     gates=3/4 steps=1005 crash_type=clip
[term] ep05 seed=1005 terms=collision -> crash/clip
[ep05] seed=1005 outcome=crash     gates=1/4 steps=365 crash_type=clip
[term] ep06 seed=1006 terms=collision -> crash/clip
[ep06] seed=1006 outcome=crash     gates=3/4 steps=1047 crash_type=clip
[term] ep07 seed=1007 terms=collision -> crash/clip
[ep07] seed=1007 outcome=crash     gates=1/4 steps=408 crash_type=clip
[term] ep08 seed=1008 terms=collision -> crash/clip
[ep08] seed=1008 outcome=crash     gates=3/4 steps=946 crash_type=clip
[ep09] seed=1009 outcome=success   gates=4/4 steps=1057 crash_type=-
[ep10] seed=1010 outcome=success   gates=4/4 steps=1123 crash_type=-
[term] ep11 seed=1011 terms=collision -> crash/clip
[ep11] seed=1011 outcome=crash     gates=3/4 steps=1012 crash_type=clip
[SWEEP] ms=0.0055 cruise=1.4 walk=0.0 hold=0.0 SUCCESS 4/12 clip=8 ground=0  s1000:succ(4/4,1102,-) s1001:succ(4/4,1095,-) s1002:cras(1/4,437,clip) s1003:cras(2/4,578,clip) s1004:cras(3/4,1005,clip) s1005:cras(1/4,365,clip) s1006:cras(3/4,1047,clip) s1007:cras(1/4,408,clip) s1008:cras(3/4,946,clip) s1009:succ(4/4,1057,-) s1010:succ(4/4,1123,-) s1011:cras(3/4,1012,clip)
[SWEEP-CSV] appended 12 rows -> /scratch/agustin/xpurt-dev-sync/results/codesign_feedback/hil_ablation_v2.csv
[out] wrote out/v12_crowded_sensor_demo.mp4
Loading user config located at: '/scratch2/agustin/miniforge3/envs/env_isaaclab/lib/python3.11/site-packages/isaacsim/kit/data/Kit/Isaac-Sim/5.1/user.config.json'
[Info] [carb] Logging to file: /scratch2/agustin/miniforge3/envs/env_isaaclab/lib/python3.11/site-packages/isaacsim/kit/logs/Kit/Isaac-Sim/5.1/kit_20260908_180251.log
2026-09-09T01:02:51Z [523ms] [Warning] [carb.windowing-glfw.plugin] GLFW initialization failed.
2026-09-09T01:02:51Z [523ms] [Warning] [carb] Failed to startup plugin carb.windowing-glfw.plugin (interfaces: [carb::windowing::IGLContext v1.0],[carb::windowing::IWindowing v1.5]) (impl: carb.windowing-glfw.plugin)
2026-09-09T01:02:51Z [552ms] [Warning] [omni.platforminfo.plugin] failed to open the default display.  Can't verify X Server version.

|---------------------------------------------------------------------------------------------|
| Driver Version: 560.35.05     | Graphics API: Vulkan
|=============================================================================================|
| GPU | Name                             | Active | LDA | GPU Memory | Vendor-ID | LUID       |
|     |                                  |        |     |            | Device-ID | UUID       |
|     |                                  |        |     |            | Bus-ID    |            |
|---------------------------------------------------------------------------------------------|
| 0   | NVIDIA TITAN RTX                 | Yes: 0 |     | 24822   MB | 10de      | 0          |
|     |                                  |        |     |            | 1e02      | 61ac89bf.. |
|     |                                  |        |     |            | 41        |            |
|=============================================================================================|
| OS: 24.04.4 LTS (Noble Numbat) ubuntu, Version: 24.04.4, Kernel: 6.8.0-139-generic
| Processor: AMD Ryzen Threadripper PRO 5965WX 24-Cores
| Cores: 24 | Logical Cores: 48
|---------------------------------------------------------------------------------------------|
| Total Memory (MB): 128634 | Free Memory: 92217
| Total Page/Swap (MB): 8191 | Free Page/Swap: 0
|---------------------------------------------------------------------------------------------|
2026-09-09T01:02:52Z [1,415ms] [Warning] [gpu.foundation.plugin] IOMMU is enabled.
2026-09-09T01:02:53Z [2,331ms] [Warning] [carb.windowing-glfw.plugin] GLFW initialization failed.
2026-09-09T01:02:53Z [2,331ms] [Warning] [carb] Failed to startup plugin carb.windowing-glfw.plugin (interfaces: [carb::windowing::IGLContext v1.0],[carb::windowing::IWindowing v1.5]) (impl: carb.windowing-glfw.plugin)
2026-09-09T01:02:53Z [2,352ms] [Warning] [carb.windowing-glfw.plugin] GLFW initialization failed.
2026-09-09T01:02:53Z [2,352ms] [Warning] [carb] Failed to startup plugin carb.windowing-glfw.plugin (interfaces: [carb::windowing::IGLContext v1.0],[carb::windowing::IWindowing v1.5]) (impl: carb.windowing-glfw.plugin)
2026-09-09T01:02:53Z [2,360ms] [Warning] [carb.windowing-glfw.plugin] GLFW initialization failed.
2026-09-09T01:02:53Z [2,360ms] [Warning] [carb] Failed to startup plugin carb.windowing-glfw.plugin (interfaces: [carb::windowing::IGLContext v1.0],[carb::windowing::IWindowing v1.5]) (impl: carb.windowing-glfw.plugin)
2026-09-09T01:02:53Z [2,379ms] [Warning] [carb.windowing-glfw.plugin] GLFW initialization failed.
2026-09-09T01:02:53Z [2,379ms] [Warning] [carb] Failed to startup plugin carb.windowing-glfw.plugin (interfaces: [carb::windowing::IGLContext v1.0],[carb::windowing::IWindowing v1.5]) (impl: carb.windowing-glfw.plugin)
2026-09-09T01:02:53Z [2,380ms] [Warning] [carb.windowing-glfw.plugin] GLFW initialization failed.
2026-09-09T01:02:53Z [2,380ms] [Warning] [carb] Failed to startup plugin carb.windowing-glfw.plugin (interfaces: [carb::windowing::IGLContext v1.0],[carb::windowing::IWindowing v1.5]) (impl: carb.windowing-glfw.plugin)
2026-09-09T01:02:53Z [2,382ms] [Warning] [carb.windowing-glfw.plugin] GLFW initialization failed.
2026-09-09T01:02:53Z [2,382ms] [Warning] [carb] Failed to startup plugin carb.windowing-glfw.plugin (interfaces: [carb::windowing::IGLContext v1.0],[carb::windowing::IWindowing v1.5]) (impl: carb.windowing-glfw.plugin)
2026-09-09T01:02:53Z [2,670ms] [Warning] [omni.log] Source: omni.hydra was already registered.
2026-09-09T01:02:54Z [3,163ms] [Warning] [carb] Acquiring non optional plugin interface which is not listed as dependency: [omni::physx::IPhysxBenchmarks v1.0] (plugin: <default plugin>), by client: omni.physics.physx.plugin. Add it to CARB_PLUGIN_IMPL_DEPS() macro of a client.
2026-09-09T01:02:54Z [3,180ms] [Warning] [omni.isaac.dynamic_control] omni.isaac.dynamic_control is deprecated as of Isaac Sim 4.5. No action is needed from end-users.
2026-09-09T01:02:58Z [7,175ms] [Warning] [pxr.Semantics] pxr.Semantics is deprecated - please use Semantics instead
2026-09-09T01:02:59Z [8,025ms] [Warning] [omni.graph.core.plugin] Found duplicate of category 'Replicator' - was 'Annotators', adding 'Fabric Reader'
2026-09-09T01:02:59Z [8,025ms] [Warning] [omni.graph.core.plugin] Category 'Replicator' not accepted on node type 'omni.replicator.core.FabricReader' in extension 'omni.replicator.core'
2026-09-09T01:02:59Z [8,029ms] [Warning] [omni.replicator.core.scripts.extension] No material configuration file, adding configuration to material settings directly.
[INFO][AppLauncher]: Using device: cuda:0
[INFO][AppLauncher]: Loading experience file: /scratch2/dima/IsaacLab/apps/isaaclab.python.headless.rendering.kit
[sim] dt=0.01 decimation=1 -> control_dt=10.0 ms (100 Hz)
[env] gym.make Isaac-Drone-Warehouse-Gates-Vision-Crazyflie-Play-WithSensors-Coll-v0

[36m===================================================================================================================================================================[0m
[36m[1m[INFO][IsaacLab]: Logging to file: /scratch/agustin/xpurt-dev-sync/results/codesign_feedback/strengthen_campaign/tmp/isaaclab/logs/isaaclab_2026-09-08_18-03-09.log[0m
[36m===================================================================================================================================================================[0m

[33m18:03:09 [simulation_context.py] WARNING: The `enable_external_forces_every_iteration` parameter in the PhysxCfg is set to False. If you are experiencing noisy velocities, consider enabling this flag. You may need to slightly increase the number of velocity iterations (setting it to 1 or 2 rather than 0), together with this flag, to improve the accuracy of velocity updates.[0m
[INFO]: Base environment:
	Environment device    : cuda:0
	Environment seed      : None
	Physics step-size     : 0.01
	Rendering step-size   : 0.01
	Environment step-size : 0.01
[INFO]: Time taken for scene creation : 12.797311 seconds
[INFO]: Scene manager:  <class InteractiveScene>
	Number of environments: 1
	Environment spacing   : 40.0
	Source prim name      : /World/envs/env_0
	Global prim paths     : []
	Replicate physics     : True
[INFO]: Starting the simulation. This may take a few seconds. Please wait...
[INFO]: Time taken for simulation start : 26.475628 seconds
[INFO] Command Manager:  <CommandManager> contains 1 active terms.
+---------------------------------------+
|          Active Command Terms         |
+-------+------+------------------------+
| Index | Name |          Type          |
+-------+------+------------------------+
|   0   | goal | FixedGateCourseCommand |
+-------+------+------------------------+

[INFO] Event Manager:  <EventManager> contains 2 active terms.
+------------------------------------+
| Active Event Terms in Mode: 'reset' |
+----------+-------------------------+
|  Index   | Name                    |
+----------+-------------------------+
|    0     | reset_base              |
|    1     | reset_obstacles         |
|    2     | randomize_light         |
+----------+-------------------------+
+-------------------------------------------------+
|      Active Event Terms in Mode: 'interval'     |
+-------+---------------+-------------------------+
| Index | Name          | Interval time range (s) |
+-------+---------------+-------------------------+
|   0   | move_people   |        (0.0, 0.0)       |
|   1   | move_forklift |        (0.0, 0.0)       |
+-------+---------------+-------------------------+

[INFO] Recorder Manager:  <RecorderManager> contains 0 active terms.
+---------------------+
| Active Recorder Terms |
+-----------+---------+
|   Index   | Name    |
+-----------+---------+
+-----------+---------+

[INFO] Action Manager:  <ActionManager> contains 1 active terms.
+-----------------------------------+
|   Active Action Terms (shape: 4)  |
+--------+------------+-------------+
| Index  | Name       |   Dimension |
+--------+------------+-------------+
|   0    | velocity   |           4 |
+--------+------------+-------------+

[INFO] Observation Manager: <ObservationManager> contains 1 groups.
+---------------------------------------------------------+
| Active Observation Terms in Group: 'policy' (shape: (33,)) |
+-----------+---------------------------------+-----------+
|   Index   | Name                            |   Shape   |
+-----------+---------------------------------+-----------+
|     0     | base_lin_vel                    |    (3,)   |
|     1     | base_ang_vel                    |    (3,)   |
|     2     | projected_gravity               |    (3,)   |
|     3     | base_height                     |    (1,)   |
|     4     | goal                            |    (4,)   |
|     5     | obstacles                       |   (15,)   |
|     6     | last_action                     |    (4,)   |
+-----------+---------------------------------+-----------+

[INFO] Termination Manager:  <TerminationManager> contains 3 active terms.
+---------------------------------+
|     Active Termination Terms    |
+-------+--------------+----------+
| Index | Name         | Time Out |
+-------+--------------+----------+
|   0   | time_out     |   True   |
|   1   | crash_ground |  False   |
|   2   | collision    |  False   |
+-------+--------------+----------+

[INFO] Reward Manager:  <RewardManager> contains 5 active terms.
+---------------------------------+
|       Active Reward Terms       |
+-------+----------------+--------+
| Index | Name           | Weight |
+-------+----------------+--------+
|   0   | navigation     |    1.0 |
|   1   | gate_pass      |   20.0 |
|   2   | course_done    |    5.0 |
|   3   | collision      | -100.0 |
|   4   | success_metric |    1.0 |
+-------+----------------+--------+

[INFO] Curriculum Manager:  <CurriculumManager> contains 1 active terms.
+---------------------------+
|  Active Curriculum Terms  |
+--------+------------------+
| Index  | Name             |
+--------+------------------+
|   0    | obstacle_count   |
+--------+------------------+

[INFO]: Completed setting up the environment...
[sched] latency=38.0 ms, control_dt=10.0 ms -> refresh every 4 step(s) (25 Hz effective command rate)
[percep] latency=0.0 ms -> delay 0 step(s) (act on perception 0.0 ms old)
[nav] FusedSensorNet out_dim=2 vision=cnn loaded: /scratch/agustin/projects/DIMA/XPU-RT/sims/models/warehouse/nav_fused_v12_cnn.pt
[ctrl] actor arch inferred from ckpt: [16, 256, 128, 64, 4]
[ctrl] RL/MLP controller loaded: /scratch/agustin/projects/DIMA/XPU-RT/sims/models/warehouse/rl_controller_velctrl_dr4.pt (moment_scale=0.0055)
[yolo] warehouse detector loaded: /scratch/agustin/projects/DIMA/XPU-RT/sims/models/warehouse/yolov8n_gate_person_128x192.pt
[demo] hid 132 roof prims for the overhead view
[demo] overhead K fx=849.3 cx=640.0  pos=[         -8        13.5          13]  quat=[          0       0.707       0.707          -0]
[demo] FIXED iso cam eye=[        -13        -0.5          13] -> center=[         -8        13.5           2] (offset (-5.0, -14.0, 11.0))
[gantt] embedded XPU-RT schedule: /scratch2/agustin/XPU-RT/schedules/scheduled_networks_k1_live_stack_cpsat_profiled.json (333 dispatches, makespan 90.0 ms)
[term] ep00 seed=1000 terms=collision -> crash/clip
[ep00] seed=1000 outcome=crash     gates=1/4 steps=455 crash_type=clip
[term] ep01 seed=1001 terms=collision -> crash/clip
[ep01] seed=1001 outcome=crash     gates=1/4 steps=246 crash_type=clip
[term] ep02 seed=1002 terms=collision -> crash/clip
[ep02] seed=1002 outcome=crash     gates=1/4 steps=669 crash_type=clip
[term] ep03 seed=1003 terms=collision -> crash/clip
[ep03] seed=1003 outcome=crash     gates=3/4 steps=1078 crash_type=clip
[term] ep04 seed=1004 terms=collision -> crash/clip
[ep04] seed=1004 outcome=crash     gates=1/4 steps=441 crash_type=clip
[term] ep05 seed=1005 terms=collision -> crash/clip
[ep05] seed=1005 outcome=crash     gates=1/4 steps=422 crash_type=clip
[term] ep06 seed=1006 terms=collision -> crash/clip
[ep06] seed=1006 outcome=crash     gates=1/4 steps=460 crash_type=clip
[term] ep07 seed=1007 terms=collision -> crash/clip
[ep07] seed=1007 outcome=crash     gates=3/4 steps=971 crash_type=clip
[term] ep08 seed=1008 terms=collision -> crash/clip
[ep08] seed=1008 outcome=crash     gates=1/4 steps=1043 crash_type=clip
[term] ep09 seed=1009 terms=collision -> crash/clip
[ep09] seed=1009 outcome=crash     gates=2/4 steps=625 crash_type=clip
[term] ep10 seed=1010 terms=collision -> crash/clip
[ep10] seed=1010 outcome=crash     gates=1/4 steps=375 crash_type=clip
[term] ep11 seed=1011 terms=collision -> crash/clip
[ep11] seed=1011 outcome=crash     gates=3/4 steps=978 crash_type=clip
[SWEEP] ms=0.0055 cruise=1.4 walk=0.0 hold=0.0 SUCCESS 0/12 clip=12 ground=0  s1000:cras(1/4,455,clip) s1001:cras(1/4,246,clip) s1002:cras(1/4,669,clip) s1003:cras(3/4,1078,clip) s1004:cras(1/4,441,clip) s1005:cras(1/4,422,clip) s1006:cras(1/4,460,clip) s1007:cras(3/4,971,clip) s1008:cras(1/4,1043,clip) s1009:cras(2/4,625,clip) s1010:cras(1/4,375,clip) s1011:cras(3/4,978,clip)
[SWEEP-CSV] appended 12 rows -> /scratch/agustin/xpurt-dev-sync/results/codesign_feedback/hil_ablation_v2.csv
[out] wrote out/v12_crowded_sensor_demo.mp4
Loading user config located at: '/scratch2/agustin/miniforge3/envs/env_isaaclab/lib/python3.11/site-packages/isaacsim/kit/data/Kit/Isaac-Sim/5.1/user.config.json'
[Info] [carb] Logging to file: /scratch2/agustin/miniforge3/envs/env_isaaclab/lib/python3.11/site-packages/isaacsim/kit/logs/Kit/Isaac-Sim/5.1/kit_20260908_181244.log
2026-09-09T01:12:44Z [185ms] [Warning] [carb.windowing-glfw.plugin] GLFW initialization failed.
2026-09-09T01:12:44Z [185ms] [Warning] [carb] Failed to startup plugin carb.windowing-glfw.plugin (interfaces: [carb::windowing::IGLContext v1.0],[carb::windowing::IWindowing v1.5]) (impl: carb.windowing-glfw.plugin)
2026-09-09T01:12:44Z [211ms] [Warning] [omni.platforminfo.plugin] failed to open the default display.  Can't verify X Server version.

|---------------------------------------------------------------------------------------------|
| Driver Version: 560.35.05     | Graphics API: Vulkan
|=============================================================================================|
| GPU | Name                             | Active | LDA | GPU Memory | Vendor-ID | LUID       |
|     |                                  |        |     |            | Device-ID | UUID       |
|     |                                  |        |     |            | Bus-ID    |            |
|---------------------------------------------------------------------------------------------|
| 0   | NVIDIA TITAN RTX                 | Yes: 0 |     | 24822   MB | 10de      | 0          |
|     |                                  |        |     |            | 1e02      | 61ac89bf.. |
|     |                                  |        |     |            | 41        |            |
|=============================================================================================|
| OS: 24.04.4 LTS (Noble Numbat) ubuntu, Version: 24.04.4, Kernel: 6.8.0-139-generic
| Processor: AMD Ryzen Threadripper PRO 5965WX 24-Cores
| Cores: 24 | Logical Cores: 48
|---------------------------------------------------------------------------------------------|
| Total Memory (MB): 128634 | Free Memory: 81868
| Total Page/Swap (MB): 8191 | Free Page/Swap: 11
|---------------------------------------------------------------------------------------------|
2026-09-09T01:12:45Z [992ms] [Warning] [gpu.foundation.plugin] IOMMU is enabled.
2026-09-09T01:12:45Z [1,645ms] [Warning] [carb.windowing-glfw.plugin] GLFW initialization failed.
2026-09-09T01:12:45Z [1,645ms] [Warning] [carb] Failed to startup plugin carb.windowing-glfw.plugin (interfaces: [carb::windowing::IGLContext v1.0],[carb::windowing::IWindowing v1.5]) (impl: carb.windowing-glfw.plugin)
2026-09-09T01:12:45Z [1,662ms] [Warning] [carb.windowing-glfw.plugin] GLFW initialization failed.
2026-09-09T01:12:45Z [1,662ms] [Warning] [carb] Failed to startup plugin carb.windowing-glfw.plugin (interfaces: [carb::windowing::IGLContext v1.0],[carb::windowing::IWindowing v1.5]) (impl: carb.windowing-glfw.plugin)
2026-09-09T01:12:45Z [1,669ms] [Warning] [carb.windowing-glfw.plugin] GLFW initialization failed.
2026-09-09T01:12:45Z [1,669ms] [Warning] [carb] Failed to startup plugin carb.windowing-glfw.plugin (interfaces: [carb::windowing::IGLContext v1.0],[carb::windowing::IWindowing v1.5]) (impl: carb.windowing-glfw.plugin)
2026-09-09T01:12:45Z [1,679ms] [Warning] [carb.windowing-glfw.plugin] GLFW initialization failed.
2026-09-09T01:12:45Z [1,679ms] [Warning] [carb] Failed to startup plugin carb.windowing-glfw.plugin (interfaces: [carb::windowing::IGLContext v1.0],[carb::windowing::IWindowing v1.5]) (impl: carb.windowing-glfw.plugin)
2026-09-09T01:12:45Z [1,680ms] [Warning] [carb.windowing-glfw.plugin] GLFW initialization failed.
2026-09-09T01:12:45Z [1,680ms] [Warning] [carb] Failed to startup plugin carb.windowing-glfw.plugin (interfaces: [carb::windowing::IGLContext v1.0],[carb::windowing::IWindowing v1.5]) (impl: carb.windowing-glfw.plugin)
2026-09-09T01:12:45Z [1,681ms] [Warning] [carb.windowing-glfw.plugin] GLFW initialization failed.
2026-09-09T01:12:45Z [1,681ms] [Warning] [carb] Failed to startup plugin carb.windowing-glfw.plugin (interfaces: [carb::windowing::IGLContext v1.0],[carb::windowing::IWindowing v1.5]) (impl: carb.windowing-glfw.plugin)
2026-09-09T01:12:46Z [1,885ms] [Warning] [omni.log] Source: omni.hydra was already registered.
2026-09-09T01:12:46Z [2,231ms] [Warning] [carb] Acquiring non optional plugin interface which is not listed as dependency: [omni::physx::IPhysxBenchmarks v1.0] (plugin: <default plugin>), by client: omni.physics.physx.plugin. Add it to CARB_PLUGIN_IMPL_DEPS() macro of a client.
2026-09-09T01:12:46Z [2,241ms] [Warning] [omni.isaac.dynamic_control] omni.isaac.dynamic_control is deprecated as of Isaac Sim 4.5. No action is needed from end-users.
2026-09-09T01:12:49Z [5,711ms] [Warning] [pxr.Semantics] pxr.Semantics is deprecated - please use Semantics instead
2026-09-09T01:12:49Z [5,837ms] [Warning] [omni.graph.core.plugin] Found duplicate of category 'Replicator' - was 'Annotators', adding 'Fabric Reader'
2026-09-09T01:12:49Z [5,837ms] [Warning] [omni.graph.core.plugin] Category 'Replicator' not accepted on node type 'omni.replicator.core.FabricReader' in extension 'omni.replicator.core'
2026-09-09T01:12:49Z [5,838ms] [Warning] [omni.replicator.core.scripts.extension] No material configuration file, adding configuration to material settings directly.
[INFO][AppLauncher]: Using device: cuda:0
[INFO][AppLauncher]: Loading experience file: /scratch2/dima/IsaacLab/apps/isaaclab.python.headless.rendering.kit
[sim] dt=0.01 decimation=1 -> control_dt=10.0 ms (100 Hz)
[env] gym.make Isaac-Drone-Warehouse-Gates-Vision-Crazyflie-Play-WithSensors-Coll-v0

[36m===================================================================================================================================================================[0m
[36m[1m[INFO][IsaacLab]: Logging to file: /scratch/agustin/xpurt-dev-sync/results/codesign_feedback/strengthen_campaign/tmp/isaaclab/logs/isaaclab_2026-09-08_18-12-58.log[0m
[36m===================================================================================================================================================================[0m

[33m18:12:58 [simulation_context.py] WARNING: The `enable_external_forces_every_iteration` parameter in the PhysxCfg is set to False. If you are experiencing noisy velocities, consider enabling this flag. You may need to slightly increase the number of velocity iterations (setting it to 1 or 2 rather than 0), together with this flag, to improve the accuracy of velocity updates.[0m
[INFO]: Base environment:
	Environment device    : cuda:0
	Environment seed      : None
	Physics step-size     : 0.01
	Rendering step-size   : 0.01
	Environment step-size : 0.01
[INFO]: Time taken for scene creation : 12.740467 seconds
[INFO]: Scene manager:  <class InteractiveScene>
	Number of environments: 1
	Environment spacing   : 40.0
	Source prim name      : /World/envs/env_0
	Global prim paths     : []
	Replicate physics     : True
[INFO]: Starting the simulation. This may take a few seconds. Please wait...
[INFO]: Time taken for simulation start : 25.156725 seconds
[INFO] Command Manager:  <CommandManager> contains 1 active terms.
+---------------------------------------+
|          Active Command Terms         |
+-------+------+------------------------+
| Index | Name |          Type          |
+-------+------+------------------------+
|   0   | goal | FixedGateCourseCommand |
+-------+------+------------------------+

[INFO] Event Manager:  <EventManager> contains 2 active terms.
+------------------------------------+
| Active Event Terms in Mode: 'reset' |
+----------+-------------------------+
|  Index   | Name                    |
+----------+-------------------------+
|    0     | reset_base              |
|    1     | reset_obstacles         |
|    2     | randomize_light         |
+----------+-------------------------+
+-------------------------------------------------+
|      Active Event Terms in Mode: 'interval'     |
+-------+---------------+-------------------------+
| Index | Name          | Interval time range (s) |
+-------+---------------+-------------------------+
|   0   | move_people   |        (0.0, 0.0)       |
|   1   | move_forklift |        (0.0, 0.0)       |
+-------+---------------+-------------------------+

[INFO] Recorder Manager:  <RecorderManager> contains 0 active terms.
+---------------------+
| Active Recorder Terms |
+-----------+---------+
|   Index   | Name    |
+-----------+---------+
+-----------+---------+

[INFO] Action Manager:  <ActionManager> contains 1 active terms.
+-----------------------------------+
|   Active Action Terms (shape: 4)  |
+--------+------------+-------------+
| Index  | Name       |   Dimension |
+--------+------------+-------------+
|   0    | velocity   |           4 |
+--------+------------+-------------+

[INFO] Observation Manager: <ObservationManager> contains 1 groups.
+---------------------------------------------------------+
| Active Observation Terms in Group: 'policy' (shape: (33,)) |
+-----------+---------------------------------+-----------+
|   Index   | Name                            |   Shape   |
+-----------+---------------------------------+-----------+
|     0     | base_lin_vel                    |    (3,)   |
|     1     | base_ang_vel                    |    (3,)   |
|     2     | projected_gravity               |    (3,)   |
|     3     | base_height                     |    (1,)   |
|     4     | goal                            |    (4,)   |
|     5     | obstacles                       |   (15,)   |
|     6     | last_action                     |    (4,)   |
+-----------+---------------------------------+-----------+

[INFO] Termination Manager:  <TerminationManager> contains 3 active terms.
+---------------------------------+
|     Active Termination Terms    |
+-------+--------------+----------+
| Index | Name         | Time Out |
+-------+--------------+----------+
|   0   | time_out     |   True   |
|   1   | crash_ground |  False   |
|   2   | collision    |  False   |
+-------+--------------+----------+

[INFO] Reward Manager:  <RewardManager> contains 5 active terms.
+---------------------------------+
|       Active Reward Terms       |
+-------+----------------+--------+
| Index | Name           | Weight |
+-------+----------------+--------+
|   0   | navigation     |    1.0 |
|   1   | gate_pass      |   20.0 |
|   2   | course_done    |    5.0 |
|   3   | collision      | -100.0 |
|   4   | success_metric |    1.0 |
+-------+----------------+--------+

[INFO] Curriculum Manager:  <CurriculumManager> contains 1 active terms.
+---------------------------+
|  Active Curriculum Terms  |
+--------+------------------+
| Index  | Name             |
+--------+------------------+
|   0    | obstacle_count   |
+--------+------------------+

[INFO]: Completed setting up the environment...
[sched] latency=8.0 ms, control_dt=10.0 ms -> refresh every 1 step(s) (100 Hz effective command rate)
[percep] latency=0.0 ms -> delay 0 step(s) (act on perception 0.0 ms old)
[nav] FusedSensorNet out_dim=2 vision=cnn loaded: /scratch/agustin/projects/DIMA/XPU-RT/sims/models/warehouse/nav_fused_v12_cnn.pt
[ctrl] actor arch inferred from ckpt: [16, 256, 128, 64, 4]
[ctrl] RL/MLP controller loaded: /scratch/agustin/projects/DIMA/XPU-RT/sims/models/warehouse/rl_controller_velctrl_dr4.pt (moment_scale=0.0055)
[yolo] warehouse detector loaded: /scratch/agustin/projects/DIMA/XPU-RT/sims/models/warehouse/yolov8n_gate_person_128x192.pt
[demo] hid 132 roof prims for the overhead view
[demo] overhead K fx=849.3 cx=640.0  pos=[         -8        13.5          13]  quat=[          0       0.707       0.707          -0]
[demo] FIXED iso cam eye=[        -13        -0.5          13] -> center=[         -8        13.5           2] (offset (-5.0, -14.0, 11.0))
[gantt] embedded XPU-RT schedule: /scratch2/agustin/XPU-RT/schedules/scheduled_networks_k1_live_stack_cpsat_profiled.json (333 dispatches, makespan 90.0 ms)
[term] ep00 seed=1000 terms=collision -> crash/clip
[ep00] seed=1000 outcome=crash     gates=2/4 steps=549 crash_type=clip
[term] ep01 seed=1001 terms=collision -> crash/clip
[ep01] seed=1001 outcome=crash     gates=2/4 steps=588 crash_type=clip
[term] ep02 seed=1002 terms=collision -> crash/clip
[ep02] seed=1002 outcome=crash     gates=3/4 steps=797 crash_type=clip
[term] ep03 seed=1003 terms=collision -> crash/clip
[ep03] seed=1003 outcome=crash     gates=1/4 steps=359 crash_type=clip
[term] ep04 seed=1004 terms=collision -> crash/clip
[ep04] seed=1004 outcome=crash     gates=0/4 steps=196 crash_type=clip
[term] ep05 seed=1005 terms=collision -> crash/clip
[ep05] seed=1005 outcome=crash     gates=3/4 steps=1615 crash_type=clip
[term] ep06 seed=1006 terms=collision -> crash/clip
[ep06] seed=1006 outcome=crash     gates=2/4 steps=651 crash_type=clip
[term] ep07 seed=1007 terms=collision -> crash/clip
[ep07] seed=1007 outcome=crash     gates=1/4 steps=362 crash_type=clip
[term] ep08 seed=1008 terms=collision -> crash/clip
[ep08] seed=1008 outcome=crash     gates=1/4 steps=298 crash_type=clip
[term] ep09 seed=1009 terms=collision -> crash/clip
[ep09] seed=1009 outcome=crash     gates=1/4 steps=181 crash_type=clip
[ep10] seed=1010 outcome=success   gates=4/4 steps=894 crash_type=-
[ep11] seed=1011 outcome=success   gates=4/4 steps=908 crash_type=-
[SWEEP] ms=0.0055 cruise=1.6 walk=0.0 hold=0.0 SUCCESS 2/12 clip=10 ground=0  s1000:cras(2/4,549,clip) s1001:cras(2/4,588,clip) s1002:cras(3/4,797,clip) s1003:cras(1/4,359,clip) s1004:cras(0/4,196,clip) s1005:cras(3/4,1615,clip) s1006:cras(2/4,651,clip) s1007:cras(1/4,362,clip) s1008:cras(1/4,298,clip) s1009:cras(1/4,181,clip) s1010:succ(4/4,894,-) s1011:succ(4/4,908,-)
[SWEEP-CSV] appended 12 rows -> /scratch/agustin/xpurt-dev-sync/results/codesign_feedback/hil_ablation_v2.csv
[out] wrote out/v12_crowded_sensor_demo.mp4
Loading user config located at: '/scratch2/agustin/miniforge3/envs/env_isaaclab/lib/python3.11/site-packages/isaacsim/kit/data/Kit/Isaac-Sim/5.1/user.config.json'
[Info] [carb] Logging to file: /scratch2/agustin/miniforge3/envs/env_isaaclab/lib/python3.11/site-packages/isaacsim/kit/logs/Kit/Isaac-Sim/5.1/kit_20260908_182210.log
2026-09-09T01:22:10Z [223ms] [Warning] [carb.windowing-glfw.plugin] GLFW initialization failed.
2026-09-09T01:22:10Z [223ms] [Warning] [carb] Failed to startup plugin carb.windowing-glfw.plugin (interfaces: [carb::windowing::IGLContext v1.0],[carb::windowing::IWindowing v1.5]) (impl: carb.windowing-glfw.plugin)
2026-09-09T01:22:10Z [251ms] [Warning] [omni.platforminfo.plugin] failed to open the default display.  Can't verify X Server version.

|---------------------------------------------------------------------------------------------|
| Driver Version: 560.35.05     | Graphics API: Vulkan
|=============================================================================================|
| GPU | Name                             | Active | LDA | GPU Memory | Vendor-ID | LUID       |
|     |                                  |        |     |            | Device-ID | UUID       |
|     |                                  |        |     |            | Bus-ID    |            |
|---------------------------------------------------------------------------------------------|
| 0   | NVIDIA TITAN RTX                 | Yes: 0 |     | 24822   MB | 10de      | 0          |
|     |                                  |        |     |            | 1e02      | 61ac89bf.. |
|     |                                  |        |     |            | 41        |            |
|=============================================================================================|
| OS: 24.04.4 LTS (Noble Numbat) ubuntu, Version: 24.04.4, Kernel: 6.8.0-139-generic
| Processor: AMD Ryzen Threadripper PRO 5965WX 24-Cores
| Cores: 24 | Logical Cores: 48
|---------------------------------------------------------------------------------------------|
| Total Memory (MB): 128634 | Free Memory: 76462
| Total Page/Swap (MB): 8191 | Free Page/Swap: 0
|---------------------------------------------------------------------------------------------|
2026-09-09T01:22:11Z [1,052ms] [Warning] [gpu.foundation.plugin] IOMMU is enabled.
2026-09-09T01:22:12Z [1,796ms] [Warning] [carb.windowing-glfw.plugin] GLFW initialization failed.
2026-09-09T01:22:12Z [1,796ms] [Warning] [carb] Failed to startup plugin carb.windowing-glfw.plugin (interfaces: [carb::windowing::IGLContext v1.0],[carb::windowing::IWindowing v1.5]) (impl: carb.windowing-glfw.plugin)
2026-09-09T01:22:12Z [1,812ms] [Warning] [carb.windowing-glfw.plugin] GLFW initialization failed.
2026-09-09T01:22:12Z [1,812ms] [Warning] [carb] Failed to startup plugin carb.windowing-glfw.plugin (interfaces: [carb::windowing::IGLContext v1.0],[carb::windowing::IWindowing v1.5]) (impl: carb.windowing-glfw.plugin)
2026-09-09T01:22:12Z [1,819ms] [Warning] [carb.windowing-glfw.plugin] GLFW initialization failed.
2026-09-09T01:22:12Z [1,819ms] [Warning] [carb] Failed to startup plugin carb.windowing-glfw.plugin (interfaces: [carb::windowing::IGLContext v1.0],[carb::windowing::IWindowing v1.5]) (impl: carb.windowing-glfw.plugin)
2026-09-09T01:22:12Z [1,829ms] [Warning] [carb.windowing-glfw.plugin] GLFW initialization failed.
2026-09-09T01:22:12Z [1,829ms] [Warning] [carb] Failed to startup plugin carb.windowing-glfw.plugin (interfaces: [carb::windowing::IGLContext v1.0],[carb::windowing::IWindowing v1.5]) (impl: carb.windowing-glfw.plugin)
2026-09-09T01:22:12Z [1,830ms] [Warning] [carb.windowing-glfw.plugin] GLFW initialization failed.
2026-09-09T01:22:12Z [1,830ms] [Warning] [carb] Failed to startup plugin carb.windowing-glfw.plugin (interfaces: [carb::windowing::IGLContext v1.0],[carb::windowing::IWindowing v1.5]) (impl: carb.windowing-glfw.plugin)
2026-09-09T01:22:12Z [1,831ms] [Warning] [carb.windowing-glfw.plugin] GLFW initialization failed.
2026-09-09T01:22:12Z [1,831ms] [Warning] [carb] Failed to startup plugin carb.windowing-glfw.plugin (interfaces: [carb::windowing::IGLContext v1.0],[carb::windowing::IWindowing v1.5]) (impl: carb.windowing-glfw.plugin)
2026-09-09T01:22:12Z [2,035ms] [Warning] [omni.log] Source: omni.hydra was already registered.
2026-09-09T01:22:13Z [2,419ms] [Warning] [carb] Acquiring non optional plugin interface which is not listed as dependency: [omni::physx::IPhysxBenchmarks v1.0] (plugin: <default plugin>), by client: omni.physics.physx.plugin. Add it to CARB_PLUGIN_IMPL_DEPS() macro of a client.
2026-09-09T01:22:13Z [2,432ms] [Warning] [omni.isaac.dynamic_control] omni.isaac.dynamic_control is deprecated as of Isaac Sim 4.5. No action is needed from end-users.
2026-09-09T01:22:16Z [6,040ms] [Warning] [pxr.Semantics] pxr.Semantics is deprecated - please use Semantics instead
2026-09-09T01:22:16Z [6,177ms] [Warning] [omni.graph.core.plugin] Found duplicate of category 'Replicator' - was 'Annotators', adding 'Fabric Reader'
2026-09-09T01:22:16Z [6,177ms] [Warning] [omni.graph.core.plugin] Category 'Replicator' not accepted on node type 'omni.replicator.core.FabricReader' in extension 'omni.replicator.core'
2026-09-09T01:22:16Z [6,178ms] [Warning] [omni.replicator.core.scripts.extension] No material configuration file, adding configuration to material settings directly.
[INFO][AppLauncher]: Using device: cuda:0
[INFO][AppLauncher]: Loading experience file: /scratch2/dima/IsaacLab/apps/isaaclab.python.headless.rendering.kit
[sim] dt=0.01 decimation=1 -> control_dt=10.0 ms (100 Hz)
[env] gym.make Isaac-Drone-Warehouse-Gates-Vision-Crazyflie-Play-WithSensors-Coll-v0

[36m===================================================================================================================================================================[0m
[36m[1m[INFO][IsaacLab]: Logging to file: /scratch/agustin/xpurt-dev-sync/results/codesign_feedback/strengthen_campaign/tmp/isaaclab/logs/isaaclab_2026-09-08_18-22-25.log[0m
[36m===================================================================================================================================================================[0m

[33m18:22:25 [simulation_context.py] WARNING: The `enable_external_forces_every_iteration` parameter in the PhysxCfg is set to False. If you are experiencing noisy velocities, consider enabling this flag. You may need to slightly increase the number of velocity iterations (setting it to 1 or 2 rather than 0), together with this flag, to improve the accuracy of velocity updates.[0m
[INFO]: Base environment:
	Environment device    : cuda:0
	Environment seed      : None
	Physics step-size     : 0.01
	Rendering step-size   : 0.01
	Environment step-size : 0.01
[INFO]: Time taken for scene creation : 13.074411 seconds
[INFO]: Scene manager:  <class InteractiveScene>
	Number of environments: 1
	Environment spacing   : 40.0
	Source prim name      : /World/envs/env_0
	Global prim paths     : []
	Replicate physics     : True
[INFO]: Starting the simulation. This may take a few seconds. Please wait...
[INFO]: Time taken for simulation start : 27.194185 seconds
[INFO] Command Manager:  <CommandManager> contains 1 active terms.
+---------------------------------------+
|          Active Command Terms         |
+-------+------+------------------------+
| Index | Name |          Type          |
+-------+------+------------------------+
|   0   | goal | FixedGateCourseCommand |
+-------+------+------------------------+

[INFO] Event Manager:  <EventManager> contains 2 active terms.
+------------------------------------+
| Active Event Terms in Mode: 'reset' |
+----------+-------------------------+
|  Index   | Name                    |
+----------+-------------------------+
|    0     | reset_base              |
|    1     | reset_obstacles         |
|    2     | randomize_light         |
+----------+-------------------------+
+-------------------------------------------------+
|      Active Event Terms in Mode: 'interval'     |
+-------+---------------+-------------------------+
| Index | Name          | Interval time range (s) |
+-------+---------------+-------------------------+
|   0   | move_people   |        (0.0, 0.0)       |
|   1   | move_forklift |        (0.0, 0.0)       |
+-------+---------------+-------------------------+

[INFO] Recorder Manager:  <RecorderManager> contains 0 active terms.
+---------------------+
| Active Recorder Terms |
+-----------+---------+
|   Index   | Name    |
+-----------+---------+
+-----------+---------+

[INFO] Action Manager:  <ActionManager> contains 1 active terms.
+-----------------------------------+
|   Active Action Terms (shape: 4)  |
+--------+------------+-------------+
| Index  | Name       |   Dimension |
+--------+------------+-------------+
|   0    | velocity   |           4 |
+--------+------------+-------------+

[INFO] Observation Manager: <ObservationManager> contains 1 groups.
+---------------------------------------------------------+
| Active Observation Terms in Group: 'policy' (shape: (33,)) |
+-----------+---------------------------------+-----------+
|   Index   | Name                            |   Shape   |
+-----------+---------------------------------+-----------+
|     0     | base_lin_vel                    |    (3,)   |
|     1     | base_ang_vel                    |    (3,)   |
|     2     | projected_gravity               |    (3,)   |
|     3     | base_height                     |    (1,)   |
|     4     | goal                            |    (4,)   |
|     5     | obstacles                       |   (15,)   |
|     6     | last_action                     |    (4,)   |
+-----------+---------------------------------+-----------+

[INFO] Termination Manager:  <TerminationManager> contains 3 active terms.
+---------------------------------+
|     Active Termination Terms    |
+-------+--------------+----------+
| Index | Name         | Time Out |
+-------+--------------+----------+
|   0   | time_out     |   True   |
|   1   | crash_ground |  False   |
|   2   | collision    |  False   |
+-------+--------------+----------+

[INFO] Reward Manager:  <RewardManager> contains 5 active terms.
+---------------------------------+
|       Active Reward Terms       |
+-------+----------------+--------+
| Index | Name           | Weight |
+-------+----------------+--------+
|   0   | navigation     |    1.0 |
|   1   | gate_pass      |   20.0 |
|   2   | course_done    |    5.0 |
|   3   | collision      | -100.0 |
|   4   | success_metric |    1.0 |
+-------+----------------+--------+

[INFO] Curriculum Manager:  <CurriculumManager> contains 1 active terms.
+---------------------------+
|  Active Curriculum Terms  |
+--------+------------------+
| Index  | Name             |
+--------+------------------+
|   0    | obstacle_count   |
+--------+------------------+

[INFO]: Completed setting up the environment...
[sched] latency=18.0 ms, control_dt=10.0 ms -> refresh every 2 step(s) (50 Hz effective command rate)
[percep] latency=0.0 ms -> delay 0 step(s) (act on perception 0.0 ms old)
[nav] FusedSensorNet out_dim=2 vision=cnn loaded: /scratch/agustin/projects/DIMA/XPU-RT/sims/models/warehouse/nav_fused_v12_cnn.pt
[ctrl] actor arch inferred from ckpt: [16, 256, 128, 64, 4]
[ctrl] RL/MLP controller loaded: /scratch/agustin/projects/DIMA/XPU-RT/sims/models/warehouse/rl_controller_velctrl_dr4.pt (moment_scale=0.0055)
[yolo] warehouse detector loaded: /scratch/agustin/projects/DIMA/XPU-RT/sims/models/warehouse/yolov8n_gate_person_128x192.pt
[demo] hid 132 roof prims for the overhead view
[demo] overhead K fx=849.3 cx=640.0  pos=[         -8        13.5          13]  quat=[          0       0.707       0.707          -0]
[demo] FIXED iso cam eye=[        -13        -0.5          13] -> center=[         -8        13.5           2] (offset (-5.0, -14.0, 11.0))
[gantt] embedded XPU-RT schedule: /scratch2/agustin/XPU-RT/schedules/scheduled_networks_k1_live_stack_cpsat_profiled.json (333 dispatches, makespan 90.0 ms)
[term] ep00 seed=1000 terms=collision -> crash/clip
[ep00] seed=1000 outcome=crash     gates=2/4 steps=550 crash_type=clip
[term] ep01 seed=1001 terms=collision -> crash/clip
[ep01] seed=1001 outcome=crash     gates=2/4 steps=547 crash_type=clip
[term] ep02 seed=1002 terms=collision -> crash/clip
[ep02] seed=1002 outcome=crash     gates=1/4 steps=349 crash_type=clip
[term] ep03 seed=1003 terms=collision -> crash/clip
[ep03] seed=1003 outcome=crash     gates=3/4 steps=833 crash_type=clip
[term] ep04 seed=1004 terms=collision -> crash/clip
[ep04] seed=1004 outcome=crash     gates=2/4 steps=568 crash_type=clip
[term] ep05 seed=1005 terms=collision -> crash/clip
[ep05] seed=1005 outcome=crash     gates=2/4 steps=459 crash_type=clip
[ep06] seed=1006 outcome=success   gates=4/4 steps=931 crash_type=-
[ep07] seed=1007 outcome=success   gates=4/4 steps=929 crash_type=-
[term] ep08 seed=1008 terms=collision -> crash/clip
[ep08] seed=1008 outcome=crash     gates=1/4 steps=251 crash_type=clip
[term] ep09 seed=1009 terms=collision -> crash/clip
[ep09] seed=1009 outcome=crash     gates=2/4 steps=581 crash_type=clip
[term] ep10 seed=1010 terms=collision -> crash/clip
[ep10] seed=1010 outcome=crash     gates=2/4 steps=472 crash_type=clip
[ep11] seed=1011 outcome=success   gates=4/4 steps=908 crash_type=-
[SWEEP] ms=0.0055 cruise=1.6 walk=0.0 hold=0.0 SUCCESS 3/12 clip=9 ground=0  s1000:cras(2/4,550,clip) s1001:cras(2/4,547,clip) s1002:cras(1/4,349,clip) s1003:cras(3/4,833,clip) s1004:cras(2/4,568,clip) s1005:cras(2/4,459,clip) s1006:succ(4/4,931,-) s1007:succ(4/4,929,-) s1008:cras(1/4,251,clip) s1009:cras(2/4,581,clip) s1010:cras(2/4,472,clip) s1011:succ(4/4,908,-)
[SWEEP-CSV] appended 12 rows -> /scratch/agustin/xpurt-dev-sync/results/codesign_feedback/hil_ablation_v2.csv
[out] wrote out/v12_crowded_sensor_demo.mp4
Loading user config located at: '/scratch2/agustin/miniforge3/envs/env_isaaclab/lib/python3.11/site-packages/isaacsim/kit/data/Kit/Isaac-Sim/5.1/user.config.json'
[Info] [carb] Logging to file: /scratch2/agustin/miniforge3/envs/env_isaaclab/lib/python3.11/site-packages/isaacsim/kit/logs/Kit/Isaac-Sim/5.1/kit_20260908_183146.log
2026-09-09T01:31:46Z [202ms] [Warning] [carb.windowing-glfw.plugin] GLFW initialization failed.
2026-09-09T01:31:46Z [202ms] [Warning] [carb] Failed to startup plugin carb.windowing-glfw.plugin (interfaces: [carb::windowing::IGLContext v1.0],[carb::windowing::IWindowing v1.5]) (impl: carb.windowing-glfw.plugin)
2026-09-09T01:31:46Z [231ms] [Warning] [omni.platforminfo.plugin] failed to open the default display.  Can't verify X Server version.

|---------------------------------------------------------------------------------------------|
| Driver Version: 560.35.05     | Graphics API: Vulkan
|=============================================================================================|
| GPU | Name                             | Active | LDA | GPU Memory | Vendor-ID | LUID       |
|     |                                  |        |     |            | Device-ID | UUID       |
|     |                                  |        |     |            | Bus-ID    |            |
|---------------------------------------------------------------------------------------------|
| 0   | NVIDIA TITAN RTX                 | Yes: 0 |     | 24822   MB | 10de      | 0          |
|     |                                  |        |     |            | 1e02      | 61ac89bf.. |
|     |                                  |        |     |            | 41        |            |
|=============================================================================================|
| OS: 24.04.4 LTS (Noble Numbat) ubuntu, Version: 24.04.4, Kernel: 6.8.0-139-generic
| Processor: AMD Ryzen Threadripper PRO 5965WX 24-Cores
| Cores: 24 | Logical Cores: 48
|---------------------------------------------------------------------------------------------|
| Total Memory (MB): 128634 | Free Memory: 80861
| Total Page/Swap (MB): 8191 | Free Page/Swap: 6
|---------------------------------------------------------------------------------------------|
2026-09-09T01:31:47Z [998ms] [Warning] [gpu.foundation.plugin] IOMMU is enabled.
2026-09-09T01:31:47Z [1,654ms] [Warning] [carb.windowing-glfw.plugin] GLFW initialization failed.
2026-09-09T01:31:47Z [1,654ms] [Warning] [carb] Failed to startup plugin carb.windowing-glfw.plugin (interfaces: [carb::windowing::IGLContext v1.0],[carb::windowing::IWindowing v1.5]) (impl: carb.windowing-glfw.plugin)
2026-09-09T01:31:47Z [1,668ms] [Warning] [carb.windowing-glfw.plugin] GLFW initialization failed.
2026-09-09T01:31:47Z [1,668ms] [Warning] [carb] Failed to startup plugin carb.windowing-glfw.plugin (interfaces: [carb::windowing::IGLContext v1.0],[carb::windowing::IWindowing v1.5]) (impl: carb.windowing-glfw.plugin)
2026-09-09T01:31:47Z [1,675ms] [Warning] [carb.windowing-glfw.plugin] GLFW initialization failed.
2026-09-09T01:31:47Z [1,675ms] [Warning] [carb] Failed to startup plugin carb.windowing-glfw.plugin (interfaces: [carb::windowing::IGLContext v1.0],[carb::windowing::IWindowing v1.5]) (impl: carb.windowing-glfw.plugin)
2026-09-09T01:31:47Z [1,685ms] [Warning] [carb.windowing-glfw.plugin] GLFW initialization failed.
2026-09-09T01:31:47Z [1,685ms] [Warning] [carb] Failed to startup plugin carb.windowing-glfw.plugin (interfaces: [carb::windowing::IGLContext v1.0],[carb::windowing::IWindowing v1.5]) (impl: carb.windowing-glfw.plugin)
2026-09-09T01:31:47Z [1,686ms] [Warning] [carb.windowing-glfw.plugin] GLFW initialization failed.
2026-09-09T01:31:47Z [1,686ms] [Warning] [carb] Failed to startup plugin carb.windowing-glfw.plugin (interfaces: [carb::windowing::IGLContext v1.0],[carb::windowing::IWindowing v1.5]) (impl: carb.windowing-glfw.plugin)
2026-09-09T01:31:47Z [1,687ms] [Warning] [carb.windowing-glfw.plugin] GLFW initialization failed.
2026-09-09T01:31:47Z [1,687ms] [Warning] [carb] Failed to startup plugin carb.windowing-glfw.plugin (interfaces: [carb::windowing::IGLContext v1.0],[carb::windowing::IWindowing v1.5]) (impl: carb.windowing-glfw.plugin)
2026-09-09T01:31:47Z [1,876ms] [Warning] [omni.log] Source: omni.hydra was already registered.
2026-09-09T01:31:48Z [2,177ms] [Warning] [carb] Acquiring non optional plugin interface which is not listed as dependency: [omni::physx::IPhysxBenchmarks v1.0] (plugin: <default plugin>), by client: omni.physics.physx.plugin. Add it to CARB_PLUGIN_IMPL_DEPS() macro of a client.
2026-09-09T01:31:48Z [2,187ms] [Warning] [omni.isaac.dynamic_control] omni.isaac.dynamic_control is deprecated as of Isaac Sim 4.5. No action is needed from end-users.
2026-09-09T01:31:51Z [5,605ms] [Warning] [pxr.Semantics] pxr.Semantics is deprecated - please use Semantics instead
2026-09-09T01:31:51Z [5,707ms] [Warning] [omni.graph.core.plugin] Found duplicate of category 'Replicator' - was 'Annotators', adding 'Fabric Reader'
2026-09-09T01:31:51Z [5,707ms] [Warning] [omni.graph.core.plugin] Category 'Replicator' not accepted on node type 'omni.replicator.core.FabricReader' in extension 'omni.replicator.core'
2026-09-09T01:31:51Z [5,708ms] [Warning] [omni.replicator.core.scripts.extension] No material configuration file, adding configuration to material settings directly.
[INFO][AppLauncher]: Using device: cuda:0
[INFO][AppLauncher]: Loading experience file: /scratch2/dima/IsaacLab/apps/isaaclab.python.headless.rendering.kit
[sim] dt=0.01 decimation=1 -> control_dt=10.0 ms (100 Hz)
[env] gym.make Isaac-Drone-Warehouse-Gates-Vision-Crazyflie-Play-WithSensors-Coll-v0

[36m===================================================================================================================================================================[0m
[36m[1m[INFO][IsaacLab]: Logging to file: /scratch/agustin/xpurt-dev-sync/results/codesign_feedback/strengthen_campaign/tmp/isaaclab/logs/isaaclab_2026-09-08_18-32-00.log[0m
[36m===================================================================================================================================================================[0m

[33m18:32:00 [simulation_context.py] WARNING: The `enable_external_forces_every_iteration` parameter in the PhysxCfg is set to False. If you are experiencing noisy velocities, consider enabling this flag. You may need to slightly increase the number of velocity iterations (setting it to 1 or 2 rather than 0), together with this flag, to improve the accuracy of velocity updates.[0m
[INFO]: Base environment:
	Environment device    : cuda:0
	Environment seed      : None
	Physics step-size     : 0.01
	Rendering step-size   : 0.01
	Environment step-size : 0.01
[INFO]: Time taken for scene creation : 12.908264 seconds
[INFO]: Scene manager:  <class InteractiveScene>
	Number of environments: 1
	Environment spacing   : 40.0
	Source prim name      : /World/envs/env_0
	Global prim paths     : []
	Replicate physics     : True
[INFO]: Starting the simulation. This may take a few seconds. Please wait...
[INFO]: Time taken for simulation start : 27.130467 seconds
[INFO] Command Manager:  <CommandManager> contains 1 active terms.
+---------------------------------------+
|          Active Command Terms         |
+-------+------+------------------------+
| Index | Name |          Type          |
+-------+------+------------------------+
|   0   | goal | FixedGateCourseCommand |
+-------+------+------------------------+

[INFO] Event Manager:  <EventManager> contains 2 active terms.
+------------------------------------+
| Active Event Terms in Mode: 'reset' |
+----------+-------------------------+
|  Index   | Name                    |
+----------+-------------------------+
|    0     | reset_base              |
|    1     | reset_obstacles         |
|    2     | randomize_light         |
+----------+-------------------------+
+-------------------------------------------------+
|      Active Event Terms in Mode: 'interval'     |
+-------+---------------+-------------------------+
| Index | Name          | Interval time range (s) |
+-------+---------------+-------------------------+
|   0   | move_people   |        (0.0, 0.0)       |
|   1   | move_forklift |        (0.0, 0.0)       |
+-------+---------------+-------------------------+

[INFO] Recorder Manager:  <RecorderManager> contains 0 active terms.
+---------------------+
| Active Recorder Terms |
+-----------+---------+
|   Index   | Name    |
+-----------+---------+
+-----------+---------+

[INFO] Action Manager:  <ActionManager> contains 1 active terms.
+-----------------------------------+
|   Active Action Terms (shape: 4)  |
+--------+------------+-------------+
| Index  | Name       |   Dimension |
+--------+------------+-------------+
|   0    | velocity   |           4 |
+--------+------------+-------------+

[INFO] Observation Manager: <ObservationManager> contains 1 groups.
+---------------------------------------------------------+
| Active Observation Terms in Group: 'policy' (shape: (33,)) |
+-----------+---------------------------------+-----------+
|   Index   | Name                            |   Shape   |
+-----------+---------------------------------+-----------+
|     0     | base_lin_vel                    |    (3,)   |
|     1     | base_ang_vel                    |    (3,)   |
|     2     | projected_gravity               |    (3,)   |
|     3     | base_height                     |    (1,)   |
|     4     | goal                            |    (4,)   |
|     5     | obstacles                       |   (15,)   |
|     6     | last_action                     |    (4,)   |
+-----------+---------------------------------+-----------+

[INFO] Termination Manager:  <TerminationManager> contains 3 active terms.
+---------------------------------+
|     Active Termination Terms    |
+-------+--------------+----------+
| Index | Name         | Time Out |
+-------+--------------+----------+
|   0   | time_out     |   True   |
|   1   | crash_ground |  False   |
|   2   | collision    |  False   |
+-------+--------------+----------+

[INFO] Reward Manager:  <RewardManager> contains 5 active terms.
+---------------------------------+
|       Active Reward Terms       |
+-------+----------------+--------+
| Index | Name           | Weight |
+-------+----------------+--------+
|   0   | navigation     |    1.0 |
|   1   | gate_pass      |   20.0 |
|   2   | course_done    |    5.0 |
|   3   | collision      | -100.0 |
|   4   | success_metric |    1.0 |
+-------+----------------+--------+

[INFO] Curriculum Manager:  <CurriculumManager> contains 1 active terms.
+---------------------------+
|  Active Curriculum Terms  |
+--------+------------------+
| Index  | Name             |
+--------+------------------+
|   0    | obstacle_count   |
+--------+------------------+

[INFO]: Completed setting up the environment...
[sched] latency=28.0 ms, control_dt=10.0 ms -> refresh every 3 step(s) (33 Hz effective command rate)
[percep] latency=0.0 ms -> delay 0 step(s) (act on perception 0.0 ms old)
[nav] FusedSensorNet out_dim=2 vision=cnn loaded: /scratch/agustin/projects/DIMA/XPU-RT/sims/models/warehouse/nav_fused_v12_cnn.pt
[ctrl] actor arch inferred from ckpt: [16, 256, 128, 64, 4]
[ctrl] RL/MLP controller loaded: /scratch/agustin/projects/DIMA/XPU-RT/sims/models/warehouse/rl_controller_velctrl_dr4.pt (moment_scale=0.0055)
[yolo] warehouse detector loaded: /scratch/agustin/projects/DIMA/XPU-RT/sims/models/warehouse/yolov8n_gate_person_128x192.pt
[demo] hid 132 roof prims for the overhead view
[demo] overhead K fx=849.3 cx=640.0  pos=[         -8        13.5          13]  quat=[          0       0.707       0.707          -0]
[demo] FIXED iso cam eye=[        -13        -0.5          13] -> center=[         -8        13.5           2] (offset (-5.0, -14.0, 11.0))
[gantt] embedded XPU-RT schedule: /scratch2/agustin/XPU-RT/schedules/scheduled_networks_k1_live_stack_cpsat_profiled.json (333 dispatches, makespan 90.0 ms)
[term] ep00 seed=1000 terms=collision -> crash/clip
[ep00] seed=1000 outcome=crash     gates=1/4 steps=308 crash_type=clip
[term] ep01 seed=1001 terms=collision -> crash/clip
[ep01] seed=1001 outcome=crash     gates=1/4 steps=771 crash_type=clip
[term] ep02 seed=1002 terms=collision -> crash/clip
[ep02] seed=1002 outcome=crash     gates=2/4 steps=485 crash_type=clip
[term] ep03 seed=1003 terms=collision -> crash/clip
[ep03] seed=1003 outcome=crash     gates=2/4 steps=501 crash_type=clip
[term] ep04 seed=1004 terms=collision -> crash/clip
[ep04] seed=1004 outcome=crash     gates=1/4 steps=510 crash_type=clip
[term] ep05 seed=1005 terms=collision -> crash/clip
[ep05] seed=1005 outcome=crash     gates=1/4 steps=332 crash_type=clip
[term] ep06 seed=1006 terms=collision -> crash/clip
[ep06] seed=1006 outcome=crash     gates=1/4 steps=835 crash_type=clip
[term] ep07 seed=1007 terms=collision -> crash/clip
[ep07] seed=1007 outcome=crash     gates=1/4 steps=368 crash_type=clip
[term] ep08 seed=1008 terms=collision -> crash/clip
[ep08] seed=1008 outcome=crash     gates=2/4 steps=538 crash_type=clip
[term] ep09 seed=1009 terms=collision -> crash/clip
[ep09] seed=1009 outcome=crash     gates=1/4 steps=191 crash_type=clip
[term] ep10 seed=1010 terms=collision -> crash/clip
[ep10] seed=1010 outcome=crash     gates=1/4 steps=652 crash_type=clip
[term] ep11 seed=1011 terms=collision -> crash/clip
[ep11] seed=1011 outcome=crash     gates=1/4 steps=227 crash_type=clip
[SWEEP] ms=0.0055 cruise=1.6 walk=0.0 hold=0.0 SUCCESS 0/12 clip=12 ground=0  s1000:cras(1/4,308,clip) s1001:cras(1/4,771,clip) s1002:cras(2/4,485,clip) s1003:cras(2/4,501,clip) s1004:cras(1/4,510,clip) s1005:cras(1/4,332,clip) s1006:cras(1/4,835,clip) s1007:cras(1/4,368,clip) s1008:cras(2/4,538,clip) s1009:cras(1/4,191,clip) s1010:cras(1/4,652,clip) s1011:cras(1/4,227,clip)
[SWEEP-CSV] appended 12 rows -> /scratch/agustin/xpurt-dev-sync/results/codesign_feedback/hil_ablation_v2.csv
[out] wrote out/v12_crowded_sensor_demo.mp4
Loading user config located at: '/scratch2/agustin/miniforge3/envs/env_isaaclab/lib/python3.11/site-packages/isaacsim/kit/data/Kit/Isaac-Sim/5.1/user.config.json'
[Info] [carb] Logging to file: /scratch2/agustin/miniforge3/envs/env_isaaclab/lib/python3.11/site-packages/isaacsim/kit/logs/Kit/Isaac-Sim/5.1/kit_20260908_183917.log
2026-09-09T01:39:17Z [192ms] [Warning] [carb.windowing-glfw.plugin] GLFW initialization failed.
2026-09-09T01:39:17Z [192ms] [Warning] [carb] Failed to startup plugin carb.windowing-glfw.plugin (interfaces: [carb::windowing::IGLContext v1.0],[carb::windowing::IWindowing v1.5]) (impl: carb.windowing-glfw.plugin)
2026-09-09T01:39:17Z [218ms] [Warning] [omni.platforminfo.plugin] failed to open the default display.  Can't verify X Server version.

|---------------------------------------------------------------------------------------------|
| Driver Version: 560.35.05     | Graphics API: Vulkan
|=============================================================================================|
| GPU | Name                             | Active | LDA | GPU Memory | Vendor-ID | LUID       |
|     |                                  |        |     |            | Device-ID | UUID       |
|     |                                  |        |     |            | Bus-ID    |            |
|---------------------------------------------------------------------------------------------|
| 0   | NVIDIA TITAN RTX                 | Yes: 0 |     | 24822   MB | 10de      | 0          |
|     |                                  |        |     |            | 1e02      | 61ac89bf.. |
|     |                                  |        |     |            | 41        |            |
|=============================================================================================|
| OS: 24.04.4 LTS (Noble Numbat) ubuntu, Version: 24.04.4, Kernel: 6.8.0-139-generic
| Processor: AMD Ryzen Threadripper PRO 5965WX 24-Cores
| Cores: 24 | Logical Cores: 48
|---------------------------------------------------------------------------------------------|
| Total Memory (MB): 128634 | Free Memory: 82084
| Total Page/Swap (MB): 8191 | Free Page/Swap: 3
|---------------------------------------------------------------------------------------------|
2026-09-09T01:39:18Z [1,030ms] [Warning] [gpu.foundation.plugin] IOMMU is enabled.
2026-09-09T01:39:18Z [1,677ms] [Warning] [carb.windowing-glfw.plugin] GLFW initialization failed.
2026-09-09T01:39:18Z [1,677ms] [Warning] [carb] Failed to startup plugin carb.windowing-glfw.plugin (interfaces: [carb::windowing::IGLContext v1.0],[carb::windowing::IWindowing v1.5]) (impl: carb.windowing-glfw.plugin)
2026-09-09T01:39:18Z [1,692ms] [Warning] [carb.windowing-glfw.plugin] GLFW initialization failed.
2026-09-09T01:39:18Z [1,692ms] [Warning] [carb] Failed to startup plugin carb.windowing-glfw.plugin (interfaces: [carb::windowing::IGLContext v1.0],[carb::windowing::IWindowing v1.5]) (impl: carb.windowing-glfw.plugin)
2026-09-09T01:39:18Z [1,699ms] [Warning] [carb.windowing-glfw.plugin] GLFW initialization failed.
2026-09-09T01:39:18Z [1,699ms] [Warning] [carb] Failed to startup plugin carb.windowing-glfw.plugin (interfaces: [carb::windowing::IGLContext v1.0],[carb::windowing::IWindowing v1.5]) (impl: carb.windowing-glfw.plugin)
2026-09-09T01:39:18Z [1,709ms] [Warning] [carb.windowing-glfw.plugin] GLFW initialization failed.
2026-09-09T01:39:18Z [1,709ms] [Warning] [carb] Failed to startup plugin carb.windowing-glfw.plugin (interfaces: [carb::windowing::IGLContext v1.0],[carb::windowing::IWindowing v1.5]) (impl: carb.windowing-glfw.plugin)
2026-09-09T01:39:18Z [1,710ms] [Warning] [carb.windowing-glfw.plugin] GLFW initialization failed.
2026-09-09T01:39:18Z [1,710ms] [Warning] [carb] Failed to startup plugin carb.windowing-glfw.plugin (interfaces: [carb::windowing::IGLContext v1.0],[carb::windowing::IWindowing v1.5]) (impl: carb.windowing-glfw.plugin)
2026-09-09T01:39:18Z [1,711ms] [Warning] [carb.windowing-glfw.plugin] GLFW initialization failed.
2026-09-09T01:39:18Z [1,711ms] [Warning] [carb] Failed to startup plugin carb.windowing-glfw.plugin (interfaces: [carb::windowing::IGLContext v1.0],[carb::windowing::IWindowing v1.5]) (impl: carb.windowing-glfw.plugin)
2026-09-09T01:39:19Z [1,894ms] [Warning] [omni.log] Source: omni.hydra was already registered.
2026-09-09T01:39:19Z [2,190ms] [Warning] [carb] Acquiring non optional plugin interface which is not listed as dependency: [omni::physx::IPhysxBenchmarks v1.0] (plugin: <default plugin>), by client: omni.physics.physx.plugin. Add it to CARB_PLUGIN_IMPL_DEPS() macro of a client.
2026-09-09T01:39:19Z [2,201ms] [Warning] [omni.isaac.dynamic_control] omni.isaac.dynamic_control is deprecated as of Isaac Sim 4.5. No action is needed from end-users.
2026-09-09T01:39:22Z [5,558ms] [Warning] [pxr.Semantics] pxr.Semantics is deprecated - please use Semantics instead
2026-09-09T01:39:22Z [5,690ms] [Warning] [omni.graph.core.plugin] Found duplicate of category 'Replicator' - was 'Annotators', adding 'Fabric Reader'
2026-09-09T01:39:22Z [5,690ms] [Warning] [omni.graph.core.plugin] Category 'Replicator' not accepted on node type 'omni.replicator.core.FabricReader' in extension 'omni.replicator.core'
2026-09-09T01:39:22Z [5,691ms] [Warning] [omni.replicator.core.scripts.extension] No material configuration file, adding configuration to material settings directly.
[INFO][AppLauncher]: Using device: cuda:0
[INFO][AppLauncher]: Loading experience file: /scratch2/dima/IsaacLab/apps/isaaclab.python.headless.rendering.kit
[sim] dt=0.01 decimation=1 -> control_dt=10.0 ms (100 Hz)
[env] gym.make Isaac-Drone-Warehouse-Gates-Vision-Crazyflie-Play-WithSensors-Coll-v0

[36m===================================================================================================================================================================[0m
[36m[1m[INFO][IsaacLab]: Logging to file: /scratch/agustin/xpurt-dev-sync/results/codesign_feedback/strengthen_campaign/tmp/isaaclab/logs/isaaclab_2026-09-08_18-39-31.log[0m
[36m===================================================================================================================================================================[0m

[33m18:39:31 [simulation_context.py] WARNING: The `enable_external_forces_every_iteration` parameter in the PhysxCfg is set to False. If you are experiencing noisy velocities, consider enabling this flag. You may need to slightly increase the number of velocity iterations (setting it to 1 or 2 rather than 0), together with this flag, to improve the accuracy of velocity updates.[0m
[INFO]: Base environment:
	Environment device    : cuda:0
	Environment seed      : None
	Physics step-size     : 0.01
	Rendering step-size   : 0.01
	Environment step-size : 0.01
[INFO]: Time taken for scene creation : 12.841581 seconds
[INFO]: Scene manager:  <class InteractiveScene>
	Number of environments: 1
	Environment spacing   : 40.0
	Source prim name      : /World/envs/env_0
	Global prim paths     : []
	Replicate physics     : True
[INFO]: Starting the simulation. This may take a few seconds. Please wait...
[INFO]: Time taken for simulation start : 27.166947 seconds
[INFO] Command Manager:  <CommandManager> contains 1 active terms.
+---------------------------------------+
|          Active Command Terms         |
+-------+------+------------------------+
| Index | Name |          Type          |
+-------+------+------------------------+
|   0   | goal | FixedGateCourseCommand |
+-------+------+------------------------+

[INFO] Event Manager:  <EventManager> contains 2 active terms.
+------------------------------------+
| Active Event Terms in Mode: 'reset' |
+----------+-------------------------+
|  Index   | Name                    |
+----------+-------------------------+
|    0     | reset_base              |
|    1     | reset_obstacles         |
|    2     | randomize_light         |
+----------+-------------------------+
+-------------------------------------------------+
|      Active Event Terms in Mode: 'interval'     |
+-------+---------------+-------------------------+
| Index | Name          | Interval time range (s) |
+-------+---------------+-------------------------+
|   0   | move_people   |        (0.0, 0.0)       |
|   1   | move_forklift |        (0.0, 0.0)       |
+-------+---------------+-------------------------+

[INFO] Recorder Manager:  <RecorderManager> contains 0 active terms.
+---------------------+
| Active Recorder Terms |
+-----------+---------+
|   Index   | Name    |
+-----------+---------+
+-----------+---------+

[INFO] Action Manager:  <ActionManager> contains 1 active terms.
+-----------------------------------+
|   Active Action Terms (shape: 4)  |
+--------+------------+-------------+
| Index  | Name       |   Dimension |
+--------+------------+-------------+
|   0    | velocity   |           4 |
+--------+------------+-------------+

[INFO] Observation Manager: <ObservationManager> contains 1 groups.
+---------------------------------------------------------+
| Active Observation Terms in Group: 'policy' (shape: (33,)) |
+-----------+---------------------------------+-----------+
|   Index   | Name                            |   Shape   |
+-----------+---------------------------------+-----------+
|     0     | base_lin_vel                    |    (3,)   |
|     1     | base_ang_vel                    |    (3,)   |
|     2     | projected_gravity               |    (3,)   |
|     3     | base_height                     |    (1,)   |
|     4     | goal                            |    (4,)   |
|     5     | obstacles                       |   (15,)   |
|     6     | last_action                     |    (4,)   |
+-----------+---------------------------------+-----------+

[INFO] Termination Manager:  <TerminationManager> contains 3 active terms.
+---------------------------------+
|     Active Termination Terms    |
+-------+--------------+----------+
| Index | Name         | Time Out |
+-------+--------------+----------+
|   0   | time_out     |   True   |
|   1   | crash_ground |  False   |
|   2   | collision    |  False   |
+-------+--------------+----------+

[INFO] Reward Manager:  <RewardManager> contains 5 active terms.
+---------------------------------+
|       Active Reward Terms       |
+-------+----------------+--------+
| Index | Name           | Weight |
+-------+----------------+--------+
|   0   | navigation     |    1.0 |
|   1   | gate_pass      |   20.0 |
|   2   | course_done    |    5.0 |
|   3   | collision      | -100.0 |
|   4   | success_metric |    1.0 |
+-------+----------------+--------+

[INFO] Curriculum Manager:  <CurriculumManager> contains 1 active terms.
+---------------------------+
|  Active Curriculum Terms  |
+--------+------------------+
| Index  | Name             |
+--------+------------------+
|   0    | obstacle_count   |
+--------+------------------+

[INFO]: Completed setting up the environment...
[sched] latency=38.0 ms, control_dt=10.0 ms -> refresh every 4 step(s) (25 Hz effective command rate)
[percep] latency=0.0 ms -> delay 0 step(s) (act on perception 0.0 ms old)
[nav] FusedSensorNet out_dim=2 vision=cnn loaded: /scratch/agustin/projects/DIMA/XPU-RT/sims/models/warehouse/nav_fused_v12_cnn.pt
[ctrl] actor arch inferred from ckpt: [16, 256, 128, 64, 4]
[ctrl] RL/MLP controller loaded: /scratch/agustin/projects/DIMA/XPU-RT/sims/models/warehouse/rl_controller_velctrl_dr4.pt (moment_scale=0.0055)
[yolo] warehouse detector loaded: /scratch/agustin/projects/DIMA/XPU-RT/sims/models/warehouse/yolov8n_gate_person_128x192.pt
[demo] hid 132 roof prims for the overhead view
[demo] overhead K fx=849.3 cx=640.0  pos=[         -8        13.5          13]  quat=[          0       0.707       0.707          -0]
[demo] FIXED iso cam eye=[        -13        -0.5          13] -> center=[         -8        13.5           2] (offset (-5.0, -14.0, 11.0))
[gantt] embedded XPU-RT schedule: /scratch2/agustin/XPU-RT/schedules/scheduled_networks_k1_live_stack_cpsat_profiled.json (333 dispatches, makespan 90.0 ms)
[term] ep00 seed=1000 terms=collision -> crash/clip
[ep00] seed=1000 outcome=crash     gates=1/4 steps=339 crash_type=clip
[term] ep01 seed=1001 terms=collision -> crash/clip
[ep01] seed=1001 outcome=crash     gates=1/4 steps=219 crash_type=clip
[term] ep02 seed=1002 terms=collision -> crash/clip
[ep02] seed=1002 outcome=crash     gates=1/4 steps=245 crash_type=clip
[term] ep03 seed=1003 terms=collision -> crash/clip
[ep03] seed=1003 outcome=crash     gates=1/4 steps=370 crash_type=clip
[term] ep04 seed=1004 terms=collision -> crash/clip
[ep04] seed=1004 outcome=crash     gates=1/4 steps=529 crash_type=clip
[term] ep05 seed=1005 terms=collision -> crash/clip
[ep05] seed=1005 outcome=crash     gates=1/4 steps=319 crash_type=clip
[term] ep06 seed=1006 terms=collision -> crash/clip
[ep06] seed=1006 outcome=crash     gates=1/4 steps=399 crash_type=clip
[term] ep07 seed=1007 terms=collision -> crash/clip
[ep07] seed=1007 outcome=crash     gates=1/4 steps=387 crash_type=clip
[term] ep08 seed=1008 terms=collision -> crash/clip
[ep08] seed=1008 outcome=crash     gates=1/4 steps=598 crash_type=clip
[term] ep09 seed=1009 terms=collision -> crash/clip
[ep09] seed=1009 outcome=crash     gates=1/4 steps=454 crash_type=clip
[term] ep10 seed=1010 terms=collision -> crash/clip
[ep10] seed=1010 outcome=crash     gates=1/4 steps=408 crash_type=clip
[term] ep11 seed=1011 terms=collision -> crash/clip
[ep11] seed=1011 outcome=crash     gates=1/4 steps=251 crash_type=clip
[SWEEP] ms=0.0055 cruise=1.6 walk=0.0 hold=0.0 SUCCESS 0/12 clip=12 ground=0  s1000:cras(1/4,339,clip) s1001:cras(1/4,219,clip) s1002:cras(1/4,245,clip) s1003:cras(1/4,370,clip) s1004:cras(1/4,529,clip) s1005:cras(1/4,319,clip) s1006:cras(1/4,399,clip) s1007:cras(1/4,387,clip) s1008:cras(1/4,598,clip) s1009:cras(1/4,454,clip) s1010:cras(1/4,408,clip) s1011:cras(1/4,251,clip)
[SWEEP-CSV] appended 12 rows -> /scratch/agustin/xpurt-dev-sync/results/codesign_feedback/hil_ablation_v2.csv
[out] wrote out/v12_crowded_sensor_demo.mp4
Loading user config located at: '/scratch2/agustin/miniforge3/envs/env_isaaclab/lib/python3.11/site-packages/isaacsim/kit/data/Kit/Isaac-Sim/5.1/user.config.json'
[Info] [carb] Logging to file: /scratch2/agustin/miniforge3/envs/env_isaaclab/lib/python3.11/site-packages/isaacsim/kit/logs/Kit/Isaac-Sim/5.1/kit_20260908_184524.log
2026-09-09T01:45:25Z [409ms] [Warning] [carb.windowing-glfw.plugin] GLFW initialization failed.
2026-09-09T01:45:25Z [409ms] [Warning] [carb] Failed to startup plugin carb.windowing-glfw.plugin (interfaces: [carb::windowing::IGLContext v1.0],[carb::windowing::IWindowing v1.5]) (impl: carb.windowing-glfw.plugin)
2026-09-09T01:45:25Z [440ms] [Warning] [omni.platforminfo.plugin] failed to open the default display.  Can't verify X Server version.

|---------------------------------------------------------------------------------------------|
| Driver Version: 560.35.05     | Graphics API: Vulkan
|=============================================================================================|
| GPU | Name                             | Active | LDA | GPU Memory | Vendor-ID | LUID       |
|     |                                  |        |     |            | Device-ID | UUID       |
|     |                                  |        |     |            | Bus-ID    |            |
|---------------------------------------------------------------------------------------------|
| 0   | NVIDIA TITAN RTX                 | Yes: 0 |     | 24822   MB | 10de      | 0          |
|     |                                  |        |     |            | 1e02      | 61ac89bf.. |
|     |                                  |        |     |            | 41        |            |
|=============================================================================================|
| OS: 24.04.4 LTS (Noble Numbat) ubuntu, Version: 24.04.4, Kernel: 6.8.0-139-generic
| Processor: AMD Ryzen Threadripper PRO 5965WX 24-Cores
| Cores: 24 | Logical Cores: 48
|---------------------------------------------------------------------------------------------|
| Total Memory (MB): 128634 | Free Memory: 76797
| Total Page/Swap (MB): 8191 | Free Page/Swap: 1
|---------------------------------------------------------------------------------------------|
2026-09-09T01:45:26Z [1,324ms] [Warning] [gpu.foundation.plugin] IOMMU is enabled.
2026-09-09T01:45:26Z [2,123ms] [Warning] [carb.windowing-glfw.plugin] GLFW initialization failed.
2026-09-09T01:45:26Z [2,123ms] [Warning] [carb] Failed to startup plugin carb.windowing-glfw.plugin (interfaces: [carb::windowing::IGLContext v1.0],[carb::windowing::IWindowing v1.5]) (impl: carb.windowing-glfw.plugin)
2026-09-09T01:45:27Z [2,139ms] [Warning] [carb.windowing-glfw.plugin] GLFW initialization failed.
2026-09-09T01:45:27Z [2,139ms] [Warning] [carb] Failed to startup plugin carb.windowing-glfw.plugin (interfaces: [carb::windowing::IGLContext v1.0],[carb::windowing::IWindowing v1.5]) (impl: carb.windowing-glfw.plugin)
2026-09-09T01:45:27Z [2,146ms] [Warning] [carb.windowing-glfw.plugin] GLFW initialization failed.
2026-09-09T01:45:27Z [2,146ms] [Warning] [carb] Failed to startup plugin carb.windowing-glfw.plugin (interfaces: [carb::windowing::IGLContext v1.0],[carb::windowing::IWindowing v1.5]) (impl: carb.windowing-glfw.plugin)
2026-09-09T01:45:27Z [2,159ms] [Warning] [carb.windowing-glfw.plugin] GLFW initialization failed.
2026-09-09T01:45:27Z [2,159ms] [Warning] [carb] Failed to startup plugin carb.windowing-glfw.plugin (interfaces: [carb::windowing::IGLContext v1.0],[carb::windowing::IWindowing v1.5]) (impl: carb.windowing-glfw.plugin)
2026-09-09T01:45:27Z [2,160ms] [Warning] [carb.windowing-glfw.plugin] GLFW initialization failed.
2026-09-09T01:45:27Z [2,160ms] [Warning] [carb] Failed to startup plugin carb.windowing-glfw.plugin (interfaces: [carb::windowing::IGLContext v1.0],[carb::windowing::IWindowing v1.5]) (impl: carb.windowing-glfw.plugin)
2026-09-09T01:45:27Z [2,161ms] [Warning] [carb.windowing-glfw.plugin] GLFW initialization failed.
2026-09-09T01:45:27Z [2,161ms] [Warning] [carb] Failed to startup plugin carb.windowing-glfw.plugin (interfaces: [carb::windowing::IGLContext v1.0],[carb::windowing::IWindowing v1.5]) (impl: carb.windowing-glfw.plugin)
2026-09-09T01:45:27Z [2,398ms] [Warning] [omni.log] Source: omni.hydra was already registered.
2026-09-09T01:45:27Z [2,821ms] [Warning] [carb] Acquiring non optional plugin interface which is not listed as dependency: [omni::physx::IPhysxBenchmarks v1.0] (plugin: <default plugin>), by client: omni.physics.physx.plugin. Add it to CARB_PLUGIN_IMPL_DEPS() macro of a client.
2026-09-09T01:45:27Z [2,835ms] [Warning] [omni.isaac.dynamic_control] omni.isaac.dynamic_control is deprecated as of Isaac Sim 4.5. No action is needed from end-users.
2026-09-09T01:45:31Z [6,466ms] [Warning] [pxr.Semantics] pxr.Semantics is deprecated - please use Semantics instead
2026-09-09T01:45:31Z [6,637ms] [Warning] [omni.graph.core.plugin] Found duplicate of category 'Replicator' - was 'Annotators', adding 'Fabric Reader'
2026-09-09T01:45:31Z [6,637ms] [Warning] [omni.graph.core.plugin] Category 'Replicator' not accepted on node type 'omni.replicator.core.FabricReader' in extension 'omni.replicator.core'
2026-09-09T01:45:31Z [6,638ms] [Warning] [omni.replicator.core.scripts.extension] No material configuration file, adding configuration to material settings directly.
[INFO][AppLauncher]: Using device: cuda:0
[INFO][AppLauncher]: Loading experience file: /scratch2/dima/IsaacLab/apps/isaaclab.python.headless.rendering.kit
[sim] dt=0.01 decimation=1 -> control_dt=10.0 ms (100 Hz)
[env] gym.make Isaac-Drone-Warehouse-Gates-Vision-Crazyflie-Play-WithSensors-Coll-v0

[36m===================================================================================================================================================================[0m
[36m[1m[INFO][IsaacLab]: Logging to file: /scratch/agustin/xpurt-dev-sync/results/codesign_feedback/strengthen_campaign/tmp/isaaclab/logs/isaaclab_2026-09-08_18-45-40.log[0m
[36m===================================================================================================================================================================[0m

[33m18:45:40 [simulation_context.py] WARNING: The `enable_external_forces_every_iteration` parameter in the PhysxCfg is set to False. If you are experiencing noisy velocities, consider enabling this flag. You may need to slightly increase the number of velocity iterations (setting it to 1 or 2 rather than 0), together with this flag, to improve the accuracy of velocity updates.[0m
[INFO]: Base environment:
	Environment device    : cuda:0
	Environment seed      : None
	Physics step-size     : 0.01
	Rendering step-size   : 0.01
	Environment step-size : 0.01
[INFO]: Time taken for scene creation : 13.169509 seconds
[INFO]: Scene manager:  <class InteractiveScene>
	Number of environments: 1
	Environment spacing   : 40.0
	Source prim name      : /World/envs/env_0
	Global prim paths     : []
	Replicate physics     : True
[INFO]: Starting the simulation. This may take a few seconds. Please wait...
[INFO]: Time taken for simulation start : 26.262808 seconds
[INFO] Command Manager:  <CommandManager> contains 1 active terms.
+---------------------------------------+
|          Active Command Terms         |
+-------+------+------------------------+
| Index | Name |          Type          |
+-------+------+------------------------+
|   0   | goal | FixedGateCourseCommand |
+-------+------+------------------------+

[INFO] Event Manager:  <EventManager> contains 2 active terms.
+------------------------------------+
| Active Event Terms in Mode: 'reset' |
+----------+-------------------------+
|  Index   | Name                    |
+----------+-------------------------+
|    0     | reset_base              |
|    1     | reset_obstacles         |
|    2     | randomize_light         |
+----------+-------------------------+
+-------------------------------------------------+
|      Active Event Terms in Mode: 'interval'     |
+-------+---------------+-------------------------+
| Index | Name          | Interval time range (s) |
+-------+---------------+-------------------------+
|   0   | move_people   |        (0.0, 0.0)       |
|   1   | move_forklift |        (0.0, 0.0)       |
+-------+---------------+-------------------------+

[INFO] Recorder Manager:  <RecorderManager> contains 0 active terms.
+---------------------+
| Active Recorder Terms |
+-----------+---------+
|   Index   | Name    |
+-----------+---------+
+-----------+---------+

[INFO] Action Manager:  <ActionManager> contains 1 active terms.
+-----------------------------------+
|   Active Action Terms (shape: 4)  |
+--------+------------+-------------+
| Index  | Name       |   Dimension |
+--------+------------+-------------+
|   0    | velocity   |           4 |
+--------+------------+-------------+

[INFO] Observation Manager: <ObservationManager> contains 1 groups.
+---------------------------------------------------------+
| Active Observation Terms in Group: 'policy' (shape: (33,)) |
+-----------+---------------------------------+-----------+
|   Index   | Name                            |   Shape   |
+-----------+---------------------------------+-----------+
|     0     | base_lin_vel                    |    (3,)   |
|     1     | base_ang_vel                    |    (3,)   |
|     2     | projected_gravity               |    (3,)   |
|     3     | base_height                     |    (1,)   |
|     4     | goal                            |    (4,)   |
|     5     | obstacles                       |   (15,)   |
|     6     | last_action                     |    (4,)   |
+-----------+---------------------------------+-----------+

[INFO] Termination Manager:  <TerminationManager> contains 3 active terms.
+---------------------------------+
|     Active Termination Terms    |
+-------+--------------+----------+
| Index | Name         | Time Out |
+-------+--------------+----------+
|   0   | time_out     |   True   |
|   1   | crash_ground |  False   |
|   2   | collision    |  False   |
+-------+--------------+----------+

[INFO] Reward Manager:  <RewardManager> contains 5 active terms.
+---------------------------------+
|       Active Reward Terms       |
+-------+----------------+--------+
| Index | Name           | Weight |
+-------+----------------+--------+
|   0   | navigation     |    1.0 |
|   1   | gate_pass      |   20.0 |
|   2   | course_done    |    5.0 |
|   3   | collision      | -100.0 |
|   4   | success_metric |    1.0 |
+-------+----------------+--------+

[INFO] Curriculum Manager:  <CurriculumManager> contains 1 active terms.
+---------------------------+
|  Active Curriculum Terms  |
+--------+------------------+
| Index  | Name             |
+--------+------------------+
|   0    | obstacle_count   |
+--------+------------------+

[INFO]: Completed setting up the environment...
[sched] latency=8.0 ms, control_dt=10.0 ms -> refresh every 1 step(s) (100 Hz effective command rate)
[percep] latency=0.0 ms -> delay 0 step(s) (act on perception 0.0 ms old)
[nav] FusedSensorNet out_dim=2 vision=cnn loaded: /scratch/agustin/projects/DIMA/XPU-RT/sims/models/warehouse/nav_fused_v12_cnn.pt
[ctrl] actor arch inferred from ckpt: [16, 256, 128, 64, 4]
[ctrl] RL/MLP controller loaded: /scratch/agustin/projects/DIMA/XPU-RT/sims/models/warehouse/rl_controller_velctrl_dr4.pt (moment_scale=0.0055)
[yolo] warehouse detector loaded: /scratch/agustin/projects/DIMA/XPU-RT/sims/models/warehouse/yolov8n_gate_person_128x192.pt
[demo] hid 132 roof prims for the overhead view
[demo] overhead K fx=849.3 cx=640.0  pos=[         -8        13.5          13]  quat=[          0       0.707       0.707          -0]
[demo] FIXED iso cam eye=[        -13        -0.5          13] -> center=[         -8        13.5           2] (offset (-5.0, -14.0, 11.0))
[gantt] embedded XPU-RT schedule: /scratch2/agustin/XPU-RT/schedules/scheduled_networks_k1_live_stack_cpsat_profiled.json (333 dispatches, makespan 90.0 ms)
[term] ep00 seed=1000 terms=collision -> crash/clip
[ep00] seed=1000 outcome=crash     gates=2/4 steps=493 crash_type=clip
[term] ep01 seed=1001 terms=collision -> crash/clip
[ep01] seed=1001 outcome=crash     gates=3/4 steps=729 crash_type=clip
[term] ep02 seed=1002 terms=collision -> crash/clip
[ep02] seed=1002 outcome=crash     gates=1/4 steps=294 crash_type=clip
[term] ep03 seed=1003 terms=collision -> crash/clip
[ep03] seed=1003 outcome=crash     gates=0/4 steps=182 crash_type=clip
[ep04] seed=1004 outcome=success   gates=4/4 steps=848 crash_type=-
[term] ep05 seed=1005 terms=collision -> crash/clip
[ep05] seed=1005 outcome=crash     gates=1/4 steps=278 crash_type=clip
[ep06] seed=1006 outcome=success   gates=4/4 steps=834 crash_type=-
[term] ep07 seed=1007 terms=collision -> crash/clip
[ep07] seed=1007 outcome=crash     gates=3/4 steps=718 crash_type=clip
[ep08] seed=1008 outcome=success   gates=4/4 steps=790 crash_type=-
[term] ep09 seed=1009 terms=collision -> crash/clip
[ep09] seed=1009 outcome=crash     gates=1/4 steps=233 crash_type=clip
[term] ep10 seed=1010 terms=collision -> crash/clip
[ep10] seed=1010 outcome=crash     gates=1/4 steps=1384 crash_type=clip
[term] ep11 seed=1011 terms=collision -> crash/clip
[ep11] seed=1011 outcome=crash     gates=2/4 steps=507 crash_type=clip
[SWEEP] ms=0.0055 cruise=1.8 walk=0.0 hold=0.0 SUCCESS 3/12 clip=9 ground=0  s1000:cras(2/4,493,clip) s1001:cras(3/4,729,clip) s1002:cras(1/4,294,clip) s1003:cras(0/4,182,clip) s1004:succ(4/4,848,-) s1005:cras(1/4,278,clip) s1006:succ(4/4,834,-) s1007:cras(3/4,718,clip) s1008:succ(4/4,790,-) s1009:cras(1/4,233,clip) s1010:cras(1/4,1384,clip) s1011:cras(2/4,507,clip)
[SWEEP-CSV] appended 12 rows -> /scratch/agustin/xpurt-dev-sync/results/codesign_feedback/hil_ablation_v2.csv
[out] wrote out/v12_crowded_sensor_demo.mp4
Loading user config located at: '/scratch2/agustin/miniforge3/envs/env_isaaclab/lib/python3.11/site-packages/isaacsim/kit/data/Kit/Isaac-Sim/5.1/user.config.json'
[Info] [carb] Logging to file: /scratch2/agustin/miniforge3/envs/env_isaaclab/lib/python3.11/site-packages/isaacsim/kit/logs/Kit/Isaac-Sim/5.1/kit_20260908_185449.log
2026-09-09T01:54:49Z [210ms] [Warning] [carb.windowing-glfw.plugin] GLFW initialization failed.
2026-09-09T01:54:49Z [210ms] [Warning] [carb] Failed to startup plugin carb.windowing-glfw.plugin (interfaces: [carb::windowing::IGLContext v1.0],[carb::windowing::IWindowing v1.5]) (impl: carb.windowing-glfw.plugin)
2026-09-09T01:54:49Z [240ms] [Warning] [omni.platforminfo.plugin] failed to open the default display.  Can't verify X Server version.

|---------------------------------------------------------------------------------------------|
| Driver Version: 560.35.05     | Graphics API: Vulkan
|=============================================================================================|
| GPU | Name                             | Active | LDA | GPU Memory | Vendor-ID | LUID       |
|     |                                  |        |     |            | Device-ID | UUID       |
|     |                                  |        |     |            | Bus-ID    |            |
|---------------------------------------------------------------------------------------------|
| 0   | NVIDIA TITAN RTX                 | Yes: 0 |     | 24822   MB | 10de      | 0          |
|     |                                  |        |     |            | 1e02      | 61ac89bf.. |
|     |                                  |        |     |            | 41        |            |
|=============================================================================================|
| OS: 24.04.4 LTS (Noble Numbat) ubuntu, Version: 24.04.4, Kernel: 6.8.0-139-generic
| Processor: AMD Ryzen Threadripper PRO 5965WX 24-Cores
| Cores: 24 | Logical Cores: 48
|---------------------------------------------------------------------------------------------|
| Total Memory (MB): 128634 | Free Memory: 79194
| Total Page/Swap (MB): 8191 | Free Page/Swap: 2
|---------------------------------------------------------------------------------------------|
2026-09-09T01:54:50Z [1,033ms] [Warning] [gpu.foundation.plugin] IOMMU is enabled.
2026-09-09T01:54:51Z [1,723ms] [Warning] [carb.windowing-glfw.plugin] GLFW initialization failed.
2026-09-09T01:54:51Z [1,723ms] [Warning] [carb] Failed to startup plugin carb.windowing-glfw.plugin (interfaces: [carb::windowing::IGLContext v1.0],[carb::windowing::IWindowing v1.5]) (impl: carb.windowing-glfw.plugin)
2026-09-09T01:54:51Z [1,739ms] [Warning] [carb.windowing-glfw.plugin] GLFW initialization failed.
2026-09-09T01:54:51Z [1,739ms] [Warning] [carb] Failed to startup plugin carb.windowing-glfw.plugin (interfaces: [carb::windowing::IGLContext v1.0],[carb::windowing::IWindowing v1.5]) (impl: carb.windowing-glfw.plugin)
2026-09-09T01:54:51Z [1,746ms] [Warning] [carb.windowing-glfw.plugin] GLFW initialization failed.
2026-09-09T01:54:51Z [1,746ms] [Warning] [carb] Failed to startup plugin carb.windowing-glfw.plugin (interfaces: [carb::windowing::IGLContext v1.0],[carb::windowing::IWindowing v1.5]) (impl: carb.windowing-glfw.plugin)
2026-09-09T01:54:51Z [1,756ms] [Warning] [carb.windowing-glfw.plugin] GLFW initialization failed.
2026-09-09T01:54:51Z [1,756ms] [Warning] [carb] Failed to startup plugin carb.windowing-glfw.plugin (interfaces: [carb::windowing::IGLContext v1.0],[carb::windowing::IWindowing v1.5]) (impl: carb.windowing-glfw.plugin)
2026-09-09T01:54:51Z [1,757ms] [Warning] [carb.windowing-glfw.plugin] GLFW initialization failed.
2026-09-09T01:54:51Z [1,757ms] [Warning] [carb] Failed to startup plugin carb.windowing-glfw.plugin (interfaces: [carb::windowing::IGLContext v1.0],[carb::windowing::IWindowing v1.5]) (impl: carb.windowing-glfw.plugin)
2026-09-09T01:54:51Z [1,758ms] [Warning] [carb.windowing-glfw.plugin] GLFW initialization failed.
2026-09-09T01:54:51Z [1,758ms] [Warning] [carb] Failed to startup plugin carb.windowing-glfw.plugin (interfaces: [carb::windowing::IGLContext v1.0],[carb::windowing::IWindowing v1.5]) (impl: carb.windowing-glfw.plugin)
2026-09-09T01:54:51Z [1,965ms] [Warning] [omni.log] Source: omni.hydra was already registered.
2026-09-09T01:54:51Z [2,287ms] [Warning] [carb] Acquiring non optional plugin interface which is not listed as dependency: [omni::physx::IPhysxBenchmarks v1.0] (plugin: <default plugin>), by client: omni.physics.physx.plugin. Add it to CARB_PLUGIN_IMPL_DEPS() macro of a client.
2026-09-09T01:54:51Z [2,297ms] [Warning] [omni.isaac.dynamic_control] omni.isaac.dynamic_control is deprecated as of Isaac Sim 4.5. No action is needed from end-users.
2026-09-09T01:54:55Z [5,703ms] [Warning] [pxr.Semantics] pxr.Semantics is deprecated - please use Semantics instead
2026-09-09T01:54:55Z [5,820ms] [Warning] [omni.graph.core.plugin] Found duplicate of category 'Replicator' - was 'Annotators', adding 'Fabric Reader'
2026-09-09T01:54:55Z [5,820ms] [Warning] [omni.graph.core.plugin] Category 'Replicator' not accepted on node type 'omni.replicator.core.FabricReader' in extension 'omni.replicator.core'
2026-09-09T01:54:55Z [5,821ms] [Warning] [omni.replicator.core.scripts.extension] No material configuration file, adding configuration to material settings directly.
[INFO][AppLauncher]: Using device: cuda:0
[INFO][AppLauncher]: Loading experience file: /scratch2/dima/IsaacLab/apps/isaaclab.python.headless.rendering.kit
[sim] dt=0.01 decimation=1 -> control_dt=10.0 ms (100 Hz)
[env] gym.make Isaac-Drone-Warehouse-Gates-Vision-Crazyflie-Play-WithSensors-Coll-v0

[36m===================================================================================================================================================================[0m
[36m[1m[INFO][IsaacLab]: Logging to file: /scratch/agustin/xpurt-dev-sync/results/codesign_feedback/strengthen_campaign/tmp/isaaclab/logs/isaaclab_2026-09-08_18-55-03.log[0m
[36m===================================================================================================================================================================[0m

[33m18:55:03 [simulation_context.py] WARNING: The `enable_external_forces_every_iteration` parameter in the PhysxCfg is set to False. If you are experiencing noisy velocities, consider enabling this flag. You may need to slightly increase the number of velocity iterations (setting it to 1 or 2 rather than 0), together with this flag, to improve the accuracy of velocity updates.[0m
[INFO]: Base environment:
	Environment device    : cuda:0
	Environment seed      : None
	Physics step-size     : 0.01
	Rendering step-size   : 0.01
	Environment step-size : 0.01
[INFO]: Time taken for scene creation : 13.251293 seconds
[INFO]: Scene manager:  <class InteractiveScene>
	Number of environments: 1
	Environment spacing   : 40.0
	Source prim name      : /World/envs/env_0
	Global prim paths     : []
	Replicate physics     : True
[INFO]: Starting the simulation. This may take a few seconds. Please wait...
[INFO]: Time taken for simulation start : 25.610468 seconds
[INFO] Command Manager:  <CommandManager> contains 1 active terms.
+---------------------------------------+
|          Active Command Terms         |
+-------+------+------------------------+
| Index | Name |          Type          |
+-------+------+------------------------+
|   0   | goal | FixedGateCourseCommand |
+-------+------+------------------------+

[INFO] Event Manager:  <EventManager> contains 2 active terms.
+------------------------------------+
| Active Event Terms in Mode: 'reset' |
+----------+-------------------------+
|  Index   | Name                    |
+----------+-------------------------+
|    0     | reset_base              |
|    1     | reset_obstacles         |
|    2     | randomize_light         |
+----------+-------------------------+
+-------------------------------------------------+
|      Active Event Terms in Mode: 'interval'     |
+-------+---------------+-------------------------+
| Index | Name          | Interval time range (s) |
+-------+---------------+-------------------------+
|   0   | move_people   |        (0.0, 0.0)       |
|   1   | move_forklift |        (0.0, 0.0)       |
+-------+---------------+-------------------------+

[INFO] Recorder Manager:  <RecorderManager> contains 0 active terms.
+---------------------+
| Active Recorder Terms |
+-----------+---------+
|   Index   | Name    |
+-----------+---------+
+-----------+---------+

[INFO] Action Manager:  <ActionManager> contains 1 active terms.
+-----------------------------------+
|   Active Action Terms (shape: 4)  |
+--------+------------+-------------+
| Index  | Name       |   Dimension |
+--------+------------+-------------+
|   0    | velocity   |           4 |
+--------+------------+-------------+

[INFO] Observation Manager: <ObservationManager> contains 1 groups.
+---------------------------------------------------------+
| Active Observation Terms in Group: 'policy' (shape: (33,)) |
+-----------+---------------------------------+-----------+
|   Index   | Name                            |   Shape   |
+-----------+---------------------------------+-----------+
|     0     | base_lin_vel                    |    (3,)   |
|     1     | base_ang_vel                    |    (3,)   |
|     2     | projected_gravity               |    (3,)   |
|     3     | base_height                     |    (1,)   |
|     4     | goal                            |    (4,)   |
|     5     | obstacles                       |   (15,)   |
|     6     | last_action                     |    (4,)   |
+-----------+---------------------------------+-----------+

[INFO] Termination Manager:  <TerminationManager> contains 3 active terms.
+---------------------------------+
|     Active Termination Terms    |
+-------+--------------+----------+
| Index | Name         | Time Out |
+-------+--------------+----------+
|   0   | time_out     |   True   |
|   1   | crash_ground |  False   |
|   2   | collision    |  False   |
+-------+--------------+----------+

[INFO] Reward Manager:  <RewardManager> contains 5 active terms.
+---------------------------------+
|       Active Reward Terms       |
+-------+----------------+--------+
| Index | Name           | Weight |
+-------+----------------+--------+
|   0   | navigation     |    1.0 |
|   1   | gate_pass      |   20.0 |
|   2   | course_done    |    5.0 |
|   3   | collision      | -100.0 |
|   4   | success_metric |    1.0 |
+-------+----------------+--------+

[INFO] Curriculum Manager:  <CurriculumManager> contains 1 active terms.
+---------------------------+
|  Active Curriculum Terms  |
+--------+------------------+
| Index  | Name             |
+--------+------------------+
|   0    | obstacle_count   |
+--------+------------------+

[INFO]: Completed setting up the environment...
[sched] latency=18.0 ms, control_dt=10.0 ms -> refresh every 2 step(s) (50 Hz effective command rate)
[percep] latency=0.0 ms -> delay 0 step(s) (act on perception 0.0 ms old)
[nav] FusedSensorNet out_dim=2 vision=cnn loaded: /scratch/agustin/projects/DIMA/XPU-RT/sims/models/warehouse/nav_fused_v12_cnn.pt
[ctrl] actor arch inferred from ckpt: [16, 256, 128, 64, 4]
[ctrl] RL/MLP controller loaded: /scratch/agustin/projects/DIMA/XPU-RT/sims/models/warehouse/rl_controller_velctrl_dr4.pt (moment_scale=0.0055)
[yolo] warehouse detector loaded: /scratch/agustin/projects/DIMA/XPU-RT/sims/models/warehouse/yolov8n_gate_person_128x192.pt
[demo] hid 132 roof prims for the overhead view
[demo] overhead K fx=849.3 cx=640.0  pos=[         -8        13.5          13]  quat=[          0       0.707       0.707          -0]
[demo] FIXED iso cam eye=[        -13        -0.5          13] -> center=[         -8        13.5           2] (offset (-5.0, -14.0, 11.0))
[gantt] embedded XPU-RT schedule: /scratch2/agustin/XPU-RT/schedules/scheduled_networks_k1_live_stack_cpsat_profiled.json (333 dispatches, makespan 90.0 ms)
[term] ep00 seed=1000 terms=collision -> crash/clip
[ep00] seed=1000 outcome=crash     gates=2/4 steps=494 crash_type=clip
[term] ep01 seed=1001 terms=collision -> crash/clip
[ep01] seed=1001 outcome=crash     gates=2/4 steps=512 crash_type=clip
[term] ep02 seed=1002 terms=collision -> crash/clip
[ep02] seed=1002 outcome=crash     gates=1/4 steps=318 crash_type=clip
[term] ep03 seed=1003 terms=collision -> crash/clip
[ep03] seed=1003 outcome=crash     gates=1/4 steps=330 crash_type=clip
[term] ep04 seed=1004 terms=collision -> crash/clip
[ep04] seed=1004 outcome=crash     gates=2/4 steps=513 crash_type=clip
[ep05] seed=1005 outcome=success   gates=4/4 steps=808 crash_type=-
[ep06] seed=1006 outcome=success   gates=4/4 steps=832 crash_type=-
[ep07] seed=1007 outcome=success   gates=4/4 steps=816 crash_type=-
[term] ep08 seed=1008 terms=collision -> crash/clip
[ep08] seed=1008 outcome=crash     gates=1/4 steps=315 crash_type=clip
[ep09] seed=1009 outcome=success   gates=4/4 steps=784 crash_type=-
[ep10] seed=1010 outcome=success   gates=4/4 steps=800 crash_type=-
[term] ep11 seed=1011 terms=collision -> crash/clip
[ep11] seed=1011 outcome=crash     gates=1/4 steps=302 crash_type=clip
[SWEEP] ms=0.0055 cruise=1.8 walk=0.0 hold=0.0 SUCCESS 5/12 clip=7 ground=0  s1000:cras(2/4,494,clip) s1001:cras(2/4,512,clip) s1002:cras(1/4,318,clip) s1003:cras(1/4,330,clip) s1004:cras(2/4,513,clip) s1005:succ(4/4,808,-) s1006:succ(4/4,832,-) s1007:succ(4/4,816,-) s1008:cras(1/4,315,clip) s1009:succ(4/4,784,-) s1010:succ(4/4,800,-) s1011:cras(1/4,302,clip)
[SWEEP-CSV] appended 12 rows -> /scratch/agustin/xpurt-dev-sync/results/codesign_feedback/hil_ablation_v2.csv
[out] wrote out/v12_crowded_sensor_demo.mp4
Loading user config located at: '/scratch2/agustin/miniforge3/envs/env_isaaclab/lib/python3.11/site-packages/isaacsim/kit/data/Kit/Isaac-Sim/5.1/user.config.json'
[Info] [carb] Logging to file: /scratch2/agustin/miniforge3/envs/env_isaaclab/lib/python3.11/site-packages/isaacsim/kit/logs/Kit/Isaac-Sim/5.1/kit_20260908_190343.log
2026-09-09T02:03:43Z [190ms] [Warning] [carb.windowing-glfw.plugin] GLFW initialization failed.
2026-09-09T02:03:43Z [190ms] [Warning] [carb] Failed to startup plugin carb.windowing-glfw.plugin (interfaces: [carb::windowing::IGLContext v1.0],[carb::windowing::IWindowing v1.5]) (impl: carb.windowing-glfw.plugin)
2026-09-09T02:03:43Z [216ms] [Warning] [omni.platforminfo.plugin] failed to open the default display.  Can't verify X Server version.

|---------------------------------------------------------------------------------------------|
| Driver Version: 560.35.05     | Graphics API: Vulkan
|=============================================================================================|
| GPU | Name                             | Active | LDA | GPU Memory | Vendor-ID | LUID       |
|     |                                  |        |     |            | Device-ID | UUID       |
|     |                                  |        |     |            | Bus-ID    |            |
|---------------------------------------------------------------------------------------------|
| 0   | NVIDIA TITAN RTX                 | Yes: 0 |     | 24822   MB | 10de      | 0          |
|     |                                  |        |     |            | 1e02      | 61ac89bf.. |
|     |                                  |        |     |            | 41        |            |
|=============================================================================================|
| OS: 24.04.4 LTS (Noble Numbat) ubuntu, Version: 24.04.4, Kernel: 6.8.0-139-generic
| Processor: AMD Ryzen Threadripper PRO 5965WX 24-Cores
| Cores: 24 | Logical Cores: 48
|---------------------------------------------------------------------------------------------|
| Total Memory (MB): 128634 | Free Memory: 84075
| Total Page/Swap (MB): 8191 | Free Page/Swap: 16
|---------------------------------------------------------------------------------------------|
2026-09-09T02:03:44Z [994ms] [Warning] [gpu.foundation.plugin] IOMMU is enabled.
2026-09-09T02:03:45Z [1,635ms] [Warning] [carb.windowing-glfw.plugin] GLFW initialization failed.
2026-09-09T02:03:45Z [1,635ms] [Warning] [carb] Failed to startup plugin carb.windowing-glfw.plugin (interfaces: [carb::windowing::IGLContext v1.0],[carb::windowing::IWindowing v1.5]) (impl: carb.windowing-glfw.plugin)
2026-09-09T02:03:45Z [1,650ms] [Warning] [carb.windowing-glfw.plugin] GLFW initialization failed.
2026-09-09T02:03:45Z [1,650ms] [Warning] [carb] Failed to startup plugin carb.windowing-glfw.plugin (interfaces: [carb::windowing::IGLContext v1.0],[carb::windowing::IWindowing v1.5]) (impl: carb.windowing-glfw.plugin)
2026-09-09T02:03:45Z [1,657ms] [Warning] [carb.windowing-glfw.plugin] GLFW initialization failed.
2026-09-09T02:03:45Z [1,657ms] [Warning] [carb] Failed to startup plugin carb.windowing-glfw.plugin (interfaces: [carb::windowing::IGLContext v1.0],[carb::windowing::IWindowing v1.5]) (impl: carb.windowing-glfw.plugin)
2026-09-09T02:03:45Z [1,666ms] [Warning] [carb.windowing-glfw.plugin] GLFW initialization failed.
2026-09-09T02:03:45Z [1,666ms] [Warning] [carb] Failed to startup plugin carb.windowing-glfw.plugin (interfaces: [carb::windowing::IGLContext v1.0],[carb::windowing::IWindowing v1.5]) (impl: carb.windowing-glfw.plugin)
2026-09-09T02:03:45Z [1,667ms] [Warning] [carb.windowing-glfw.plugin] GLFW initialization failed.
2026-09-09T02:03:45Z [1,667ms] [Warning] [carb] Failed to startup plugin carb.windowing-glfw.plugin (interfaces: [carb::windowing::IGLContext v1.0],[carb::windowing::IWindowing v1.5]) (impl: carb.windowing-glfw.plugin)
2026-09-09T02:03:45Z [1,668ms] [Warning] [carb.windowing-glfw.plugin] GLFW initialization failed.
2026-09-09T02:03:45Z [1,668ms] [Warning] [carb] Failed to startup plugin carb.windowing-glfw.plugin (interfaces: [carb::windowing::IGLContext v1.0],[carb::windowing::IWindowing v1.5]) (impl: carb.windowing-glfw.plugin)
2026-09-09T02:03:45Z [1,872ms] [Warning] [omni.log] Source: omni.hydra was already registered.
2026-09-09T02:03:45Z [2,177ms] [Warning] [carb] Acquiring non optional plugin interface which is not listed as dependency: [omni::physx::IPhysxBenchmarks v1.0] (plugin: <default plugin>), by client: omni.physics.physx.plugin. Add it to CARB_PLUGIN_IMPL_DEPS() macro of a client.
2026-09-09T02:03:45Z [2,189ms] [Warning] [omni.isaac.dynamic_control] omni.isaac.dynamic_control is deprecated as of Isaac Sim 4.5. No action is needed from end-users.
2026-09-09T02:03:48Z [5,461ms] [Warning] [pxr.Semantics] pxr.Semantics is deprecated - please use Semantics instead
2026-09-09T02:03:49Z [5,600ms] [Warning] [omni.graph.core.plugin] Found duplicate of category 'Replicator' - was 'Annotators', adding 'Fabric Reader'
2026-09-09T02:03:49Z [5,600ms] [Warning] [omni.graph.core.plugin] Category 'Replicator' not accepted on node type 'omni.replicator.core.FabricReader' in extension 'omni.replicator.core'
2026-09-09T02:03:49Z [5,600ms] [Warning] [omni.replicator.core.scripts.extension] No material configuration file, adding configuration to material settings directly.
[INFO][AppLauncher]: Using device: cuda:0
[INFO][AppLauncher]: Loading experience file: /scratch2/dima/IsaacLab/apps/isaaclab.python.headless.rendering.kit
[sim] dt=0.01 decimation=1 -> control_dt=10.0 ms (100 Hz)
[env] gym.make Isaac-Drone-Warehouse-Gates-Vision-Crazyflie-Play-WithSensors-Coll-v0

[36m===================================================================================================================================================================[0m
[36m[1m[INFO][IsaacLab]: Logging to file: /scratch/agustin/xpurt-dev-sync/results/codesign_feedback/strengthen_campaign/tmp/isaaclab/logs/isaaclab_2026-09-08_19-03-57.log[0m
[36m===================================================================================================================================================================[0m

[33m19:03:57 [simulation_context.py] WARNING: The `enable_external_forces_every_iteration` parameter in the PhysxCfg is set to False. If you are experiencing noisy velocities, consider enabling this flag. You may need to slightly increase the number of velocity iterations (setting it to 1 or 2 rather than 0), together with this flag, to improve the accuracy of velocity updates.[0m
[INFO]: Base environment:
	Environment device    : cuda:0
	Environment seed      : None
	Physics step-size     : 0.01
	Rendering step-size   : 0.01
	Environment step-size : 0.01
[INFO]: Time taken for scene creation : 13.300321 seconds
[INFO]: Scene manager:  <class InteractiveScene>
	Number of environments: 1
	Environment spacing   : 40.0
	Source prim name      : /World/envs/env_0
	Global prim paths     : []
	Replicate physics     : True
[INFO]: Starting the simulation. This may take a few seconds. Please wait...
[INFO]: Time taken for simulation start : 46.643894 seconds
[INFO] Command Manager:  <CommandManager> contains 1 active terms.
+---------------------------------------+
|          Active Command Terms         |
+-------+------+------------------------+
| Index | Name |          Type          |
+-------+------+------------------------+
|   0   | goal | FixedGateCourseCommand |
+-------+------+------------------------+

[INFO] Event Manager:  <EventManager> contains 2 active terms.
+------------------------------------+
| Active Event Terms in Mode: 'reset' |
+----------+-------------------------+
|  Index   | Name                    |
+----------+-------------------------+
|    0     | reset_base              |
|    1     | reset_obstacles         |
|    2     | randomize_light         |
+----------+-------------------------+
+-------------------------------------------------+
|      Active Event Terms in Mode: 'interval'     |
+-------+---------------+-------------------------+
| Index | Name          | Interval time range (s) |
+-------+---------------+-------------------------+
|   0   | move_people   |        (0.0, 0.0)       |
|   1   | move_forklift |        (0.0, 0.0)       |
+-------+---------------+-------------------------+

[INFO] Recorder Manager:  <RecorderManager> contains 0 active terms.
+---------------------+
| Active Recorder Terms |
+-----------+---------+
|   Index   | Name    |
+-----------+---------+
+-----------+---------+

[INFO] Action Manager:  <ActionManager> contains 1 active terms.
+-----------------------------------+
|   Active Action Terms (shape: 4)  |
+--------+------------+-------------+
| Index  | Name       |   Dimension |
+--------+------------+-------------+
|   0    | velocity   |           4 |
+--------+------------+-------------+

[INFO] Observation Manager: <ObservationManager> contains 1 groups.
+---------------------------------------------------------+
| Active Observation Terms in Group: 'policy' (shape: (33,)) |
+-----------+---------------------------------+-----------+
|   Index   | Name                            |   Shape   |
+-----------+---------------------------------+-----------+
|     0     | base_lin_vel                    |    (3,)   |
|     1     | base_ang_vel                    |    (3,)   |
|     2     | projected_gravity               |    (3,)   |
|     3     | base_height                     |    (1,)   |
|     4     | goal                            |    (4,)   |
|     5     | obstacles                       |   (15,)   |
|     6     | last_action                     |    (4,)   |
+-----------+---------------------------------+-----------+

[INFO] Termination Manager:  <TerminationManager> contains 3 active terms.
+---------------------------------+
|     Active Termination Terms    |
+-------+--------------+----------+
| Index | Name         | Time Out |
+-------+--------------+----------+
|   0   | time_out     |   True   |
|   1   | crash_ground |  False   |
|   2   | collision    |  False   |
+-------+--------------+----------+

[INFO] Reward Manager:  <RewardManager> contains 5 active terms.
+---------------------------------+
|       Active Reward Terms       |
+-------+----------------+--------+
| Index | Name           | Weight |
+-------+----------------+--------+
|   0   | navigation     |    1.0 |
|   1   | gate_pass      |   20.0 |
|   2   | course_done    |    5.0 |
|   3   | collision      | -100.0 |
|   4   | success_metric |    1.0 |
+-------+----------------+--------+

[INFO] Curriculum Manager:  <CurriculumManager> contains 1 active terms.
+---------------------------+
|  Active Curriculum Terms  |
+--------+------------------+
| Index  | Name             |
+--------+------------------+
|   0    | obstacle_count   |
+--------+------------------+

[INFO]: Completed setting up the environment...
[sched] latency=28.0 ms, control_dt=10.0 ms -> refresh every 3 step(s) (33 Hz effective command rate)
[percep] latency=0.0 ms -> delay 0 step(s) (act on perception 0.0 ms old)
[nav] FusedSensorNet out_dim=2 vision=cnn loaded: /scratch/agustin/projects/DIMA/XPU-RT/sims/models/warehouse/nav_fused_v12_cnn.pt
[ctrl] actor arch inferred from ckpt: [16, 256, 128, 64, 4]
[ctrl] RL/MLP controller loaded: /scratch/agustin/projects/DIMA/XPU-RT/sims/models/warehouse/rl_controller_velctrl_dr4.pt (moment_scale=0.0055)
[yolo] warehouse detector loaded: /scratch/agustin/projects/DIMA/XPU-RT/sims/models/warehouse/yolov8n_gate_person_128x192.pt
[demo] hid 132 roof prims for the overhead view
[demo] overhead K fx=849.3 cx=640.0  pos=[         -8        13.5          13]  quat=[          0       0.707       0.707          -0]
[demo] FIXED iso cam eye=[        -13        -0.5          13] -> center=[         -8        13.5           2] (offset (-5.0, -14.0, 11.0))
[gantt] embedded XPU-RT schedule: /scratch2/agustin/XPU-RT/schedules/scheduled_networks_k1_live_stack_cpsat_profiled.json (333 dispatches, makespan 90.0 ms)
2026-09-09T02:03:52Z [9,059ms] [Warning] [omni.fabric.plugin] Warning: attribute viewportHandle not found for bucket id 7

2026-09-09T02:03:57Z [13,912ms] [Warning] [isaaclab.envs.manager_based_env] Seed not set for the environment. The environment creation may not be deterministic.
2026-09-09T02:04:28Z [45,095ms] [Warning] [carb] Client omni.hydratexture.plugin has acquired [carb::settings::ISettings v1.0] 100 times. Consider accessing this interface with carb::getCachedInterface() (Performance warning)
2026-09-09T02:04:28Z [45,118ms] [Warning] [carb] Client omni.hydratexture.plugin has acquired [carb::dictionary::IDictionary v1.1] 100 times. Consider accessing this interface with carb::getCachedInterface() (Performance warning)
2026-09-09T02:04:52Z [69,236ms] [Warning] [rtx.postprocessing.plugin] DLSS increasing input dimensions: Render resolution of (186, 139) is below minimal input resolution of 300.
2026-09-09T02:04:52Z [69,255ms] [Warning] [rtx.postprocessing.plugin] DLSS Skipped: Target resolution below 64x64.
2026-09-09T02:05:07Z [84,143ms] [Warning] [carb] Client gpu.foundation.plugin has acquired [gpu::unstable::IMemoryBudgetManagerFactory v0.1] 100 times. Consider accessing this interface with carb::getCachedInterface() (Performance warning)
2026-09-09T02:05:38Z [114,648ms] [Error] [omni.syntheticdata.plugin] OgnSdOnNewFrame : frames [396|30, 396|30] discarded
[term] ep00 seed=1000 terms=collision -> crash/clip
[ep00] seed=1000 outcome=crash     gates=3/4 steps=705 crash_type=clip
[term] ep01 seed=1001 terms=collision -> crash/clip
[ep01] seed=1001 outcome=crash     gates=0/4 steps=199 crash_type=clip
[term] ep02 seed=1002 terms=collision -> crash/clip
[ep02] seed=1002 outcome=crash     gates=2/4 steps=555 crash_type=clip
[term] ep03 seed=1003 terms=collision -> crash/clip
[ep03] seed=1003 outcome=crash     gates=1/4 steps=219 crash_type=clip
2026-09-09T02:08:17Z [274,060ms] [Error] [omni.syntheticdata.plugin] OgnSdOnNewFrame : frames [2034|30, 2034|30] discarded
[ep04] seed=1004 outcome=success   gates=4/4 steps=890 crash_type=-
[term] ep05 seed=1005 terms=collision -> crash/clip
[ep05] seed=1005 outcome=crash     gates=1/4 steps=691 crash_type=clip
[term] ep06 seed=1006 terms=collision -> crash/clip
[ep06] seed=1006 outcome=crash     gates=2/4 steps=459 crash_type=clip
[ep07] seed=1007 outcome=success   gates=4/4 steps=877 crash_type=-
[term] ep08 seed=1008 terms=collision -> crash/clip
[ep08] seed=1008 outcome=crash     gates=3/4 steps=683 crash_type=clip
[term] ep09 seed=1009 terms=collision -> crash/clip
[ep09] seed=1009 outcome=crash     gates=2/4 steps=529 crash_type=clip
[term] ep10 seed=1010 terms=collision -> crash/clip
[ep10] seed=1010 outcome=crash     gates=1/4 steps=311 crash_type=clip
[term] ep11 seed=1011 terms=collision -> crash/clip
[ep11] seed=1011 outcome=crash     gates=1/4 steps=322 crash_type=clip
[SWEEP] ms=0.0055 cruise=1.8 walk=0.0 hold=0.0 SUCCESS 2/12 clip=10 ground=0  s1000:cras(3/4,705,clip) s1001:cras(0/4,199,clip) s1002:cras(2/4,555,clip) s1003:cras(1/4,219,clip) s1004:succ(4/4,890,-) s1005:cras(1/4,691,clip) s1006:cras(2/4,459,clip) s1007:succ(4/4,877,-) s1008:cras(3/4,683,clip) s1009:cras(2/4,529,clip) s1010:cras(1/4,311,clip) s1011:cras(1/4,322,clip)
[SWEEP-CSV] appended 12 rows -> /scratch/agustin/xpurt-dev-sync/results/codesign_feedback/hil_ablation_v2.csv
[out] wrote out/v12_crowded_sensor_demo.mp4
Loading user config located at: '/scratch2/agustin/miniforge3/envs/env_isaaclab/lib/python3.11/site-packages/isaacsim/kit/data/Kit/Isaac-Sim/5.1/user.config.json'
[Info] [carb] Logging to file: /scratch2/agustin/miniforge3/envs/env_isaaclab/lib/python3.11/site-packages/isaacsim/kit/logs/Kit/Isaac-Sim/5.1/kit_20260908_191447.log
2026-09-09T02:14:48Z [500ms] [Warning] [carb.windowing-glfw.plugin] GLFW initialization failed.
2026-09-09T02:14:48Z [500ms] [Warning] [carb] Failed to startup plugin carb.windowing-glfw.plugin (interfaces: [carb::windowing::IGLContext v1.0],[carb::windowing::IWindowing v1.5]) (impl: carb.windowing-glfw.plugin)
2026-09-09T02:14:48Z [528ms] [Warning] [omni.platforminfo.plugin] failed to open the default display.  Can't verify X Server version.

|---------------------------------------------------------------------------------------------|
| Driver Version: 560.35.05     | Graphics API: Vulkan
|=============================================================================================|
| GPU | Name                             | Active | LDA | GPU Memory | Vendor-ID | LUID       |
|     |                                  |        |     |            | Device-ID | UUID       |
|     |                                  |        |     |            | Bus-ID    |            |
|---------------------------------------------------------------------------------------------|
| 0   | NVIDIA TITAN RTX                 | Yes: 0 |     | 24822   MB | 10de      | 0          |
|     |                                  |        |     |            | 1e02      | 61ac89bf.. |
|     |                                  |        |     |            | 41        |            |
|=============================================================================================|
| OS: 24.04.4 LTS (Noble Numbat) ubuntu, Version: 24.04.4, Kernel: 6.8.0-139-generic
| Processor: AMD Ryzen Threadripper PRO 5965WX 24-Cores
| Cores: 24 | Logical Cores: 48
|---------------------------------------------------------------------------------------------|
| Total Memory (MB): 128634 | Free Memory: 80844
| Total Page/Swap (MB): 8191 | Free Page/Swap: 1
|---------------------------------------------------------------------------------------------|
2026-09-09T02:14:49Z [1,355ms] [Warning] [gpu.foundation.plugin] IOMMU is enabled.
2026-09-09T02:14:49Z [2,077ms] [Warning] [carb.windowing-glfw.plugin] GLFW initialization failed.
2026-09-09T02:14:49Z [2,077ms] [Warning] [carb] Failed to startup plugin carb.windowing-glfw.plugin (interfaces: [carb::windowing::IGLContext v1.0],[carb::windowing::IWindowing v1.5]) (impl: carb.windowing-glfw.plugin)
2026-09-09T02:14:49Z [2,095ms] [Warning] [carb.windowing-glfw.plugin] GLFW initialization failed.
2026-09-09T02:14:49Z [2,095ms] [Warning] [carb] Failed to startup plugin carb.windowing-glfw.plugin (interfaces: [carb::windowing::IGLContext v1.0],[carb::windowing::IWindowing v1.5]) (impl: carb.windowing-glfw.plugin)
2026-09-09T02:14:49Z [2,102ms] [Warning] [carb.windowing-glfw.plugin] GLFW initialization failed.
2026-09-09T02:14:49Z [2,102ms] [Warning] [carb] Failed to startup plugin carb.windowing-glfw.plugin (interfaces: [carb::windowing::IGLContext v1.0],[carb::windowing::IWindowing v1.5]) (impl: carb.windowing-glfw.plugin)
2026-09-09T02:14:49Z [2,114ms] [Warning] [carb.windowing-glfw.plugin] GLFW initialization failed.
2026-09-09T02:14:49Z [2,114ms] [Warning] [carb] Failed to startup plugin carb.windowing-glfw.plugin (interfaces: [carb::windowing::IGLContext v1.0],[carb::windowing::IWindowing v1.5]) (impl: carb.windowing-glfw.plugin)
2026-09-09T02:14:49Z [2,115ms] [Warning] [carb.windowing-glfw.plugin] GLFW initialization failed.
2026-09-09T02:14:49Z [2,115ms] [Warning] [carb] Failed to startup plugin carb.windowing-glfw.plugin (interfaces: [carb::windowing::IGLContext v1.0],[carb::windowing::IWindowing v1.5]) (impl: carb.windowing-glfw.plugin)
2026-09-09T02:14:49Z [2,116ms] [Warning] [carb.windowing-glfw.plugin] GLFW initialization failed.
2026-09-09T02:14:49Z [2,116ms] [Warning] [carb] Failed to startup plugin carb.windowing-glfw.plugin (interfaces: [carb::windowing::IGLContext v1.0],[carb::windowing::IWindowing v1.5]) (impl: carb.windowing-glfw.plugin)
2026-09-09T02:14:50Z [2,342ms] [Warning] [omni.log] Source: omni.hydra was already registered.
2026-09-09T02:14:50Z [2,782ms] [Warning] [carb] Acquiring non optional plugin interface which is not listed as dependency: [omni::physx::IPhysxBenchmarks v1.0] (plugin: <default plugin>), by client: omni.physics.physx.plugin. Add it to CARB_PLUGIN_IMPL_DEPS() macro of a client.
2026-09-09T02:14:50Z [2,795ms] [Warning] [omni.isaac.dynamic_control] omni.isaac.dynamic_control is deprecated as of Isaac Sim 4.5. No action is needed from end-users.
2026-09-09T02:14:54Z [6,653ms] [Warning] [pxr.Semantics] pxr.Semantics is deprecated - please use Semantics instead
2026-09-09T02:14:54Z [6,795ms] [Warning] [omni.graph.core.plugin] Found duplicate of category 'Replicator' - was 'Annotators', adding 'Fabric Reader'
2026-09-09T02:14:54Z [6,795ms] [Warning] [omni.graph.core.plugin] Category 'Replicator' not accepted on node type 'omni.replicator.core.FabricReader' in extension 'omni.replicator.core'
2026-09-09T02:14:54Z [6,796ms] [Warning] [omni.replicator.core.scripts.extension] No material configuration file, adding configuration to material settings directly.
[INFO][AppLauncher]: Using device: cuda:0
[INFO][AppLauncher]: Loading experience file: /scratch2/dima/IsaacLab/apps/isaaclab.python.headless.rendering.kit
[sim] dt=0.01 decimation=1 -> control_dt=10.0 ms (100 Hz)
[env] gym.make Isaac-Drone-Warehouse-Gates-Vision-Crazyflie-Play-WithSensors-Coll-v0

[36m===================================================================================================================================================================[0m
[36m[1m[INFO][IsaacLab]: Logging to file: /scratch/agustin/xpurt-dev-sync/results/codesign_feedback/strengthen_campaign/tmp/isaaclab/logs/isaaclab_2026-09-08_19-15-03.log[0m
[36m===================================================================================================================================================================[0m

[33m19:15:03 [simulation_context.py] WARNING: The `enable_external_forces_every_iteration` parameter in the PhysxCfg is set to False. If you are experiencing noisy velocities, consider enabling this flag. You may need to slightly increase the number of velocity iterations (setting it to 1 or 2 rather than 0), together with this flag, to improve the accuracy of velocity updates.[0m
[INFO]: Base environment:
	Environment device    : cuda:0
	Environment seed      : None
	Physics step-size     : 0.01
	Rendering step-size   : 0.01
	Environment step-size : 0.01
[INFO]: Time taken for scene creation : 13.150479 seconds
[INFO]: Scene manager:  <class InteractiveScene>
	Number of environments: 1
	Environment spacing   : 40.0
	Source prim name      : /World/envs/env_0
	Global prim paths     : []
	Replicate physics     : True
[INFO]: Starting the simulation. This may take a few seconds. Please wait...
[INFO]: Time taken for simulation start : 32.579712 seconds
[INFO] Command Manager:  <CommandManager> contains 1 active terms.
+---------------------------------------+
|          Active Command Terms         |
+-------+------+------------------------+
| Index | Name |          Type          |
+-------+------+------------------------+
|   0   | goal | FixedGateCourseCommand |
+-------+------+------------------------+

[INFO] Event Manager:  <EventManager> contains 2 active terms.
+------------------------------------+
| Active Event Terms in Mode: 'reset' |
+----------+-------------------------+
|  Index   | Name                    |
+----------+-------------------------+
|    0     | reset_base              |
|    1     | reset_obstacles         |
|    2     | randomize_light         |
+----------+-------------------------+
+-------------------------------------------------+
|      Active Event Terms in Mode: 'interval'     |
+-------+---------------+-------------------------+
| Index | Name          | Interval time range (s) |
+-------+---------------+-------------------------+
|   0   | move_people   |        (0.0, 0.0)       |
|   1   | move_forklift |        (0.0, 0.0)       |
+-------+---------------+-------------------------+

[INFO] Recorder Manager:  <RecorderManager> contains 0 active terms.
+---------------------+
| Active Recorder Terms |
+-----------+---------+
|   Index   | Name    |
+-----------+---------+
+-----------+---------+

[INFO] Action Manager:  <ActionManager> contains 1 active terms.
+-----------------------------------+
|   Active Action Terms (shape: 4)  |
+--------+------------+-------------+
| Index  | Name       |   Dimension |
+--------+------------+-------------+
|   0    | velocity   |           4 |
+--------+------------+-------------+

[INFO] Observation Manager: <ObservationManager> contains 1 groups.
+---------------------------------------------------------+
| Active Observation Terms in Group: 'policy' (shape: (33,)) |
+-----------+---------------------------------+-----------+
|   Index   | Name                            |   Shape   |
+-----------+---------------------------------+-----------+
|     0     | base_lin_vel                    |    (3,)   |
|     1     | base_ang_vel                    |    (3,)   |
|     2     | projected_gravity               |    (3,)   |
|     3     | base_height                     |    (1,)   |
|     4     | goal                            |    (4,)   |
|     5     | obstacles                       |   (15,)   |
|     6     | last_action                     |    (4,)   |
+-----------+---------------------------------+-----------+

[INFO] Termination Manager:  <TerminationManager> contains 3 active terms.
+---------------------------------+
|     Active Termination Terms    |
+-------+--------------+----------+
| Index | Name         | Time Out |
+-------+--------------+----------+
|   0   | time_out     |   True   |
|   1   | crash_ground |  False   |
|   2   | collision    |  False   |
+-------+--------------+----------+

[INFO] Reward Manager:  <RewardManager> contains 5 active terms.
+---------------------------------+
|       Active Reward Terms       |
+-------+----------------+--------+
| Index | Name           | Weight |
+-------+----------------+--------+
|   0   | navigation     |    1.0 |
|   1   | gate_pass      |   20.0 |
|   2   | course_done    |    5.0 |
|   3   | collision      | -100.0 |
|   4   | success_metric |    1.0 |
+-------+----------------+--------+

[INFO] Curriculum Manager:  <CurriculumManager> contains 1 active terms.
+---------------------------+
|  Active Curriculum Terms  |
+--------+------------------+
| Index  | Name             |
+--------+------------------+
|   0    | obstacle_count   |
+--------+------------------+

[INFO]: Completed setting up the environment...
[sched] latency=38.0 ms, control_dt=10.0 ms -> refresh every 4 step(s) (25 Hz effective command rate)
[percep] latency=0.0 ms -> delay 0 step(s) (act on perception 0.0 ms old)
[nav] FusedSensorNet out_dim=2 vision=cnn loaded: /scratch/agustin/projects/DIMA/XPU-RT/sims/models/warehouse/nav_fused_v12_cnn.pt
[ctrl] actor arch inferred from ckpt: [16, 256, 128, 64, 4]
[ctrl] RL/MLP controller loaded: /scratch/agustin/projects/DIMA/XPU-RT/sims/models/warehouse/rl_controller_velctrl_dr4.pt (moment_scale=0.0055)
[yolo] warehouse detector loaded: /scratch/agustin/projects/DIMA/XPU-RT/sims/models/warehouse/yolov8n_gate_person_128x192.pt
[demo] hid 132 roof prims for the overhead view
[demo] overhead K fx=849.3 cx=640.0  pos=[         -8        13.5          13]  quat=[          0       0.707       0.707          -0]
[demo] FIXED iso cam eye=[        -13        -0.5          13] -> center=[         -8        13.5           2] (offset (-5.0, -14.0, 11.0))
[gantt] embedded XPU-RT schedule: /scratch2/agustin/XPU-RT/schedules/scheduled_networks_k1_live_stack_cpsat_profiled.json (333 dispatches, makespan 90.0 ms)
[term] ep00 seed=1000 terms=collision -> crash/clip
[ep00] seed=1000 outcome=crash     gates=1/4 steps=291 crash_type=clip
[term] ep01 seed=1001 terms=collision -> crash/clip
[ep01] seed=1001 outcome=crash     gates=0/4 steps=253 crash_type=clip
[term] ep02 seed=1002 terms=collision -> crash/clip
[ep02] seed=1002 outcome=crash     gates=0/4 steps=597 crash_type=clip
[term] ep03 seed=1003 terms=collision -> crash/clip
[ep03] seed=1003 outcome=crash     gates=1/4 steps=554 crash_type=clip
[term] ep04 seed=1004 terms=collision -> crash/clip
[ep04] seed=1004 outcome=crash     gates=1/4 steps=559 crash_type=clip
[term] ep05 seed=1005 terms=collision -> crash/clip
[ep05] seed=1005 outcome=crash     gates=1/4 steps=215 crash_type=clip
[term] ep06 seed=1006 terms=collision -> crash/clip
[ep06] seed=1006 outcome=crash     gates=0/4 steps=602 crash_type=clip
[term] ep07 seed=1007 terms=collision -> crash/clip
[ep07] seed=1007 outcome=crash     gates=1/4 steps=576 crash_type=clip
[term] ep08 seed=1008 terms=collision -> crash/clip
[ep08] seed=1008 outcome=crash     gates=0/4 steps=299 crash_type=clip
[term] ep09 seed=1009 terms=collision -> crash/clip
[ep09] seed=1009 outcome=crash     gates=1/4 steps=182 crash_type=clip
[term] ep10 seed=1010 terms=collision -> crash/clip
[ep10] seed=1010 outcome=crash     gates=1/4 steps=336 crash_type=clip
[term] ep11 seed=1011 terms=collision -> crash/clip
[ep11] seed=1011 outcome=crash     gates=1/4 steps=437 crash_type=clip
[SWEEP] ms=0.0055 cruise=1.8 walk=0.0 hold=0.0 SUCCESS 0/12 clip=12 ground=0  s1000:cras(1/4,291,clip) s1001:cras(0/4,253,clip) s1002:cras(0/4,597,clip) s1003:cras(1/4,554,clip) s1004:cras(1/4,559,clip) s1005:cras(1/4,215,clip) s1006:cras(0/4,602,clip) s1007:cras(1/4,576,clip) s1008:cras(0/4,299,clip) s1009:cras(1/4,182,clip) s1010:cras(1/4,336,clip) s1011:cras(1/4,437,clip)
[SWEEP-CSV] appended 12 rows -> /scratch/agustin/xpurt-dev-sync/results/codesign_feedback/hil_ablation_v2.csv
[out] wrote out/v12_crowded_sensor_demo.mp4
